Date,HomeTeam,AwayTeam,FTHG,FTAG,FTR,HS,AS,HST,AST,HC,AC,AvgH,AvgD,AvgA,HomeFormPoints,AwayFormPoints,HomeTeamHomeFormPoints,AwayTeamAwayFormPoints,HomeAvgGoalsScored,AwayAvgGoalsScored,HomeAvgGoalsConceded,AwayAvgGoalsConceded,HomeAvgShots,AwayAvgShots,HomeAvgShotsOnTarget,AwayAvgShotsOnTarget,HomeAvgCorners,AwayAvgCorners
2018-08-10,Man United,Leicester,2,1,H,8,13,6,4,2,5,,,,0,0,0,0,0.0,0.0,0.0,0.0,0.0,0.0,0.0,0.0,0.0,0.0
2018-08-11,Bournemouth,Cardiff,2,0,H,12,10,4,1,7,4,,,,0,0,0,0,0.0,0.0,0.0,0.0,0.0,0.0,0.0,0.0,0.0,0.0
2018-08-11,Fulham,Crystal Palace,0,2,A,15,10,6,9,5,5,,,,0,0,0,0,0.0,0.0,0.0,0.0,0.0,0.0,0.0,0.0,0.0,0.0
2018-08-11,Huddersfield,Chelsea,0,3,A,6,13,1,4,2,5,,,,0,0,0,0,0.0,0.0,0.0,0.0,0.0,0.0,0.0,0.0,0.0,0.0
2018-08-11,Newcastle,Tottenham,1,2,A,15,15,2,5,3,5,,,,0,0,0,0,0.0,0.0,0.0,0.0,0.0,0.0,0.0,0.0,0.0,0.0
2018-08-11,Watford,Brighton,2,0,H,19,6,5,0,8,2,,,,0,0,0,0,0.0,0.0,0.0,0.0,0.0,0.0,0.0,0.0,0.0,0.0
2018-08-11,Wolves,Everton,2,2,D,11,6,4,5,3,6,,,,0,0,0,0,0.0,0.0,0.0,0.0,0.0,0.0,0.0,0.0,0.0,0.0
2018-08-12,Arsenal,Man City,0,2,A,9,17,3,8,2,9,,,,0,0,0,0,0.0,0.0,0.0,0.0,0.0,0.0,0.0,0.0,0.0,0.0
2018-08-12,Liverpool,West Ham,4,0,H,18,5,8,2,5,4,,,,0,0,0,0,0.0,0.0,0.0,0.0,0.0,0.0,0.0,0.0,0.0,0.0
2018-08-12,Southampton,Burnley,0,0,D,18,16,3,6,8,5,,,,0,0,0,0,0.0,0.0,0.0,0.0,0.0,0.0,0.0,0.0,0.0,0.0
2018-08-18,Cardiff,Newcastle,0,0,D,12,12,1,6,5,5,,,,0,0,0,0,0.0,1.0,2.0,2.0,10.0,15.0,1.0,2.0,4.0,3.0
2018-08-18,Chelsea,Arsenal,3,2,H,24,15,11,6,5,1,,,,3,0,0,0,3.0,0.0,0.0,2.0,13.0,9.0,4.0,3.0,5.0,2.0
2018-08-18,Everton,Southampton,2,1,H,13,15,7,4,2,5,,,,1,1,0,0,2.0,0.0,2.0,0.0,6.0,18.0,5.0,3.0,6.0,8.0
2018-08-18,Leicester,Wolves,2,0,H,6,11,2,3,1,9,,,,0,1,0,0,1.0,2.0,2.0,2.0,13.0,11.0,4.0,4.0,5.0,3.0
2018-08-18,Tottenham,Fulham,3,1,H,25,10,11,3,5,2,,,,3,0,0,0,2.0,0.0,1.0,2.0,15.0,15.0,5.0,6.0,5.0,5.0
2018-08-18,West Ham,Bournemouth,1,2,A,11,12,5,5,6,4,,,,0,3,0,0,0.0,2.0,4.0,0.0,5.0,12.0,2.0,4.0,4.0,7.0
2018-08-19,Brighton,Man United,3,2,H,6,9,3,3,3,5,,,,0,3,0,0,0.0,2.0,2.0,1.0,6.0,8.0,0.0,6.0,2.0,2.0
2018-08-19,Burnley,Watford,1,3,A,8,9,3,6,5,2,,,,1,3,0,0,0.0,2.0,0.0,0.0,16.0,19.0,6.0,5.0,5.0,8.0
2018-08-19,Man City,Huddersfield,6,1,H,32,5,14,1,10,3,,,,3,0,0,0,2.0,0.0,0.0,3.0,17.0,6.0,8.0,1.0,9.0,2.0
2018-08-20,Crystal Palace,Liverpool,0,2,A,8,16,2,6,6,7,,,,3,3,0,0,2.0,4.0,0.0,0.0,10.0,18.0,9.0,8.0,5.0,5.0
2018-08-25,Arsenal,West Ham,3,1,H,17,13,10,5,10,2,,,,0,0,0,0,1.0,0.5,2.5,3.0,12.0,8.0,4.5,3.5,1.5,5.0
2018-08-25,Bournemouth,Everton,2,2,D,17,11,5,3,6,2,,,,6,4,3,1,2.0,2.0,0.5,1.5,12.0,9.5,4.5,6.0,5.5,4.0
2018-08-25,Huddersfield,Cardiff,0,0,D,5,14,1,4,7,7,,,,0,1,0,0,0.5,0.0,4.5,1.0,5.5,11.0,1.0,1.0,2.5,4.5
2018-08-25,Liverpool,Brighton,1,0,H,22,6,8,2,8,5,,,,6,3,3,0,3.0,1.5,0.0,2.0,17.0,6.0,7.0,1.5,6.0,2.5
2018-08-25,Southampton,Leicester,1,2,A,11,8,5,5,10,3,,,,1,3,1,0,0.5,1.5,1.0,1.0,16.5,9.5,3.5,3.0,6.5,3.0
2018-08-25,Wolves,Man City,1,1,D,11,18,2,6,5,9,,,,1,6,1,3,1.0,4.0,2.0,0.5,11.0,24.5,3.5,11.0,6.0,9.5
2018-08-26,Fulham,Burnley,4,2,H,25,12,12,2,6,4,,,,0,1,0,1,0.5,0.5,2.5,1.5,12.5,12.0,4.5,4.5,3.5,5.0
2018-08-26,Newcastle,Chelsea,1,2,A,6,15,2,3,4,5,,,,1,6,0,3,0.5,3.0,1.0,1.0,13.5,18.5,4.0,7.5,4.0,5.0
2018-08-26,Watford,Crystal Palace,2,1,H,13,9,5,3,6,3,,,,6,3,3,3,2.5,1.0,0.5,1.0,14.0,9.0,5.5,5.5,5.0,5.5
2018-08-27,Man United,Tottenham,0,3,A,23,9,5,5,5,2,,,,3,6,3,3,2.0,2.5,2.0,1.0,8.5,20.0,4.5,8.0,3.5,5.0
2018-09-01,Brighton,Fulham,2,2,D,15,10,5,5,7,1,,,,3,3,3,0,1.0,1.6666666666666667,1.6666666666666667,2.3333333333333335,6.0,16.666666666666668,1.6666666666666667,7.0,3.3333333333333335,4.333333333333333
2018-09-01,Chelsea,Bournemouth,2,0,H,24,8,6,1,7,6,,,,9,7,3,3,2.6666666666666665,2.0,1.0,1.0,17.333333333333332,13.666666666666666,6.0,4.666666666666667,5.0,5.666666666666667
2018-09-01,Crystal Palace,Southampton,0,2,A,20,19,6,6,7,4,,,,3,1,0,0,1.0,0.6666666666666666,1.3333333333333333,1.3333333333333333,9.0,14.666666666666666,4.666666666666667,4.0,4.666666666666667,7.666666666666667
2018-09-01,Everton,Huddersfield,1,1,D,11,9,1,6,4,3,,,,5,1,3,0,2.0,0.3333333333333333,1.6666666666666667,3.0,10.0,5.333333333333333,5.0,1.0,3.3333333333333335,4.0
2018-09-01,Leicester,Liverpool,1,2,A,12,10,5,4,4,4,,,,6,9,3,3,1.6666666666666667,2.3333333333333335,1.0,0.0,9.0,18.666666666666668,3.6666666666666665,7.333333333333333,3.0,6.666666666666667
2018-09-01,Man City,Newcastle,2,1,H,24,3,8,2,4,0,,,,7,1,3,1,3.0,0.6666666666666666,0.6666666666666666,1.3333333333333333,22.333333333333332,11.0,9.333333333333334,3.3333333333333335,9.333333333333334,4.0
2018-09-01,West Ham,Wolves,0,1,A,13,15,3,6,4,4,,,,0,2,0,0,0.6666666666666666,1.0,3.0,1.6666666666666667,9.666666666666666,11.0,4.0,3.0,4.0,5.666666666666667
2018-09-02,Burnley,Man United,0,2,A,9,21,2,9,2,5,,,,1,3,0,0,1.0,1.3333333333333333,2.3333333333333335,2.3333333333333335,12.0,13.333333333333334,3.6666666666666665,4.666666666666667,4.666666666666667,4.0
2018-09-02,Cardiff,Arsenal,2,3,A,14,17,3,11,3,9,,,,2,3,1,0,0.0,1.6666666666666667,0.6666666666666666,2.0,12.0,13.666666666666666,2.0,6.333333333333333,5.333333333333333,4.333333333333333
2018-09-02,Watford,Tottenham,2,1,H,7,11,3,2,3,10,,,,9,9,6,6,2.3333333333333335,2.6666666666666665,0.6666666666666666,0.6666666666666666,13.666666666666666,16.333333333333332,5.333333333333333,7.0,5.333333333333333,4.0
2018-09-15,Bournemouth,Leicester,4,2,H,10,14,5,8,4,6,,,,7,6,4,3,1.5,1.5,1.25,1.25,12.25,9.75,3.75,4.0,5.75,3.25
2018-09-15,Chelsea,Cardiff,4,1,H,18,6,7,2,5,4,,,,12,2,6,1,2.5,0.5,0.75,1.25,19.0,12.5,6.0,2.25,5.5,4.75
2018-09-15,Huddersfield,Crystal Palace,0,1,A,15,7,2,2,5,3,,,,2,3,1,3,0.5,0.75,2.5,1.5,6.25,11.75,2.25,5.0,3.75,5.25
2018-09-15,Man City,Fulham,3,0,H,28,9,9,3,10,4,,,,10,4,6,1,2.75,1.75,0.75,2.25,22.75,15.0,9.0,6.5,8.0,3.5
2018-09-15,Newcastle,Arsenal,1,2,A,4,12,2,2,10,4,,,,1,6,0,3,0.75,2.0,1.5,2.0,9.0,14.5,3.0,7.5,3.0,5.5
2018-09-15,Tottenham,Liverpool,1,2,A,11,17,3,10,5,4,,,,9,12,3,6,2.25,2.25,1.0,0.25,15.0,16.5,5.75,6.5,5.5,6.0
2018-09-15,Watford,Man United,1,2,A,14,9,5,6,6,8,,,,12,6,9,3,2.25,1.5,0.75,1.75,12.0,15.25,4.75,5.75,4.75,4.25
2018-09-16,Everton,West Ham,1,3,A,16,9,4,4,4,2,,,,6,0,4,0,1.75,0.5,1.5,2.5,10.25,10.5,4.0,3.75,3.5,4.0
2018-09-16,Wolves,Burnley,1,0,H,30,7,7,2,8,2,,,,5,1,2,1,1.0,0.75,1.25,2.25,12.0,11.25,3.75,3.25,5.25,4.0
2018-09-17,Southampton,Brighton,2,2,D,14,12,5,4,1,4,,,,4,4,1,0,1.0,1.25,1.0,1.75,15.75,8.25,4.5,2.5,6.75,4.25
2018-09-22,Brighton,Tottenham,1,2,A,8,16,4,7,5,7,,,,5,9,4,6,1.4,2.0,1.8,1.2,9.0,14.2,2.8,5.2,4.2,5.4
2018-09-22,Burnley,Bournemouth,4,0,H,12,19,5,5,3,8,,,,1,10,0,3,0.6,2.0,2.0,1.4,10.4,11.8,3.0,4.0,3.6,5.4
2018-09-22,Cardiff,Man City,0,5,A,2,21,2,10,1,9,,,,2,13,1,4,0.6,2.8,1.8,0.6,11.2,23.8,2.2,9.0,4.6,8.4
2018-09-22,Crystal Palace,Newcastle,0,0,D,16,6,4,3,9,5,,,,6,1,0,1,0.8,0.8,1.2,1.6,10.8,8.0,4.4,2.8,4.8,4.4
2018-09-22,Fulham,Watford,1,1,D,15,11,3,6,8,8,,,,4,12,3,3,1.4,2.0,2.4,1.0,13.8,12.4,5.8,4.8,3.6,5.0
2018-09-22,Leicester,Huddersfield,3,1,H,18,9,8,2,3,1,,,,6,2,3,1,1.6,0.4,1.8,2.2,10.6,8.0,4.8,2.2,3.8,4.0
2018-09-22,Liverpool,Southampton,3,0,H,12,7,4,1,5,4,,,,15,5,6,3,2.2,1.2,0.4,1.2,16.6,15.4,7.2,4.6,5.6,5.6
2018-09-22,Man United,Wolves,1,1,D,15,11,6,8,5,4,,,,9,8,3,3,1.6,1.0,1.6,1.0,14.0,15.6,5.8,4.4,5.0,5.8
2018-09-23,Arsenal,Everton,2,0,H,9,9,5,6,5,9,,,,9,6,3,2,2.0,1.6,1.8,1.8,14.0,11.4,6.4,4.0,5.2,3.6
2018-09-23,West Ham,Chelsea,0,0,D,6,17,1,6,1,8,,,,3,15,0,6,1.0,2.8,2.2,0.8,10.2,18.8,3.8,6.2,3.6,5.4
2018-09-29,Arsenal,Watford,2,0,H,9,13,2,4,6,6,,,,12,10,6,4,2.4,1.8,1.4,1.2,14.0,10.8,6.8,5.0,5.8,5.0
2018-09-29,Chelsea,Liverpool,1,1,D,10,13,4,6,4,4,,,,13,15,9,9,2.2,2.0,0.8,0.4,19.6,15.4,6.6,6.4,6.0,5.6
2018-09-29,Everton,Fulham,3,0,H,19,6,6,0,12,1,,,,5,5,4,1,1.2,1.6,1.8,2.2,12.0,13.8,4.2,5.2,4.2,4.2
2018-09-29,Huddersfield,Tottenham,0,2,A,9,10,5,6,3,0,,,,2,9,1,9,0.6,2.0,2.2,1.2,8.6,14.4,2.4,5.6,3.8,5.8
2018-09-29,Man City,Brighton,2,0,H,28,4,8,1,10,3,,,,13,5,9,1,3.4,1.6,0.6,1.8,24.6,9.4,9.4,3.6,8.4,4.8
2018-09-29,Newcastle,Leicester,0,2,A,6,12,1,5,5,9,,,,2,9,0,3,0.6,2.0,1.2,1.6,6.2,11.6,3.0,5.6,4.8,3.4
2018-09-29,West Ham,Man United,3,1,H,8,9,3,4,4,9,,,,4,7,1,6,1.0,1.4,1.4,1.6,10.4,15.4,3.6,5.8,3.0,5.6
2018-09-29,Wolves,Southampton,2,0,H,14,17,6,6,8,6,,,,8,4,5,3,0.8,1.2,0.8,1.8,15.6,13.2,5.2,4.2,6.0,4.8
2018-09-30,Cardiff,Burnley,1,2,A,19,3,5,2,10,2,,,,2,3,1,1,0.6,1.4,2.4,2.0,9.6,9.6,2.4,2.8,4.0,3.2
2018-10-01,Bournemouth,Crystal Palace,2,1,H,11,10,5,2,3,3,,,,7,4,7,6,1.6,0.4,2.2,1.2,13.2,12.0,4.2,3.4,5.6,5.6
2018-10-05,Brighton,West Ham,1,0,H,9,17,4,4,2,9,,,,2,7,4,3,1.0,1.4,1.8,1.2,9.0,9.8,3.2,3.2,4.8,2.6
2018-10-06,Burnley,Huddersfield,1,1,D,6,19,3,2,1,10,,,,6,2,3,1,1.6,0.4,1.6,1.4,8.6,9.4,2.6,3.2,2.6,3.8
2018-10-06,Crystal Palace,Wolves,0,1,A,11,7,4,2,6,3,,,,4,11,1,4,0.6,1.2,1.2,0.4,12.4,16.2,3.4,5.8,5.0,5.8
2018-10-06,Leicester,Everton,1,2,A,8,17,2,8,2,10,,,,9,5,6,2,2.0,1.4,1.6,1.6,12.8,13.2,6.2,4.0,5.0,6.2
2018-10-06,Man United,Newcastle,3,2,H,18,13,10,8,10,6,,,,7,1,4,2,1.2,0.6,1.6,1.6,15.4,5.0,6.0,2.0,6.4,4.8
2018-10-06,Tottenham,Cardiff,1,0,H,19,8,7,6,6,2,,,,9,1,3,1,1.8,0.8,1.0,2.8,11.4,11.0,4.6,3.2,4.8,5.0
2018-10-06,Watford,Bournemouth,0,4,A,14,10,2,7,10,7,,,,7,7,9,3,1.2,1.6,1.4,2.2,11.6,13.0,4.6,4.2,5.8,5.4
2018-10-07,Fulham,Arsenal,1,5,A,21,9,4,7,4,2,,,,5,15,4,6,1.4,2.4,2.2,0.8,13.0,12.8,4.6,6.0,4.0,6.8
2018-10-07,Liverpool,Man City,0,0,D,7,6,2,2,2,6,,,,13,13,9,7,1.8,2.6,0.6,0.4,14.8,23.8,6.4,8.2,5.0,8.4
2018-10-07,Southampton,Chelsea,0,3,A,15,21,6,6,4,12,,,,4,11,2,7,1.0,1.8,1.8,0.6,13.6,16.8,4.6,5.2,5.0,5.8
2018-10-20,Bournemouth,Southampton,0,0,D,10,8,2,4,6,4,,,,9,4,10,3,2.0,0.8,1.8,2.0,11.6,14.4,4.6,4.8,5.6,3.8
2018-10-20,Cardiff,Fulham,4,2,H,22,9,5,4,4,4,,,,0,2,1,1,0.8,0.8,3.0,2.8,9.8,12.2,3.6,3.0,4.0,3.6
2018-10-20,Chelsea,Man United,2,2,D,21,7,6,4,5,3,,,,11,10,10,6,2.0,1.8,0.4,1.4,18.0,14.4,5.8,7.0,7.2,7.4
2018-10-20,Huddersfield,Liverpool,0,1,A,13,11,1,2,2,4,,,,2,11,1,10,0.6,1.6,1.6,0.6,12.2,11.8,3.4,5.2,4.4,3.8
2018-10-20,Man City,Burnley,5,0,H,24,5,10,0,10,1,,,,13,7,12,4,2.4,1.4,0.2,1.0,21.4,7.4,7.4,2.8,7.8,2.0
2018-10-20,Newcastle,Brighton,0,1,A,27,8,6,2,10,2,,,,1,5,0,1,0.8,1.2,1.8,1.6,6.4,9.6,3.2,3.6,5.2,4.2
2018-10-20,West Ham,Tottenham,0,1,A,13,10,4,2,10,6,,,,7,9,4,12,1.2,1.4,0.8,1.0,10.6,13.4,3.0,5.0,4.0,5.6
2018-10-20,Wolves,Watford,0,2,A,10,9,1,3,8,2,,,,13,4,8,4,1.2,0.8,0.2,2.0,15.4,11.8,5.8,4.0,5.4,6.6
2018-10-21,Everton,Crystal Palace,2,0,H,20,7,4,3,10,5,,,,7,4,7,6,1.4,0.4,1.4,1.0,14.4,12.8,5.0,3.6,7.8,5.6
2018-10-22,Arsenal,Leicester,3,1,H,19,8,6,2,6,4,,,,15,6,9,6,2.8,1.8,0.8,1.8,11.2,12.8,5.4,5.6,5.2,4.8
2018-10-27,Brighton,Wolves,1,0,H,2,25,1,7,1,10,,,,7,10,7,7,1.0,1.0,1.2,0.6,8.2,14.4,3.0,4.8,3.2,6.2
2018-10-27,Fulham,Bournemouth,0,3,A,11,12,1,5,5,5,,,,1,10,4,6,0.8,2.0,3.2,1.4,12.0,12.0,2.8,4.8,4.2,5.6
2018-10-27,Leicester,West Ham,1,1,D,21,11,7,3,8,0,,,,6,7,6,3,1.8,1.2,2.0,0.8,12.0,10.6,5.0,3.2,4.8,5.2
2018-10-27,Liverpool,Cardiff,4,1,H,19,2,7,1,8,0,,,,11,3,10,1,1.4,1.2,0.4,2.8,12.0,11.4,4.8,4.0,3.8,4.2
2018-10-27,Southampton,Newcastle,0,0,D,22,6,4,0,7,2,,,,2,1,2,2,0.4,0.6,2.0,1.6,12.2,11.2,4.4,4.0,3.8,7.2
2018-10-27,Watford,Huddersfield,3,0,H,12,13,6,7,3,3,,,,4,1,9,2,0.8,0.4,1.8,1.6,12.2,13.0,4.0,2.4,6.4,4.2
2018-10-28,Burnley,Chelsea,0,4,A,7,24,1,8,4,4,,,,7,9,4,10,1.4,2.0,1.6,0.8,6.6,17.4,2.4,5.8,1.8,6.8
2018-10-28,Crystal Palace,Arsenal,2,2,D,16,7,3,2,6,4,,,,4,15,1,9,0.4,2.8,1.0,0.6,10.2,11.6,3.0,4.4,5.2,4.6
2018-10-28,Man United,Everton,2,1,H,14,14,10,6,8,4,,,,8,9,7,5,1.8,1.6,1.8,1.2,11.6,16.2,6.0,5.6,7.0,9.0
2018-10-29,Tottenham,Man City,0,1,A,4,13,1,6,3,6,,,,12,13,6,8,1.4,3.0,0.6,0.0,13.2,21.4,5.0,7.8,4.8,9.0
2018-11-03,Arsenal,Liverpool,1,1,D,12,13,4,4,5,8,,,,13,11,12,13,2.8,1.8,0.8,0.4,10.6,12.4,4.4,4.2,4.6,4.6
2018-11-03,Bournemouth,Man United,1,2,A,18,18,7,8,9,5,,,,10,8,11,7,1.8,1.8,1.0,1.8,12.4,12.6,4.8,6.8,5.8,7.0
2018-11-03,Cardiff,Leicester,0,1,A,11,13,2,5,6,12,,,,3,7,4,6,1.2,1.6,2.8,1.4,10.6,13.4,3.8,4.8,3.4,5.2
2018-11-03,Everton,Brighton,3,1,H,14,5,3,3,6,4,,,,9,9,10,4,1.6,0.8,1.0,0.8,15.8,6.2,6.0,2.4,9.0,2.6
2018-11-03,Newcastle,Watford,1,0,H,10,16,2,1,8,9,,,,2,7,0,7,0.4,1.2,1.2,1.4,11.6,11.8,3.6,4.2,5.6,5.8
2018-11-03,West Ham,Burnley,4,2,H,22,6,10,3,10,4,,,,5,7,4,4,0.8,1.4,0.8,2.2,11.0,6.6,3.0,2.2,4.8,2.2
2018-11-03,Wolves,Tottenham,2,3,A,16,10,7,8,5,1,,,,7,12,8,12,0.8,1.2,0.8,0.4,13.4,11.8,4.8,4.6,6.6,4.4
2018-11-04,Chelsea,Crystal Palace,3,1,H,15,7,6,2,4,2,,,,9,2,11,6,2.0,0.6,0.6,1.4,18.6,12.0,6.0,3.2,6.6,5.8
2018-11-04,Man City,Southampton,6,1,H,18,12,8,6,4,4,,,,13,2,15,4,2.6,0.0,0.0,1.6,18.4,13.8,7.2,4.2,8.2,5.0
2018-11-05,Huddersfield,Fulham,1,0,H,10,7,2,1,5,4,,,,1,1,1,1,0.4,0.8,2.0,3.2,12.6,12.4,3.4,2.4,3.8,4.4
2018-11-10,Cardiff,Brighton,2,1,H,20,7,6,3,4,1,,,,3,9,3,4,1.2,0.8,2.0,1.0,12.4,5.6,3.8,2.2,4.4,2.4
2018-11-10,Crystal Palace,Tottenham,0,1,A,11,11,4,2,10,6,,,,1,12,2,12,0.8,1.4,2.0,0.6,10.2,10.6,2.8,4.8,4.4,3.2
2018-11-10,Huddersfield,West Ham,1,1,D,15,12,7,5,5,6,,,,4,7,4,4,0.4,1.6,1.4,1.2,12.8,14.2,3.4,4.8,4.6,6.6
2018-11-10,Leicester,Burnley,0,0,D,22,6,5,1,12,1,,,,7,4,7,3,1.2,1.0,1.2,3.0,12.4,5.4,4.2,1.8,7.0,2.4
2018-11-10,Newcastle,Bournemouth,2,1,H,18,14,6,4,7,10,,,,4,10,3,9,0.6,2.0,1.2,0.6,12.4,12.2,3.4,5.2,6.2,6.0
2018-11-10,Southampton,Watford,1,1,D,14,12,4,6,7,6,,,,2,6,3,7,0.2,1.0,2.2,1.4,14.8,12.8,5.2,3.2,5.0,6.0
2018-11-11,Arsenal,Wolves,1,1,D,10,12,3,5,11,2,,,,11,6,13,7,2.6,1.0,1.0,1.2,11.2,14.4,4.2,4.6,4.6,6.8
2018-11-11,Chelsea,Everton,0,0,D,15,6,4,1,5,5,,,,11,12,11,5,2.6,2.2,0.8,0.8,18.2,16.8,6.0,5.4,5.8,8.4
2018-11-11,Liverpool,Fulham,2,0,H,20,8,7,3,6,3,,,,9,0,13,1,1.4,0.6,0.6,3.2,12.6,10.8,4.2,2.0,5.2,3.6
2018-11-11,Man City,Man United,3,1,H,17,6,5,1,5,1,,,,13,10,15,10,2.8,2.0,0.2,1.8,17.8,13.2,6.8,7.2,7.2,7.0
2018-11-24,Brighton,Leicester,1,1,D,14,8,3,3,6,1,,,,9,5,10,9,1.0,0.8,1.0,1.2,6.2,14.4,2.6,4.2,2.0,7.6
2018-11-24,Everton,Cardiff,1,0,H,16,7,8,1,7,3,,,,10,6,10,1,1.6,1.4,0.8,1.8,14.2,12.6,4.4,4.0,7.0,3.2
2018-11-24,Fulham,Southampton,3,2,H,10,19,5,8,2,5,,,,0,3,4,4,0.6,0.4,3.0,2.0,11.2,14.2,2.6,4.8,4.0,5.2
2018-11-24,Man United,Crystal Palace,0,0,D,12,13,5,2,10,3,,,,10,1,10,3,2.0,0.6,1.8,1.8,12.6,10.4,6.6,3.2,5.4,5.8
2018-11-24,Tottenham,Chelsea,3,1,H,18,13,9,2,4,4,,,,12,11,6,13,1.2,2.4,0.6,0.6,10.8,19.2,4.0,6.0,4.4,6.0
2018-11-24,Watford,Liverpool,0,3,A,5,10,1,7,5,5,,,,7,11,9,11,1.2,1.6,1.2,0.4,12.6,14.0,3.6,4.4,6.0,5.6
2018-11-24,West Ham,Man City,0,4,A,9,9,1,6,8,1,,,,5,13,7,11,1.2,3.0,1.2,0.4,15.0,15.6,5.2,6.2,7.0,6.2
2018-11-25,Bournemouth,Arsenal,1,2,A,11,20,5,4,5,8,,,,7,9,8,10,1.8,2.4,0.8,1.2,12.8,11.4,5.0,4.4,7.4,5.6
2018-11-25,Wolves,Huddersfield,0,2,A,12,14,3,6,3,5,,,,4,5,7,2,0.8,0.6,1.4,1.2,14.0,14.0,4.4,3.8,5.6,5.0
2018-11-26,Burnley,Newcastle,1,2,A,14,17,4,3,5,5,,,,2,7,4,3,0.6,1.0,2.8,1.0,6.0,14.8,1.6,4.4,2.2,6.6
2018-11-30,Cardiff,Wolves,2,1,H,17,15,3,4,7,6,,,,6,1,6,8,1.4,0.6,1.8,1.8,12.4,15.0,3.0,4.6,3.4,5.6
2018-12-01,Crystal Palace,Burnley,2,0,H,29,4,9,0,10,2,,,,2,1,2,4,0.6,0.6,1.6,3.0,10.8,7.6,2.8,1.8,5.2,3.0
2018-12-01,Huddersfield,Brighton,1,2,A,7,14,2,6,2,6,,,,7,7,4,4,0.8,1.0,1.0,1.2,13.0,7.2,4.6,2.4,4.0,2.8
2018-12-01,Leicester,Watford,2,0,H,7,8,3,0,4,8,,,,6,7,5,5,0.8,1.2,1.0,1.0,14.4,10.8,4.4,3.4,7.4,5.0
2018-12-01,Man City,Bournemouth,3,1,H,16,4,6,1,8,4,,,,15,4,15,6,3.8,1.2,0.4,1.2,16.2,13.0,7.0,4.6,5.2,7.0
2018-12-01,Newcastle,West Ham,0,3,A,16,7,4,4,7,3,,,,10,5,6,5,1.0,1.2,0.6,1.8,15.6,13.4,3.4,4.6,6.4,6.8
2018-12-01,Southampton,Man United,2,2,D,16,11,6,5,3,5,,,,3,8,3,7,0.8,1.4,2.0,1.4,15.0,11.4,5.2,5.6,5.4,5.4
2018-12-02,Arsenal,Tottenham,4,2,H,22,11,7,6,8,5,,,,9,12,11,15,1.8,1.6,1.2,0.8,13.6,10.6,3.8,4.4,6.8,4.0
2018-12-02,Chelsea,Fulham,2,0,H,16,9,9,4,4,6,,,,8,3,9,0,2.0,1.0,1.2,2.4,17.6,9.0,5.2,2.8,4.4,3.6
2018-12-02,Liverpool,Everton,1,0,H,16,9,3,3,8,1,,,,13,10,13,5,2.2,1.4,0.4,0.6,14.6,14.0,5.4,4.4,6.2,6.4
2018-12-04,Bournemouth,Huddersfield,2,1,H,6,23,2,6,4,8,,,,3,7,7,5,1.4,1.0,1.8,1.2,11.8,11.8,4.4,4.8,6.6,4.0
2018-12-04,Brighton,Crystal Palace,3,1,H,9,18,3,5,4,5,,,,7,5,8,4,1.2,1.0,1.4,1.2,8.4,15.2,3.2,4.0,3.6,6.2
2018-12-04,Watford,Man City,1,2,A,11,15,7,7,3,11,,,,4,15,6,11,0.8,3.4,1.4,0.6,10.6,14.6,2.8,6.2,6.2,4.8
2018-12-04,West Ham,Cardiff,3,1,H,17,9,11,5,10,4,,,,8,6,7,1,1.8,1.0,1.6,1.6,12.2,11.4,4.6,2.6,5.4,4.0
2018-12-05,Burnley,Liverpool,1,3,A,10,18,6,12,5,9,,,,1,13,4,11,0.6,2.2,2.4,0.4,7.4,15.6,1.8,5.6,3.2,7.0
2018-12-05,Everton,Newcastle,1,1,D,19,8,3,5,14,2,,,,7,10,12,5,1.0,1.0,0.8,1.0,11.8,13.4,4.2,3.0,4.6,5.8
2018-12-05,Fulham,Leicester,1,1,D,25,13,7,5,10,8,,,,3,9,7,7,0.6,1.0,2.0,0.4,9.0,14.2,2.8,4.6,4.0,7.4
2018-12-05,Man United,Arsenal,2,2,D,10,9,7,4,4,4,,,,8,9,8,13,1.4,2.0,1.4,1.4,12.2,14.2,5.8,4.0,5.8,7.2
2018-12-05,Tottenham,Southampton,3,1,H,13,18,8,5,8,6,,,,9,3,9,1,1.8,1.2,1.6,2.4,10.8,16.6,5.2,5.6,3.8,5.2
2018-12-05,Wolves,Chelsea,2,1,H,6,17,2,3,1,5,,,,1,10,6,10,0.8,2.0,1.8,0.8,16.0,16.6,5.2,5.8,5.2,4.2
2018-12-08,Arsenal,Huddersfield,1,0,H,14,6,2,0,7,1,,,,9,7,11,4,2.0,1.2,1.4,1.0,14.6,13.8,4.4,4.6,7.2,5.0
2018-12-08,Bournemouth,Liverpool,0,4,A,8,10,2,4,6,6,,,,3,13,7,11,1.2,2.0,2.0,0.4,10.6,15.4,3.8,6.6,6.4,7.2
2018-12-08,Burnley,Brighton,1,0,H,14,14,4,1,2,7,,,,1,7,4,6,0.8,1.6,2.2,1.6,8.0,9.8,2.8,3.6,3.4,4.2
2018-12-08,Cardiff,Southampton,1,0,H,13,12,4,1,7,7,,,,6,2,9,1,1.0,1.4,1.4,3.0,12.8,15.8,3.4,5.8,4.8,5.0
2018-12-08,Chelsea,Man City,2,0,H,8,14,5,4,1,13,,,,7,15,9,13,1.4,3.6,1.2,0.8,15.2,15.0,4.8,6.4,4.4,5.8
2018-12-08,Leicester,Tottenham,0,2,A,11,7,3,2,6,5,,,,9,12,8,12,1.0,2.4,0.4,1.6,12.6,12.6,4.2,6.6,7.4,4.8
2018-12-08,Man United,Fulham,4,1,H,20,10,11,4,10,3,,,,6,4,9,0,1.4,0.8,1.6,1.6,11.4,11.8,5.2,4.0,5.0,5.0
2018-12-08,West Ham,Crystal Palace,3,2,H,13,8,6,4,5,3,,,,10,4,9,1,2.2,0.8,1.6,1.4,13.4,15.6,6.2,4.4,7.4,6.0
2018-12-09,Newcastle,Wolves,1,2,A,12,13,4,6,4,6,,,,10,4,6,5,1.2,1.2,1.2,1.8,13.8,12.2,4.0,4.2,5.8,3.4
2018-12-10,Everton,Watford,2,2,D,12,15,5,3,6,6,,,,8,1,13,4,1.0,0.4,0.6,1.8,12.8,10.4,3.6,3.0,6.6,6.2
2018-12-15,Crystal Palace,Leicester,1,0,H,8,12,1,2,4,4,,,,4,6,5,8,1.0,0.8,1.4,0.8,15.8,12.2,4.8,3.8,6.2,6.2
2018-12-15,Fulham,West Ham,0,2,A,16,6,4,3,6,4,,,,4,10,5,8,1.0,2.0,2.2,1.6,12.4,11.6,4.6,5.4,4.8,6.4
2018-12-15,Huddersfield,Newcastle,0,1,A,15,8,5,5,10,1,,,,4,7,4,6,1.0,1.2,1.2,1.6,13.0,14.2,4.2,4.4,4.2,5.0
2018-12-15,Man City,Everton,3,1,H,13,9,5,2,6,2,,,,12,6,15,4,2.4,0.8,1.0,0.8,14.2,12.4,5.6,4.0,7.6,6.6
2018-12-15,Tottenham,Burnley,1,0,H,15,4,3,0,8,3,,,,12,4,9,4,2.2,0.6,1.2,1.4,12.0,9.6,5.4,3.0,5.6,3.0
2018-12-15,Watford,Cardiff,3,2,H,17,10,8,3,5,0,,,,2,9,3,0,0.8,1.2,2.0,1.2,10.2,13.2,3.4,3.8,5.6,5.0
2018-12-15,Wolves,Bournemouth,2,0,H,9,13,3,3,5,3,,,,7,3,6,6,1.2,1.0,1.4,2.4,11.6,8.6,4.0,2.8,3.6,5.8
2018-12-16,Brighton,Chelsea,1,2,A,6,10,2,3,4,1,,,,7,7,10,7,1.4,1.2,1.2,1.0,11.6,13.8,3.2,4.6,4.8,3.8
2018-12-16,Liverpool,Man United,3,1,H,36,6,11,2,13,2,,,,15,6,13,5,2.6,1.8,0.2,1.6,14.8,11.8,6.6,5.8,6.8,6.0
2018-12-16,Southampton,Arsenal,3,2,H,12,13,7,4,4,5,,,,2,11,4,11,1.2,2.0,2.0,1.2,15.8,15.0,4.8,4.0,5.6,7.6
2018-12-21,Wolves,Liverpool,0,2,A,11,15,5,6,1,10,,,,9,15,6,13,1.4,2.8,1.2,0.4,11.0,18.0,3.6,7.4,4.2,8.2
2018-12-22,Arsenal,Burnley,3,1,H,10,7,6,2,1,3,,,,10,3,11,1,2.2,0.6,1.6,1.6,15.6,9.2,4.2,2.8,6.4,3.4
2018-12-22,Bournemouth,Brighton,2,0,H,14,10,3,5,6,5,,,,3,7,4,6,0.8,1.4,2.4,1.2,8.4,11.4,2.6,3.0,4.4,5.4
2018-12-22,Cardiff,Man United,1,5,A,9,17,3,9,4,7,,,,6,6,12,5,1.2,1.8,1.6,1.6,11.2,11.8,3.2,6.0,4.2,6.2
2018-12-22,Chelsea,Leicester,0,1,A,17,8,5,3,9,5,,,,9,5,11,5,1.6,0.8,1.2,1.0,12.8,10.2,4.4,3.2,3.0,4.6
2018-12-22,Huddersfield,Southampton,1,3,A,16,13,5,6,8,2,,,,3,4,4,1,0.8,1.6,1.2,2.2,13.0,15.4,3.8,5.4,5.2,5.0
2018-12-22,Man City,Crystal Palace,2,3,A,19,5,5,3,13,0,,,,12,7,15,1,2.4,1.2,1.0,1.2,13.4,15.2,5.6,4.2,7.8,5.0
2018-12-22,Newcastle,Fulham,0,0,D,9,4,0,2,6,0,,,,7,4,6,0,1.0,1.0,1.4,2.2,12.2,14.0,4.2,4.8,3.8,5.4
2018-12-22,West Ham,Watford,0,2,A,18,11,7,5,10,4,,,,12,4,9,5,2.2,1.2,1.4,2.2,10.4,11.2,5.0,3.8,6.0,5.4
2018-12-23,Everton,Tottenham,2,6,A,10,17,3,8,2,1,,,,5,12,11,12,1.0,2.2,1.4,1.2,13.0,12.8,4.2,5.6,6.0,6.0
2018-12-26,Brighton,Arsenal,1,1,D,12,7,3,4,4,9,,,,6,10,10,8,1.2,2.4,1.4,1.6,10.6,13.6,3.4,4.6,5.2,5.0
2018-12-26,Burnley,Everton,1,5,A,11,13,4,6,5,7,,,,3,2,4,4,0.6,1.2,1.8,2.6,7.8,11.8,2.4,3.2,3.0,5.0
2018-12-26,Crystal Palace,Cardiff,0,0,D,31,9,5,4,12,1,,,,9,6,7,0,1.8,1.4,1.6,2.4,13.6,11.6,4.4,3.6,4.4,4.4
2018-12-26,Fulham,Wolves,1,1,D,11,14,9,5,2,0,,,,2,9,4,7,0.4,1.4,1.8,1.2,12.8,10.8,4.2,4.0,5.0,3.8
2018-12-26,Leicester,Man City,2,1,H,10,11,5,4,3,7,,,,7,9,5,10,0.8,2.0,0.8,1.6,10.2,15.4,3.2,5.4,5.4,10.2
2018-12-26,Liverpool,Newcastle,4,0,H,16,6,8,2,10,2,,,,15,5,13,8,2.6,0.6,0.4,1.2,19.0,10.6,7.2,3.6,9.2,4.0
2018-12-26,Man United,Huddersfield,3,1,H,16,10,10,2,5,3,,,,8,0,11,4,2.8,0.6,1.8,1.8,12.8,13.4,6.8,3.6,5.6,5.8
2018-12-26,Tottenham,Bournemouth,5,0,H,10,14,7,4,3,4,,,,12,6,12,6,2.8,1.0,1.4,2.0,12.6,9.0,5.4,2.2,5.4,4.6
2018-12-26,Watford,Chelsea,1,2,A,10,10,2,4,3,4,,,,7,9,6,9,1.6,1.4,1.6,0.8,12.4,13.6,4.6,5.0,5.2,4.0
2018-12-27,Southampton,West Ham,1,2,A,11,16,5,5,4,5,,,,7,12,6,8,1.8,2.2,1.8,1.0,14.2,12.2,5.0,6.2,4.4,6.4
2018-12-29,Brighton,Everton,1,0,H,11,13,3,4,6,6,,,,4,5,8,4,1.0,2.2,1.4,2.6,10.2,12.6,2.8,3.8,4.8,6.2
2018-12-29,Fulham,Huddersfield,1,0,H,14,9,5,5,4,3,,,,3,0,5,3,0.6,0.6,1.6,2.0,13.2,14.0,5.2,3.6,4.2,6.0
2018-12-29,Leicester,Cardiff,0,1,A,16,12,7,3,10,4,,,,7,4,8,1,0.8,1.0,1.0,2.2,10.8,10.0,3.6,3.8,5.2,3.2
2018-12-29,Liverpool,Arsenal,5,1,H,15,8,10,2,5,3,,,,15,8,15,6,3.2,1.8,0.4,1.4,19.0,10.6,8.2,4.0,9.6,5.2
2018-12-29,Tottenham,Wolves,1,3,A,10,11,3,4,6,7,,,,15,10,12,5,3.4,1.4,0.6,1.0,12.4,10.6,5.6,4.2,5.0,2.6
2018-12-29,Watford,Newcastle,1,1,D,12,8,5,2,3,6,,,,7,5,6,8,1.8,0.6,1.6,1.4,12.8,8.6,5.0,3.2,4.2,3.0
2018-12-30,Burnley,West Ham,2,0,H,17,11,5,4,5,5,,,,3,12,3,11,0.8,2.0,2.4,1.2,9.2,14.0,3.2,6.4,3.6,6.8
2018-12-30,Crystal Palace,Chelsea,0,1,A,4,12,0,4,3,4,,,,7,9,8,9,1.4,1.4,1.6,1.0,14.0,12.4,3.6,4.0,4.8,4.0
2018-12-30,Man United,Bournemouth,4,1,H,11,7,8,3,4,5,,,,10,6,11,3,3.0,0.8,1.6,2.4,13.8,11.0,7.8,2.8,5.6,4.6
2018-12-30,Southampton,Man City,1,3,A,5,14,4,6,3,8,,,,6,6,6,9,1.6,1.6,1.8,1.8,13.2,14.4,4.8,5.0,4.6,10.0
2019-01-01,Arsenal,Fulham,4,1,H,16,9,9,4,8,3,,,,7,5,11,1,1.6,0.6,2.0,1.4,10.4,11.0,3.6,4.8,5.0,3.0
2019-01-01,Cardiff,Tottenham,0,3,A,6,13,3,4,5,3,,,,7,12,9,12,1.0,3.0,1.6,1.0,10.6,11.8,3.4,4.6,3.2,4.6
2019-01-01,Everton,Leicester,0,1,A,17,8,2,4,6,5,,,,4,6,8,8,2.0,0.6,2.6,1.0,11.4,11.4,4.0,4.0,4.6,5.6
2019-01-02,Bournemouth,Watford,3,3,D,25,11,12,3,4,2,,,,3,8,6,5,0.6,1.8,3.0,1.4,11.2,13.0,3.0,4.6,4.8,4.2
2019-01-02,Chelsea,Southampton,0,0,D,17,6,6,2,7,2,,,,12,6,10,3,1.4,1.6,0.6,1.8,11.4,10.6,4.2,4.6,3.8,4.0
2019-01-02,Huddersfield,Burnley,1,2,A,9,16,2,8,5,2,,,,0,6,4,1,0.4,1.0,1.8,1.8,11.2,10.6,3.4,3.0,5.0,3.6
2019-01-02,Newcastle,Man United,0,2,A,14,16,3,7,1,2,,,,5,12,7,7,0.6,3.4,1.4,1.4,8.6,14.0,2.6,8.0,3.8,5.6
2019-01-02,West Ham,Brighton,2,2,D,13,13,6,6,1,5,,,,9,4,9,3,1.4,0.6,1.4,1.2,12.8,10.6,5.0,2.8,5.8,5.2
2019-01-02,Wolves,Crystal Palace,0,2,A,9,17,1,4,3,10,,,,10,7,6,4,1.6,1.2,1.0,1.2,11.6,11.2,4.6,2.6,3.8,4.4
2019-01-03,Man City,Liverpool,2,1,H,9,7,4,5,2,1,,,,6,15,12,13,1.8,3.6,1.8,0.4,14.2,18.4,4.8,7.8,9.4,8.8
2019-01-12,Brighton,Liverpool,0,1,A,7,10,0,3,2,7,,,,5,12,8,12,1.0,3.0,1.4,0.8,10.4,17.8,3.8,8.0,4.8,7.8
2019-01-12,Burnley,Fulham,2,1,H,11,12,0,4,2,6,,,,6,5,6,1,1.2,0.6,2.0,1.4,11.0,10.8,3.8,4.8,3.6,3.0
2019-01-12,Cardiff,Huddersfield,0,0,D,3,14,0,2,3,10,,,,4,0,9,3,0.8,0.6,2.2,2.0,9.2,11.8,3.2,3.8,2.8,5.8
2019-01-12,Chelsea,Newcastle,2,1,H,10,9,6,2,8,5,,,,10,5,8,8,1.0,0.4,0.6,1.4,13.2,9.0,4.4,2.4,5.0,3.2
2019-01-12,Crystal Palace,Watford,1,2,A,15,16,6,2,7,7,,,,10,8,7,6,1.2,2.0,0.6,1.6,13.0,12.2,2.6,4.6,5.8,3.4
2019-01-12,Leicester,Southampton,1,2,A,23,8,6,3,10,3,,,,9,7,7,4,0.8,1.6,0.6,1.6,10.8,9.4,4.2,4.8,5.4,3.0
2019-01-12,West Ham,Arsenal,1,0,H,11,11,3,2,7,3,,,,7,7,7,5,1.2,2.2,1.4,2.2,12.8,10.8,5.0,5.0,5.0,5.2
2019-01-13,Everton,Bournemouth,2,0,H,15,16,3,7,5,9,,,,3,4,5,0,1.6,1.2,2.4,2.8,12.4,14.6,3.4,5.0,4.6,4.4
2019-01-13,Tottenham,Man United,0,1,A,21,13,11,8,7,4,,,,12,12,12,7,3.2,3.0,1.0,1.2,13.0,13.2,5.0,7.2,4.2,4.0
2019-01-14,Man City,Wolves,3,0,H,24,3,9,0,12,1,,,,9,7,12,8,2.2,1.2,1.6,1.2,13.2,10.8,4.8,3.6,7.2,3.2
2019-01-19,Arsenal,Chelsea,2,0,H,13,13,5,1,5,6,,,,7,10,13,9,1.8,1.0,1.8,0.6,10.4,13.2,4.6,5.0,4.8,6.4
2019-01-19,Bournemouth,West Ham,2,0,H,10,9,4,1,2,3,,,,4,7,7,10,1.2,1.0,2.8,1.4,15.2,13.8,5.8,5.0,5.6,5.6
2019-01-19,Liverpool,Crystal Palace,4,3,H,19,9,9,3,8,3,,,,12,7,15,7,2.6,1.2,0.6,1.0,12.6,14.4,6.4,3.6,6.6,6.4
2019-01-19,Man United,Brighton,2,1,H,20,7,5,3,6,5,,,,15,5,11,4,3.0,0.8,0.6,1.2,14.6,10.6,8.4,3.4,4.4,4.4
2019-01-19,Newcastle,Cardiff,3,0,H,16,9,6,1,7,10,,,,2,5,4,4,0.4,0.4,1.8,1.6,9.2,7.8,1.8,2.6,4.0,3.4
2019-01-19,Southampton,Everton,2,1,H,11,7,4,2,7,6,,,,7,6,5,4,1.4,1.8,1.4,1.8,8.6,13.6,4.0,3.6,2.8,5.2
2019-01-19,Watford,Burnley,0,0,D,9,11,4,3,1,7,,,,8,9,4,4,1.8,1.6,1.4,2.0,12.0,12.4,3.4,3.8,3.8,3.4
2019-01-19,Wolves,Leicester,4,3,H,12,16,7,6,5,9,,,,4,9,6,8,0.8,1.0,1.8,0.8,9.6,13.0,3.0,5.0,2.4,6.6
2019-01-20,Fulham,Tottenham,1,2,A,12,14,4,5,7,10,,,,5,9,8,12,0.8,3.0,1.4,1.2,10.0,14.2,4.8,6.6,3.0,4.0
2019-01-20,Huddersfield,Man City,0,3,A,5,12,2,4,1,4,,,,1,9,1,9,0.6,2.2,1.8,1.4,11.6,15.4,3.2,5.6,5.8,8.4
2019-01-29,Arsenal,Cardiff,2,1,H,15,19,4,2,4,7,,,,7,5,15,4,1.6,0.2,1.6,1.2,11.0,7.8,4.4,2.2,5.6,4.6
2019-01-29,Fulham,Brighton,4,2,H,24,15,7,6,10,1,,,,4,5,5,4,1.0,1.0,1.8,1.2,11.6,10.0,5.2,3.0,4.4,4.4
2019-01-29,Huddersfield,Everton,0,1,A,10,10,2,5,3,4,,,,1,6,0,3,0.4,1.6,1.8,1.0,9.4,13.0,2.6,3.4,4.4,6.0
2019-01-29,Man United,Burnley,2,2,D,28,6,9,4,11,3,,,,15,10,13,4,2.4,1.4,0.6,1.4,15.2,13.2,7.6,4.0,4.2,4.2
2019-01-29,Newcastle,Man City,2,1,H,6,12,2,4,1,8,,,,4,12,4,9,1.0,2.4,1.8,0.8,10.6,14.0,3.0,5.4,4.2,6.6
2019-01-29,Wolves,West Ham,3,0,H,20,4,9,0,5,1,,,,7,7,9,9,1.6,1.0,2.0,1.4,9.8,12.0,3.4,3.8,3.2,4.2
2019-01-30,Bournemouth,Chelsea,4,0,H,12,11,7,7,3,7,,,,4,10,10,9,1.2,1.0,2.8,0.8,14.4,12.4,6.0,4.2,4.8,5.8
2019-01-30,Liverpool,Leicester,1,1,D,10,5,3,2,7,1,,,,12,6,15,7,3.0,1.4,1.2,1.6,13.4,14.6,7.0,5.6,6.2,7.4
2019-01-30,Southampton,Crystal Palace,1,1,D,13,15,4,3,3,8,,,,7,4,7,6,1.2,1.2,1.4,1.4,8.2,15.2,3.6,3.6,3.8,7.0
2019-01-30,Tottenham,Watford,2,1,H,17,9,3,1,9,5,,,,9,6,9,8,2.2,1.4,1.0,1.4,13.6,11.6,6.0,3.2,5.8,3.2
2019-02-02,Brighton,Watford,0,0,D,21,5,4,0,7,0,,,,4,6,7,8,1.2,1.4,1.8,1.4,10.6,11.4,3.6,3.0,3.8,3.6
2019-02-02,Burnley,Southampton,1,1,D,15,10,6,4,4,2,,,,11,8,9,7,1.6,1.2,0.8,1.2,12.2,8.6,4.0,3.4,3.8,3.6
2019-02-02,Cardiff,Bournemouth,2,0,H,12,9,5,2,6,7,,,,4,7,7,0,0.4,2.0,1.6,1.8,9.8,14.0,1.8,6.6,5.8,4.6
2019-02-02,Chelsea,Huddersfield,5,0,H,23,5,7,2,11,2,,,,7,1,10,1,0.6,0.2,1.4,1.4,12.6,9.4,4.8,2.6,6.4,4.4
2019-02-02,Crystal Palace,Fulham,2,0,H,17,8,6,0,11,1,,,,4,6,7,1,1.4,1.6,1.6,2.0,12.0,14.2,3.2,4.8,6.2,6.0
2019-02-02,Everton,Wolves,1,3,A,13,8,4,4,3,1,,,,6,9,5,7,0.8,2.0,0.8,1.8,12.4,11.0,3.2,4.2,5.4,4.2
2019-02-02,Tottenham,Newcastle,1,0,H,21,8,4,2,6,3,,,,9,7,9,5,1.6,1.4,1.2,1.2,15.0,10.6,5.2,3.0,7.0,4.0
2019-02-03,Leicester,Man United,0,1,A,17,10,6,6,7,2,,,,4,13,6,10,1.2,2.2,1.6,0.8,13.6,17.6,5.0,7.4,7.0,5.4
2019-02-03,Man City,Arsenal,3,1,H,19,4,12,2,4,2,,,,12,9,12,2,2.4,1.8,0.8,1.6,14.2,12.6,5.4,4.4,6.8,4.6
2019-02-04,West Ham,Liverpool,1,1,D,13,11,2,6,2,5,,,,4,10,10,12,0.6,2.4,1.8,1.4,9.6,12.2,2.8,6.0,3.4,5.6
2019-02-06,Everton,Man City,0,2,A,4,15,1,4,5,6,,,,6,12,4,6,1.0,2.4,1.2,0.8,12.4,15.2,3.2,6.6,4.8,6.0
2019-02-09,Brighton,Burnley,1,3,A,16,9,6,5,9,3,,,,2,9,5,5,1.0,1.4,1.8,1.0,12.6,11.8,3.8,4.2,4.0,3.6
2019-02-09,Crystal Palace,West Ham,1,1,D,25,6,5,4,10,4,,,,7,5,7,6,1.8,0.8,1.4,1.6,14.6,10.0,4.4,2.4,7.8,2.8
2019-02-09,Fulham,Man United,0,3,A,15,15,3,7,5,4,,,,3,13,7,12,1.4,1.6,2.4,0.6,13.0,17.4,3.8,7.0,5.4,5.0
2019-02-09,Huddersfield,Arsenal,1,2,A,15,9,6,4,5,0,,,,1,9,0,1,0.2,1.8,2.2,1.2,8.6,11.8,2.0,4.4,4.2,4.4
2019-02-09,Liverpool,Bournemouth,3,0,H,20,12,9,2,8,5,,,,8,7,13,0,1.6,1.8,1.4,1.4,11.4,14.4,5.2,6.4,5.6,5.0
2019-02-09,Southampton,Cardiff,1,2,A,14,6,7,3,8,2,,,,9,4,7,4,1.2,0.6,0.8,1.6,9.6,9.8,3.4,2.2,3.4,6.2
2019-02-09,Watford,Everton,1,0,H,7,9,2,4,8,2,,,,6,6,5,6,1.2,1.0,1.2,1.4,10.0,9.8,2.0,3.0,3.0,4.6
2019-02-10,Man City,Chelsea,6,0,H,15,12,9,4,2,2,,,,12,7,12,9,2.4,1.4,0.6,1.4,16.4,14.8,6.6,5.4,6.8,7.8
2019-02-10,Tottenham,Leicester,3,1,H,12,20,5,9,2,9,,,,12,4,9,7,1.6,1.2,0.6,1.6,17.2,13.8,5.4,4.8,7.0,6.4
2019-02-11,Wolves,Newcastle,1,1,D,22,9,6,3,13,1,,,,9,6,9,4,2.0,1.2,1.8,1.2,10.4,10.6,4.2,3.0,3.0,3.4
2019-02-22,Cardiff,Watford,1,5,A,15,12,6,7,3,3,,,,7,8,7,8,1.0,0.8,1.2,0.6,9.8,9.2,2.2,1.8,5.6,4.2
2019-02-22,West Ham,Fulham,3,1,H,21,8,7,5,12,0,,,,5,3,8,1,0.6,1.2,1.4,2.2,8.6,14.2,2.0,3.6,3.4,5.8
2019-02-23,Bournemouth,Wolves,1,1,D,10,10,3,2,9,8,,,,6,10,10,10,1.2,2.2,1.4,1.6,11.8,13.0,4.4,5.2,5.2,5.0
2019-02-23,Burnley,Tottenham,2,1,H,10,17,4,6,7,6,,,,9,12,10,12,1.6,1.6,1.0,0.8,10.4,17.0,3.6,5.6,3.8,6.8
2019-02-23,Leicester,Crystal Palace,1,4,A,27,7,5,5,8,3,,,,1,5,3,7,1.2,1.6,2.2,1.6,16.2,16.2,5.8,4.6,7.2,7.8
2019-02-23,Newcastle,Huddersfield,2,0,H,29,3,12,1,12,0,,,,7,1,7,1,1.4,0.2,1.0,2.2,9.6,9.8,3.0,2.8,3.4,4.2
2019-02-24,Arsenal,Southampton,2,0,H,12,10,4,4,6,4,,,,9,8,15,8,1.4,1.4,1.2,1.2,10.4,11.2,3.4,4.4,2.8,4.6
2019-02-24,Man United,Liverpool,0,0,D,6,7,3,1,3,7,,,,13,11,13,10,1.8,2.0,0.6,1.0,17.2,14.0,7.0,6.0,5.4,7.0
2019-02-26,Cardiff,Everton,0,3,A,6,12,0,4,3,4,,,,6,3,4,6,1.2,0.6,2.2,1.6,12.2,8.6,3.4,3.2,5.6,4.0
2019-02-26,Huddersfield,Wolves,1,0,H,15,7,3,0,3,5,,,,0,11,0,8,0.2,2.4,2.6,1.2,7.6,14.4,2.6,5.6,2.2,6.4
2019-02-26,Leicester,Brighton,2,1,H,19,15,3,3,4,8,,,,1,1,3,1,1.2,0.8,2.6,2.0,17.0,13.2,5.6,3.8,6.8,4.8
2019-02-26,Newcastle,Burnley,2,0,H,12,12,3,2,4,7,,,,10,9,10,8,1.6,1.6,0.6,1.0,13.6,10.2,5.0,4.4,4.8,4.8
2019-02-27,Arsenal,Bournemouth,5,1,H,16,13,6,5,9,4,,,,12,7,15,0,1.8,1.4,1.0,1.2,10.6,10.6,3.8,3.6,3.4,5.2
2019-02-27,Chelsea,Tottenham,2,0,H,11,9,1,0,2,2,,,,6,12,10,12,1.4,1.8,2.6,1.0,13.8,16.2,5.0,4.6,6.8,6.6
2019-02-27,Crystal Palace,Man United,1,3,A,17,13,2,4,5,6,,,,8,11,5,15,2.2,1.6,1.4,0.6,14.6,15.8,4.4,6.0,7.0,5.2
2019-02-27,Liverpool,Watford,5,0,H,19,5,10,3,6,4,,,,9,8,13,8,1.8,1.4,1.0,0.6,13.4,8.4,5.6,2.8,7.0,3.4
2019-02-27,Man City,West Ham,1,0,H,20,2,7,1,12,2,,,,12,5,12,4,3.0,1.0,0.6,1.6,14.6,10.6,6.6,2.8,4.8,4.4
2019-02-27,Southampton,Fulham,2,0,H,14,14,4,4,7,4,,,,5,3,4,1,1.0,1.2,1.4,2.4,11.6,13.4,4.6,3.8,4.8,4.6
2019-03-02,Bournemouth,Man City,0,1,A,0,23,0,7,0,14,,,,4,12,11,9,1.2,2.6,2.2,0.6,11.2,16.2,3.8,7.2,5.6,6.4
2019-03-02,Brighton,Huddersfield,1,0,H,13,6,4,4,6,3,,,,1,3,5,1,1.0,0.4,2.2,2.0,14.8,9.6,4.4,2.8,6.0,2.6
2019-03-02,Burnley,Crystal Palace,1,3,A,18,10,4,4,8,5,,,,8,8,10,10,1.6,1.8,1.4,1.2,10.4,16.2,4.2,4.2,4.8,7.4
2019-03-02,Man United,Southampton,3,2,H,16,6,6,3,9,7,,,,11,5,11,8,1.8,1.0,0.6,1.2,14.4,12.2,5.8,4.6,5.2,4.8
2019-03-02,Tottenham,Arsenal,1,1,D,10,9,3,4,3,4,,,,9,12,9,4,1.4,2.4,1.2,1.2,15.2,11.2,3.6,4.0,5.0,4.2
2019-03-02,West Ham,Newcastle,2,0,H,10,17,4,2,1,6,,,,5,10,8,2,1.0,1.4,1.4,0.6,9.2,12.8,2.8,4.4,4.2,4.2
2019-03-02,Wolves,Cardiff,2,0,H,13,12,6,4,7,8,,,,8,6,7,7,1.6,1.2,0.8,2.2,13.4,11.6,4.2,3.2,6.4,4.2
2019-03-03,Everton,Liverpool,0,0,D,7,10,3,3,3,7,,,,6,9,3,8,1.0,2.0,1.2,0.4,9.6,13.4,3.6,5.8,3.6,6.6
2019-03-03,Fulham,Chelsea,1,2,A,12,20,5,7,5,4,,,,3,6,7,6,1.0,1.4,2.4,2.4,13.8,14.0,3.8,4.0,4.0,5.6
2019-03-03,Watford,Leicester,2,1,H,6,14,5,2,1,5,,,,7,4,8,7,1.4,1.0,1.6,2.0,7.6,17.6,2.6,5.0,4.0,5.8
2019-03-09,Cardiff,West Ham,2,0,H,16,9,7,2,7,5,,,,6,8,4,1,1.0,1.4,2.2,0.8,10.2,10.4,3.6,3.6,4.4,4.2
2019-03-09,Crystal Palace,Brighton,1,2,A,15,4,3,3,8,0,,,,10,4,4,1,2.2,1.0,1.2,1.8,15.2,16.0,4.4,4.6,6.8,6.2
2019-03-09,Huddersfield,Bournemouth,0,2,A,8,8,1,5,6,5,,,,3,1,3,0,0.4,0.4,2.0,2.4,8.8,8.8,3.2,2.4,2.6,5.0
2019-03-09,Leicester,Fulham,3,1,H,18,6,8,3,6,5,,,,3,0,3,0,1.0,0.4,2.2,2.4,19.4,11.4,5.0,3.4,6.6,3.0
2019-03-09,Man City,Watford,3,1,H,19,2,9,1,9,1,,,,15,10,15,7,2.6,1.6,0.2,1.4,18.4,7.0,7.8,3.4,7.6,3.2
2019-03-09,Newcastle,Everton,3,2,H,19,7,7,3,8,2,,,,7,4,12,6,1.0,0.8,0.8,1.2,15.0,9.0,4.4,3.2,5.2,3.4
2019-03-09,Southampton,Tottenham,2,1,H,12,16,4,5,1,10,,,,4,7,7,9,1.2,1.2,1.6,1.2,10.8,13.8,4.4,3.6,5.6,3.8
2019-03-10,Arsenal,Man United,2,0,H,14,14,3,4,5,2,,,,10,13,15,15,2.2,2.0,1.2,0.6,10.0,12.0,4.0,5.2,4.2,4.8
2019-03-10,Chelsea,Wolves,1,1,D,22,2,6,1,13,0,,,,9,8,10,7,1.8,1.4,2.2,0.8,15.4,12.0,5.2,3.6,5.2,6.8
2019-03-10,Liverpool,Burnley,4,2,H,23,3,5,2,7,3,,,,9,7,13,8,1.8,1.4,0.2,1.6,13.4,12.8,5.8,4.2,6.6,5.8
2019-03-16,Bournemouth,Newcastle,2,2,D,10,12,3,4,6,6,,,,4,10,8,2,0.8,1.6,2.0,1.0,8.6,17.2,3.0,5.4,4.6,6.2
2019-03-16,Burnley,Leicester,1,2,A,13,9,2,4,9,3,,,,6,6,10,4,1.6,1.6,2.2,2.2,10.4,19.6,3.4,5.4,5.6,6.4
2019-03-16,West Ham,Huddersfield,4,3,H,16,15,5,5,5,8,,,,7,3,11,1,1.2,0.4,1.0,1.4,9.6,9.4,3.6,3.0,4.8,3.4
2019-03-17,Everton,Chelsea,2,0,H,15,16,8,5,3,4,,,,4,10,4,6,1.0,2.0,1.2,1.6,7.8,17.6,3.0,5.0,3.2,6.4
2019-03-17,Fulham,Liverpool,1,2,A,7,16,2,6,1,10,,,,0,11,6,6,0.6,2.4,2.6,0.4,11.0,15.8,4.0,5.6,3.8,7.0
2019-03-30,Brighton,Southampton,0,1,A,14,8,1,2,6,5,,,,7,6,7,5,1.0,1.4,1.2,1.6,13.8,11.2,4.0,4.4,6.0,5.4
2019-03-30,Burnley,Wolves,2,0,H,5,8,1,1,1,5,,,,3,6,7,5,1.2,1.0,2.4,0.8,11.2,10.8,2.8,3.0,6.8,6.6
2019-03-30,Crystal Palace,Huddersfield,2,0,H,19,15,5,5,5,5,,,,7,3,4,1,2.0,0.8,1.6,1.8,14.8,9.4,3.8,2.8,6.2,4.0
2019-03-30,Fulham,Man City,0,2,A,5,24,0,7,0,11,,,,0,15,3,12,0.8,2.6,2.4,0.2,9.4,18.4,3.8,7.2,3.0,8.6
2019-03-30,Leicester,Bournemouth,2,0,H,18,8,4,2,6,1,,,,9,5,6,3,1.8,1.2,1.8,1.8,17.4,8.2,4.4,3.2,5.2,4.8
2019-03-30,Man United,Watford,2,1,H,8,20,5,8,3,5,,,,10,9,11,4,1.8,1.8,1.0,2.0,12.8,6.4,4.8,3.6,4.8,3.4
2019-03-30,West Ham,Everton,0,2,A,3,17,1,9,4,9,,,,9,7,13,6,1.8,1.4,1.4,0.8,11.6,10.0,3.8,4.4,5.0,2.8
2019-03-31,Cardiff,Chelsea,1,2,A,8,21,3,3,2,7,,,,6,7,7,3,1.0,1.0,2.2,2.0,11.0,16.2,4.0,4.6,4.6,5.0
2019-03-31,Liverpool,Tottenham,2,1,H,14,11,3,2,10,3,,,,11,4,13,6,2.2,1.2,0.6,1.6,15.0,12.8,5.0,3.8,7.4,4.6
2019-04-01,Arsenal,Newcastle,2,0,H,7,3,4,1,6,2,,,,13,10,15,2,2.4,1.8,0.6,1.2,12.0,17.8,4.2,5.6,4.8,7.2
2019-04-02,Watford,Fulham,4,1,H,15,17,7,7,6,4,,,,6,0,8,0,1.8,0.6,2.4,2.2,9.0,8.8,4.8,2.8,2.8,3.0
2019-04-02,Wolves,Man United,2,1,H,9,18,2,4,3,5,,,,5,10,10,12,0.8,1.6,1.0,1.2,8.0,11.4,2.0,4.4,5.0,4.6
2019-04-03,Chelsea,Brighton,3,0,H,17,3,4,1,7,1,,,,10,6,11,4,1.4,1.0,1.0,1.4,18.0,12.4,4.4,3.4,6.0,5.8
2019-04-03,Man City,Cardiff,2,0,H,27,4,11,1,7,4,,,,15,3,15,6,2.6,0.8,0.2,2.4,20.2,11.4,7.8,4.0,9.6,4.6
2019-04-03,Tottenham,Crystal Palace,2,0,H,26,5,10,1,8,2,,,,1,9,10,10,0.8,2.2,1.8,1.4,12.6,13.6,3.2,3.8,4.8,5.2
2019-04-05,Southampton,Liverpool,1,3,A,11,17,1,5,7,5,,,,9,13,10,9,1.4,2.6,1.2,0.8,10.0,16.4,3.4,5.4,4.8,8.0
2019-04-06,Bournemouth,Burnley,1,3,A,10,11,2,3,3,6,,,,4,3,8,5,1.0,1.2,2.0,2.2,7.8,10.2,3.0,2.2,3.2,5.6
2019-04-06,Huddersfield,Leicester,1,4,A,10,18,4,9,8,5,,,,3,12,3,4,0.8,2.0,1.8,1.0,11.8,15.6,3.6,4.2,5.0,4.8
2019-04-06,Newcastle,Crystal Palace,0,1,A,18,3,5,1,9,4,,,,7,6,15,7,1.4,1.4,1.6,1.6,12.6,13.2,3.4,3.0,5.2,5.0
2019-04-07,Everton,Arsenal,1,0,H,23,7,6,2,9,6,,,,10,13,7,4,1.8,2.4,0.6,0.4,11.6,11.6,5.4,4.2,4.2,6.0
2019-04-08,Chelsea,West Ham,2,0,H,16,9,7,2,7,4,,,,10,6,13,1,1.6,1.2,1.0,1.6,19.2,8.0,5.0,2.6,7.0,3.4
2019-04-12,Leicester,Newcastle,0,1,A,12,11,5,5,2,3,,,,12,4,9,2,2.4,1.0,1.0,1.8,15.4,13.8,5.4,3.8,5.0,6.2
2019-04-13,Brighton,Bournemouth,0,5,A,8,14,1,7,4,1,,,,6,4,4,3,0.8,1.0,1.4,1.6,9.8,7.2,2.4,2.4,4.2,3.0
2019-04-13,Burnley,Cardiff,2,0,H,14,14,7,2,8,4,,,,6,3,7,3,1.8,0.6,2.0,1.8,10.0,9.2,2.4,3.0,5.4,4.8
2019-04-13,Fulham,Everton,2,0,H,12,8,5,1,7,3,,,,0,10,3,9,0.8,1.4,2.6,0.6,9.4,13.8,3.4,5.8,3.0,5.2
2019-04-13,Man United,West Ham,2,1,H,14,18,4,4,3,11,,,,9,6,11,1,1.8,1.2,1.6,1.8,13.8,9.4,4.6,2.8,5.0,3.8
2019-04-13,Southampton,Wolves,3,1,H,13,17,6,2,4,9,,,,9,7,7,5,1.6,1.0,1.4,1.0,10.2,7.8,2.8,2.0,5.4,4.0
2019-04-13,Tottenham,Huddersfield,4,0,H,22,7,5,1,4,2,,,,4,0,13,0,1.0,0.8,1.4,2.6,14.4,10.8,4.0,3.8,5.2,6.0
2019-04-14,Crystal Palace,Man City,1,3,A,7,20,3,6,2,9,,,,9,15,7,12,1.4,1.8,1.0,0.2,10.4,22.6,2.8,8.2,4.8,10.6
2019-04-14,Liverpool,Chelsea,2,0,H,15,6,7,3,9,2,,,,13,10,13,6,2.2,1.6,1.0,0.8,16.0,18.4,4.4,5.0,7.8,7.6
2019-04-15,Watford,Arsenal,0,1,A,11,19,3,6,6,4,,,,6,10,11,4,1.6,2.0,2.4,0.6,9.6,10.6,4.8,3.8,3.4,6.0
2019-04-16,Brighton,Cardiff,0,2,A,14,10,2,3,5,4,,,,6,3,4,3,0.6,0.6,2.0,1.6,8.4,10.8,2.0,3.4,3.4,5.0
2019-04-20,Bournemouth,Fulham,0,1,A,15,17,5,5,3,7,,,,7,3,5,0,2.0,1.0,1.4,2.2,10.0,9.4,3.8,3.4,3.2,3.4
2019-04-20,Huddersfield,Watford,1,2,A,13,11,3,6,2,2,,,,0,6,3,4,0.8,1.6,3.2,1.6,11.0,10.8,3.2,4.8,5.8,3.8
2019-04-20,Man City,Tottenham,1,0,H,15,10,4,4,4,4,,,,15,7,15,3,2.2,1.8,0.4,1.0,22.6,17.0,8.0,5.0,10.0,5.6
2019-04-20,Newcastle,Southampton,3,1,H,15,15,6,3,4,11,,,,7,9,12,7,1.2,1.8,1.4,1.6,12.6,10.0,4.4,3.2,5.6,4.8
2019-04-20,West Ham,Leicester,2,2,D,11,11,3,5,6,8,,,,3,12,10,7,1.0,2.2,2.2,0.8,11.0,15.0,2.8,6.0,5.8,4.4
2019-04-20,Wolves,Brighton,0,0,D,22,5,5,0,14,1,,,,7,3,13,3,1.2,0.4,1.4,2.4,9.8,8.6,2.4,1.6,4.8,3.2
2019-04-21,Arsenal,Crystal Palace,2,3,A,12,16,5,7,8,3,,,,10,6,15,10,1.2,1.0,0.4,1.4,11.2,9.8,3.8,2.6,5.0,4.2
2019-04-21,Cardiff,Liverpool,0,2,A,7,17,2,6,5,10,,,,6,15,6,9,1.0,2.6,1.2,1.0,10.4,17.0,3.2,5.2,4.2,8.2
2019-04-21,Everton,Man United,4,0,H,15,7,8,1,10,2,,,,9,9,7,9,1.4,1.6,1.0,1.6,14.0,14.0,5.4,4.6,5.2,4.4
2019-04-22,Chelsea,Burnley,2,2,D,22,6,9,3,10,1,,,,9,9,13,7,1.4,2.0,1.0,1.4,15.2,9.2,4.4,3.0,5.4,5.4
2019-04-23,Tottenham,Brighton,1,0,H,29,6,5,1,6,3,,,,6,1,13,4,1.6,0.0,1.0,2.2,17.0,8.8,5.2,1.0,5.8,3.4
2019-04-23,Watford,Southampton,1,1,D,15,8,4,4,3,4,,,,6,9,10,4,1.6,1.6,1.6,1.6,11.8,11.8,5.0,3.2,4.0,5.6
2019-04-24,Man United,Man City,0,2,A,12,8,1,5,1,1,,,,6,15,11,12,1.0,2.2,2.0,0.4,12.2,21.0,3.6,7.4,3.0,8.0
2019-04-24,Wolves,Arsenal,3,1,H,11,11,3,1,5,5,,,,5,9,11,7,0.8,1.4,1.4,0.8,11.6,11.8,2.2,4.0,6.2,5.8
2019-04-26,Liverpool,Huddersfield,5,0,H,21,5,7,1,4,4,,,,15,0,15,0,2.2,1.0,0.6,3.2,15.8,12.0,5.4,3.6,8.8,5.0
2019-04-27,Brighton,Newcastle,1,1,D,9,9,2,1,7,4,,,,1,7,3,5,0.0,1.2,2.2,1.2,7.2,11.8,1.0,4.2,2.8,4.8
2019-04-27,Crystal Palace,Everton,0,0,D,8,22,0,3,5,10,,,,9,12,4,6,1.4,1.8,1.4,0.4,10.0,15.6,3.4,6.4,3.2,6.8
2019-04-27,Fulham,Cardiff,1,0,H,8,13,2,8,10,3,,,,6,3,3,6,1.0,0.6,1.6,1.6,11.6,8.6,3.8,2.2,3.8,3.8
2019-04-27,Southampton,Bournemouth,3,3,D,22,9,7,5,9,3,,,,7,4,9,6,1.4,1.6,1.6,1.6,11.0,11.4,3.2,3.8,6.2,2.8
2019-04-27,Tottenham,West Ham,0,1,A,14,16,4,7,2,7,,,,9,4,13,1,1.6,1.4,0.6,2.2,19.6,11.4,5.2,3.0,5.0,6.0
2019-04-27,Watford,Wolves,1,2,A,10,11,1,4,4,5,,,,7,7,10,2,1.6,1.2,1.2,1.4,14.4,13.4,5.6,2.6,4.4,7.2
2019-04-28,Burnley,Man City,0,1,A,2,25,0,7,0,6,,,,10,15,9,15,2.0,2.0,1.0,0.2,9.8,18.8,3.2,6.6,5.0,6.4
2019-04-28,Leicester,Arsenal,3,0,H,24,6,12,1,8,6,,,,10,6,9,7,2.0,1.2,1.0,1.4,13.6,11.2,5.4,3.6,4.8,5.8
2019-04-28,Man United,Chelsea,1,1,D,7,16,5,3,6,6,,,,6,10,10,6,1.0,1.8,2.0,1.0,11.8,16.4,3.0,5.2,2.8,6.6
2019-05-03,Everton,Burnley,2,0,H,20,5,6,1,8,1,,,,10,10,10,7,1.4,1.8,0.4,0.8,17.0,7.6,5.4,2.8,8.2,3.2
2019-05-04,Bournemouth,Tottenham,1,0,H,20,11,6,5,10,6,,,,4,9,2,0,1.8,1.4,1.8,0.4,11.2,20.2,4.2,5.6,2.2,4.8
2019-05-04,Cardiff,Crystal Palace,2,3,A,18,21,8,7,10,5,,,,3,7,3,12,0.4,1.0,1.4,1.4,9.6,7.8,3.2,2.4,4.0,3.2
2019-05-04,Newcastle,Liverpool,2,3,A,14,11,7,4,2,3,,,,7,15,12,11,1.0,2.8,1.0,0.4,11.2,16.8,3.6,5.6,4.4,7.6
2019-05-04,West Ham,Southampton,3,0,H,17,11,6,1,2,7,,,,4,5,10,4,0.8,1.8,1.6,2.2,11.4,13.8,3.4,4.2,6.4,7.0
2019-05-04,Wolves,Fulham,1,0,H,19,6,6,2,7,1,,,,10,9,11,3,1.6,1.0,1.2,1.2,14.0,11.8,3.2,3.8,7.2,5.6
2019-05-05,Arsenal,Brighton,1,1,D,20,11,8,5,16,3,,,,3,2,12,4,0.8,0.2,2.0,1.8,11.0,8.4,3.0,1.2,5.8,4.0
2019-05-05,Chelsea,Watford,3,0,H,19,15,9,3,6,6,,,,8,7,11,6,1.6,1.6,1.0,1.2,15.4,12.4,5.2,4.2,6.4,4.2
2019-05-05,Huddersfield,Man United,1,1,D,7,23,3,7,3,7,,,,0,4,3,6,0.4,0.8,3.4,2.0,10.0,11.6,2.8,3.0,4.2,3.4
2019-05-06,Man City,Leicester,1,0,H,19,7,5,2,11,0,,,,15,10,15,7,1.8,2.2,0.2,0.8,19.0,16.6,6.6,7.0,5.4,5.8
2019-05-12,Brighton,Man City,1,4,A,6,20,2,9,2,6,,,,3,15,4,15,0.4,1.6,1.0,0.2,9.0,17.4,2.0,5.4,3.8,6.2
2019-05-12,Burnley,Arsenal,1,3,A,14,17,5,6,4,5,,,,7,4,6,4,1.4,1.0,1.2,2.0,7.6,13.6,2.8,4.2,3.2,7.8
2019-05-12,Crystal Palace,Bournemouth,5,3,H,17,16,8,8,4,4,,,,10,7,4,7,1.6,2.0,1.4,1.4,11.0,13.6,3.6,5.0,3.8,4.0
2019-05-12,Fulham,Newcastle,0,4,A,16,13,2,6,5,5,,,,9,7,6,5,1.0,1.4,1.0,1.2,12.0,13.4,4.2,4.8,5.8,4.4
2019-05-12,Leicester,Chelsea,0,0,D,9,14,3,4,4,5,,,,7,8,12,7,1.8,1.6,1.0,1.0,14.4,15.8,6.6,6.2,4.6,6.2
2019-05-12,Liverpool,Wolves,2,0,H,13,7,5,2,4,1,,,,15,10,15,4,3.0,1.4,0.6,1.0,16.2,16.0,5.8,4.0,6.2,8.0
2019-05-12,Man United,Cardiff,0,2,A,26,13,10,4,11,2,,,,5,3,10,3,0.8,0.8,1.8,1.6,12.6,12.4,3.6,4.6,3.8,5.2
2019-05-12,Southampton,Huddersfield,1,1,D,10,10,3,3,4,3,,,,5,1,10,0,1.6,0.6,2.2,3.2,13.8,8.4,4.2,2.4,7.0,3.8
2019-05-12,Tottenham,Everton,2,2,D,11,17,3,9,7,4,,,,6,10,10,7,1.0,1.4,0.6,0.4,17.2,17.6,4.6,4.8,4.4,8.0
2019-05-12,Watford,West Ham,1,4,A,17,16,8,9,7,2,,,,4,7,7,3,0.8,1.4,1.6,1.2,12.4,14.2,3.4,4.4,4.2,6.0
2019-08-09,Liverpool,Norwich,4,1,H,15,12,7,5,11,2,1.14,8.75,19.83,15,0,15,0,2.8,0.0,0.4,0.0,15.4,0.0,5.8,0.0,6.0,0.0
2019-08-10,Bournemouth,Sheffield United,1,1,D,13,8,3,3,3,4,2.01,3.53,3.83,7,0,4,0,2.4,0.0,1.8,0.0,14.8,0.0,6.2,0.0,4.2,0.0
2019-08-10,Burnley,Southampton,3,0,H,10,11,4,3,2,7,2.68,3.22,2.78,4,3,6,4,1.0,1.2,1.6,2.2,8.2,13.2,3.2,3.6,2.8,7.0
2019-08-10,Crystal Palace,Everton,0,0,D,6,10,2,3,6,2,3.13,3.27,2.4,10,8,7,5,2.4,1.6,2.0,0.8,13.8,16.4,5.0,5.4,3.8,7.0
2019-08-10,Tottenham,Aston Villa,3,1,H,31,7,7,4,14,0,1.3,5.53,10.51,4,0,10,0,0.6,0.0,1.0,0.0,15.0,0.0,4.2,0.0,5.0,0.0
2019-08-10,Watford,Brighton,0,3,A,11,5,3,3,5,2,1.94,3.41,4.26,4,3,4,5,1.0,0.6,2.2,1.4,13.6,7.4,4.4,2.0,4.4,3.2
2019-08-10,West Ham,Man City,0,5,A,5,14,3,9,1,1,11.84,6.28,1.25,10,15,10,15,2.2,1.8,1.0,0.2,15.6,17.4,5.8,6.0,5.6,5.6
2019-08-11,Leicester,Wolves,0,0,D,15,8,1,2,12,3,2.22,3.28,3.48,5,10,10,4,1.0,1.2,0.8,0.8,12.6,14.0,5.4,4.0,4.4,6.4
2019-08-11,Man United,Chelsea,4,0,H,11,18,5,7,3,5,2.19,3.32,3.49,2,6,7,5,0.4,1.2,2.0,1.0,15.0,15.4,4.8,5.6,5.4,5.8
2019-08-11,Newcastle,Arsenal,0,1,A,9,8,2,2,5,3,4.49,3.82,1.79,10,4,9,6,2.2,1.4,1.0,2.2,12.4,13.2,5.0,4.2,3.6,8.0
2019-08-17,Arsenal,Burnley,2,1,H,16,18,9,5,10,7,1.33,5.49,9.48,7,4,10,4,1.2,1.2,1.6,1.6,12.4,7.4,3.6,2.6,7.0,1.6
2019-08-17,Aston Villa,Bournemouth,1,2,A,22,12,7,4,10,5,2.33,3.49,3.08,0,5,0,7,1.0,1.6,3.0,2.0,7.0,14.6,4.0,5.4,0.0,4.6
2019-08-17,Brighton,West Ham,1,1,D,16,8,4,3,8,6,2.52,3.33,2.9,5,10,1,6,1.2,2.0,1.4,1.6,7.4,13.0,2.6,5.6,3.4,3.6
2019-08-17,Everton,Watford,1,0,H,12,8,2,2,4,7,1.73,3.9,4.86,9,1,13,3,1.6,0.6,0.4,2.6,16.8,13.6,5.8,3.8,6.8,5.0
2019-08-17,Man City,Tottenham,2,2,D,30,3,10,2,13,2,1.36,5.32,8.46,15,7,15,0,2.6,1.2,0.2,1.0,17.2,19.2,7.0,4.8,5.0,7.0
2019-08-17,Norwich,Newcastle,3,1,H,15,10,8,3,7,5,2.23,3.38,3.38,0,7,0,8,1.0,2.0,4.0,1.2,12.0,12.0,5.0,4.4,2.0,4.0
2019-08-17,Southampton,Liverpool,1,2,A,14,15,3,6,5,9,6.77,4.67,1.47,3,15,8,13,1.0,3.2,2.2,0.6,12.4,15.4,3.6,5.8,6.2,6.4
2019-08-18,Chelsea,Leicester,1,1,D,14,12,5,3,4,5,1.73,3.77,5.07,6,6,11,7,1.2,1.0,1.4,0.6,17.8,13.2,6.4,4.6,6.4,6.4
2019-08-18,Sheffield United,Crystal Palace,1,0,H,15,6,3,4,8,4,2.57,3.19,2.95,1,11,0,12,1.0,2.2,1.0,1.4,8.0,13.6,3.0,4.8,4.0,4.6
2019-08-19,Wolves,Man United,1,1,D,6,9,2,2,4,6,3.32,3.28,2.3,10,5,13,4,1.2,1.2,0.8,1.2,11.2,15.8,3.4,5.6,4.2,5.6
2019-08-23,Aston Villa,Everton,2,0,H,7,12,3,1,0,6,3.16,3.5,2.27,0,9,0,6,1.0,1.0,2.5,0.4,14.5,16.2,5.5,4.6,5.0,5.6
2019-08-24,Brighton,Southampton,0,2,A,12,12,3,4,8,5,2.43,3.25,3.08,6,2,2,4,1.4,1.0,1.4,2.4,9.4,13.6,3.2,3.4,4.4,6.4
2019-08-24,Liverpool,Arsenal,3,1,H,25,9,5,3,6,4,1.5,4.76,6.09,15,10,15,9,3.2,1.4,0.8,1.2,15.0,13.4,5.8,5.2,6.2,8.0
2019-08-24,Man United,Crystal Palace,1,2,A,22,5,3,3,8,1,1.36,5.06,9.16,6,8,7,9,1.4,1.6,1.0,1.2,15.2,11.6,5.8,4.2,6.6,4.8
2019-08-24,Norwich,Chelsea,2,3,A,6,23,5,8,1,8,4.18,3.92,1.83,3,6,3,5,2.0,1.0,2.5,1.2,13.5,16.2,6.5,5.6,4.5,5.2
2019-08-24,Sheffield United,Leicester,1,2,A,8,10,3,2,7,4,3.45,3.23,2.26,4,6,3,8,1.0,0.8,0.5,0.4,11.5,13.4,3.0,4.2,6.0,5.8
2019-08-24,Watford,West Ham,1,3,A,23,16,3,10,8,7,2.13,3.53,3.47,0,10,1,7,0.4,1.8,2.6,1.4,12.2,12.4,3.4,5.6,5.8,3.6
2019-08-25,Bournemouth,Man City,1,3,A,10,19,7,5,4,5,14.52,7.28,1.19,8,13,5,15,2.0,2.6,2.0,0.6,14.0,21.6,5.2,8.0,5.0,7.4
2019-08-25,Tottenham,Newcastle,0,1,A,17,8,2,3,6,6,1.24,6.26,12.35,5,4,10,7,1.4,1.6,1.4,1.6,14.0,11.0,4.2,3.8,6.2,4.2
2019-08-25,Wolves,Burnley,1,1,D,17,13,2,4,4,3,1.85,3.43,4.78,8,3,11,4,0.8,1.0,0.8,1.6,10.2,9.8,3.2,3.0,4.0,2.8
2019-08-31,Burnley,Liverpool,0,3,A,7,15,2,7,6,4,9.45,5.43,1.33,4,15,9,15,1.2,2.8,1.6,1.0,12.0,15.8,3.8,5.4,3.4,6.6
2019-08-31,Chelsea,Sheffield United,2,2,D,13,8,5,2,3,4,1.36,4.98,9.53,8,4,11,1,1.4,1.0,1.4,1.0,17.6,10.333333333333334,6.6,3.0,5.6,6.333333333333333
2019-08-31,Crystal Palace,Aston Villa,1,0,H,22,10,5,2,13,2,2.21,3.38,3.43,10,3,8,0,2.0,1.3333333333333333,1.4,1.6666666666666667,11.0,12.0,4.8,4.666666666666667,4.0,3.3333333333333335
2019-08-31,Leicester,Bournemouth,3,1,H,13,8,5,2,4,5,1.72,4.02,4.81,6,7,8,7,0.6,1.6,0.6,2.0,10.6,14.2,2.2,5.6,5.0,5.2
2019-08-31,Man City,Brighton,4,0,H,15,6,6,2,8,1,1.09,11.73,30.92,13,5,13,5,3.0,1.2,0.8,1.6,20.4,10.0,7.6,3.4,7.2,4.6
2019-08-31,Newcastle,Watford,1,1,D,13,13,5,3,6,5,2.63,3.24,2.86,6,0,6,3,1.6,0.4,1.4,2.8,10.8,14.8,4.2,3.8,4.6,6.6
2019-08-31,Southampton,Man United,1,1,D,10,21,2,8,2,3,3.75,3.38,2.1,4,5,5,2,0.8,1.4,1.8,1.2,11.6,18.2,2.8,5.4,5.6,7.0
2019-08-31,West Ham,Norwich,2,0,H,18,8,8,3,8,2,1.89,3.91,3.92,10,3,7,0,2.2,2.0,1.6,2.6666666666666665,12.4,11.0,6.2,6.0,3.6,3.3333333333333335
2019-09-01,Arsenal,Tottenham,2,2,D,26,13,8,9,11,6,2.38,3.63,2.9,10,5,10,1,1.6,1.4,1.2,1.4,14.0,14.6,5.6,3.8,7.6,7.0
2019-09-01,Everton,Wolves,3,2,H,15,8,6,5,7,7,2.17,3.29,3.65,8,6,15,4,1.0,0.6,0.8,0.8,14.2,11.4,4.2,2.8,4.8,3.8
2019-09-14,Brighton,Burnley,1,1,D,14,7,5,1,3,6,2.15,3.34,3.62,4,4,2,5,1.0,1.2,2.2,1.8,9.0,12.4,2.8,4.0,4.2,4.4
2019-09-14,Liverpool,Newcastle,3,1,H,21,8,9,1,10,1,1.15,8.27,19.45,15,7,15,10,2.8,1.4,0.6,1.0,16.6,10.6,6.0,3.8,6.8,5.4
2019-09-14,Man United,Leicester,1,0,H,10,9,5,3,3,9,1.94,3.55,4.12,5,9,4,8,1.4,1.2,1.2,0.6,17.8,11.8,5.6,2.8,6.2,5.8
2019-09-14,Norwich,Man City,3,2,H,7,25,3,8,3,16,17.04,9.03,1.15,3,13,3,15,1.5,3.6,2.5,0.8,10.25,19.6,5.25,7.8,3.0,6.6
2019-09-14,Sheffield United,Southampton,0,1,A,17,11,4,7,12,6,2.46,3.26,3.06,5,5,3,4,1.25,1.0,1.25,1.4,9.75,11.4,2.75,3.0,5.75,4.6
2019-09-14,Tottenham,Crystal Palace,4,0,H,13,11,5,6,4,3,1.39,5.0,8.24,6,10,7,12,1.8,1.6,1.6,1.0,15.0,11.2,4.6,4.4,7.0,5.6
2019-09-14,Wolves,Chelsea,2,5,A,11,15,4,6,7,5,2.97,3.36,2.46,3,6,9,5,0.8,1.2,1.4,1.8,9.2,16.4,2.6,5.8,3.8,5.0
2019-09-15,Bournemouth,Everton,3,1,H,13,14,6,5,7,7,3.01,3.48,2.37,4,8,4,3,1.6,1.2,2.6,1.2,11.8,13.2,4.8,4.2,4.2,4.6
2019-09-15,Watford,Arsenal,2,2,D,31,10,7,4,7,1,3.64,3.74,2.01,1,10,1,6,0.6,1.8,2.4,1.4,14.4,15.2,3.8,5.6,6.4,6.6
2019-09-16,Aston Villa,West Ham,0,0,D,10,13,5,1,2,4,2.64,3.56,2.63,3,10,3,10,1.0,2.0,1.5,1.6,11.5,12.6,4.0,6.6,3.0,4.8
2019-09-20,Southampton,Bournemouth,1,3,A,25,6,6,3,4,5,2.1,3.62,3.5,7,7,6,7,1.0,1.6,1.2,1.8,11.6,11.2,3.8,4.4,5.0,4.8
2019-09-21,Burnley,Norwich,2,0,H,13,11,6,2,7,3,1.99,3.76,3.67,5,6,6,0,1.2,1.8,1.4,2.4,11.0,9.6,3.2,4.8,4.8,3.0
2019-09-21,Everton,Sheffield United,0,2,A,16,2,3,1,12,3,1.67,3.8,5.58,7,5,15,2,1.0,1.0,1.4,1.2,12.6,11.2,3.4,3.0,5.2,7.0
2019-09-21,Leicester,Tottenham,2,1,H,16,11,7,4,8,2,2.87,3.5,2.45,8,8,8,2,1.2,2.2,0.8,1.2,11.8,15.4,2.8,5.0,6.8,6.4
2019-09-21,Man City,Watford,8,0,H,28,5,11,4,5,4,1.11,10.24,23.21,10,2,13,4,3.2,0.8,1.2,2.0,20.6,17.2,7.6,3.6,8.6,6.4
2019-09-21,Newcastle,Brighton,0,0,D,11,16,4,3,5,3,2.5,3.16,3.07,4,5,4,5,0.8,1.0,1.6,1.6,9.6,10.6,2.8,3.4,4.6,4.4
2019-09-22,Arsenal,Aston Villa,3,2,H,21,14,6,9,9,4,1.42,4.9,7.49,8,4,8,0,1.6,0.8,1.6,1.2,13.8,11.2,5.2,4.2,5.8,2.8
2019-09-22,Chelsea,Liverpool,1,2,A,13,6,2,3,6,4,3.58,3.69,2.04,8,15,9,15,2.2,3.0,2.2,0.8,16.6,18.2,6.2,6.8,5.0,8.0
2019-09-22,Crystal Palace,Wolves,1,1,D,13,14,4,4,6,7,2.64,3.11,2.93,7,3,8,4,0.6,1.2,1.2,2.0,10.0,10.0,4.0,3.0,5.4,5.0
2019-09-22,West Ham,Man United,2,0,H,8,9,6,3,3,7,3.24,3.59,2.21,8,8,7,3,1.2,1.6,1.4,0.8,12.0,14.6,5.0,4.6,5.2,4.6
2019-09-28,Aston Villa,Burnley,2,2,D,16,10,3,3,7,3,2.38,3.38,3.08,4,5,4,3,1.0,1.0,1.2,1.4,12.6,11.6,5.2,3.6,3.6,5.8
2019-09-28,Bournemouth,West Ham,2,2,D,13,17,5,6,6,6,2.48,3.56,2.79,9,11,7,11,2.0,1.6,1.8,0.4,9.8,12.6,4.4,5.6,5.2,5.6
2019-09-28,Chelsea,Brighton,2,0,H,24,8,10,1,5,2,1.44,4.64,7.64,8,3,6,5,2.4,0.4,1.8,1.6,15.6,12.8,5.2,3.4,5.2,4.6
2019-09-28,Crystal Palace,Norwich,2,0,H,15,10,3,3,5,5,1.94,3.75,3.88,7,6,9,0,0.8,1.6,1.4,2.0,11.4,9.4,4.4,4.2,5.4,3.2
2019-09-28,Everton,Man City,1,3,A,12,20,8,9,5,2,9.84,5.86,1.3,6,10,12,12,1.0,3.8,1.8,1.2,13.8,23.4,3.4,8.0,7.2,9.4
2019-09-28,Sheffield United,Liverpool,0,1,A,12,16,2,4,6,5,8.9,5.17,1.36,7,15,3,15,1.2,2.6,1.0,0.8,10.0,16.4,2.6,6.0,6.8,6.6
2019-09-28,Tottenham,Southampton,2,1,H,9,14,4,6,6,6,1.44,4.67,7.61,5,7,7,7,1.8,1.2,1.4,1.2,11.4,14.4,4.4,4.4,4.0,4.4
2019-09-28,Wolves,Watford,2,0,H,6,14,2,5,1,6,1.89,3.49,4.46,3,2,8,4,1.4,0.8,2.2,3.0,11.2,16.0,3.4,3.8,5.8,6.2
2019-09-29,Leicester,Newcastle,5,0,H,13,3,5,0,9,0,1.53,4.09,7.06,10,5,11,7,1.6,0.8,1.0,1.4,12.0,10.0,4.0,3.2,6.0,4.6
2019-09-30,Man United,Arsenal,1,1,D,16,10,4,5,8,7,2.36,3.53,2.99,5,8,7,7,0.8,2.0,1.2,2.0,14.2,16.4,4.2,6.0,5.4,7.0
2019-10-05,Brighton,Tottenham,3,0,H,17,8,6,3,4,4,3.9,3.63,1.96,2,7,3,2,0.2,1.8,1.8,1.2,11.2,12.6,2.8,4.8,3.4,4.8
2019-10-05,Burnley,Everton,1,0,H,9,11,3,2,7,9,2.93,3.3,2.52,6,3,6,3,1.2,1.0,1.4,2.4,10.0,13.8,3.2,4.6,5.0,7.4
2019-10-05,Liverpool,Leicester,2,1,H,18,2,8,1,4,6,1.46,4.66,7.0,15,12,15,5,2.4,2.4,0.6,0.8,16.6,12.2,5.6,4.4,5.8,6.8
2019-10-05,Norwich,Aston Villa,1,5,A,21,22,5,12,10,6,2.41,3.6,2.85,3,5,6,0,1.0,1.2,2.2,1.2,8.4,11.4,3.2,4.4,2.8,3.0
2019-10-05,Watford,Sheffield United,0,0,D,8,9,2,3,7,7,2.14,3.38,3.58,2,4,1,5,0.8,1.0,3.2,1.2,17.2,9.4,4.4,2.4,6.0,6.4
2019-10-05,West Ham,Crystal Palace,1,2,A,9,7,4,4,2,2,2.0,3.58,3.8,11,10,10,9,1.8,1.2,0.6,1.2,14.4,13.2,6.2,4.2,5.6,5.6
2019-10-06,Arsenal,Bournemouth,1,0,H,12,10,2,2,14,5,1.45,4.97,6.68,6,7,8,7,1.8,2.0,2.0,2.0,15.2,10.0,5.2,4.6,6.4,5.4
2019-10-06,Man City,Wolves,0,2,A,18,7,2,2,9,1,1.13,9.26,21.61,12,5,13,5,4.0,1.6,1.0,2.0,21.4,11.2,7.8,3.4,7.2,5.2
2019-10-06,Newcastle,Man United,1,0,H,12,12,2,3,4,6,4.42,3.44,1.9,5,5,5,3,0.6,0.8,1.8,1.2,8.6,15.6,2.6,4.6,3.6,5.8
2019-10-06,Southampton,Chelsea,1,4,A,10,13,3,7,3,4,4.02,3.84,1.87,7,10,3,8,1.2,2.6,1.2,1.6,14.4,17.6,5.0,6.2,4.6,5.4
2019-10-19,Aston Villa,Brighton,2,1,H,24,20,8,5,7,5,2.38,3.43,3.05,5,5,5,5,1.8,0.8,1.4,1.4,14.4,12.2,6.2,3.4,4.2,2.6
2019-10-19,Bournemouth,Norwich,0,0,D,11,10,2,1,6,7,1.73,4.33,4.35,7,3,8,0,1.8,0.8,1.6,2.6,10.0,11.4,3.6,3.2,5.6,4.6
2019-10-19,Chelsea,Newcastle,1,0,H,16,5,8,0,11,0,1.31,5.62,10.38,10,5,8,6,2.8,0.6,1.4,1.8,15.6,9.4,6.0,2.4,4.6,3.2
2019-10-19,Crystal Palace,Man City,0,2,A,7,21,2,10,1,8,11.88,6.72,1.24,10,9,11,12,1.2,3.4,1.2,1.2,13.6,21.2,4.4,7.2,5.8,8.0
2019-10-19,Everton,West Ham,2,0,H,19,8,10,4,11,2,1.97,3.71,3.81,3,8,9,9,1.0,1.4,2.2,0.8,13.6,13.0,4.8,5.0,8.0,4.6
2019-10-19,Leicester,Burnley,2,1,H,19,13,3,4,9,4,1.57,4.09,6.37,9,8,11,3,2.2,1.2,1.0,1.2,10.6,9.2,4.2,3.0,7.2,5.8
2019-10-19,Tottenham,Watford,1,1,D,12,7,2,2,11,2,1.42,4.9,7.48,7,3,10,1,1.8,0.6,1.6,2.6,10.8,14.2,5.0,4.2,4.4,5.8
2019-10-19,Wolves,Southampton,1,1,D,4,14,1,5,1,3,1.85,3.58,4.52,7,4,8,6,1.8,1.0,1.8,2.0,9.2,14.0,3.4,4.8,4.6,4.2
2019-10-20,Man United,Liverpool,1,1,D,7,10,2,4,3,1,5.03,3.96,1.7,5,15,7,15,0.6,2.2,1.0,0.6,13.6,15.2,4.6,6.2,5.4,5.4
2019-10-21,Sheffield United,Arsenal,1,0,H,8,9,2,3,7,12,3.88,3.79,1.93,5,9,3,8,0.8,1.8,0.8,1.4,9.6,15.8,2.4,5.0,6.4,8.4
2019-10-25,Southampton,Leicester,0,9,A,6,25,3,15,2,7,3.2,3.34,2.36,4,9,2,4,1.0,2.0,2.0,1.0,14.8,11.8,5.4,3.8,4.4,8.2
2019-10-26,Brighton,Everton,3,2,H,8,10,4,6,0,5,2.87,3.3,2.58,5,3,5,2,1.0,0.8,1.0,1.8,15.0,14.4,4.0,5.6,3.4,8.8
2019-10-26,Burnley,Chelsea,2,4,A,13,16,5,7,5,6,4.53,4.02,1.75,8,12,9,10,1.4,2.6,1.0,1.0,10.4,16.2,3.4,6.6,5.4,6.2
2019-10-26,Man City,Aston Villa,3,0,H,25,11,9,5,13,7,1.09,11.64,28.3,9,8,10,3,3.0,2.2,1.2,1.4,22.4,17.2,8.0,7.4,8.0,5.2
2019-10-26,Watford,Bournemouth,0,0,D,7,15,3,5,5,10,2.19,3.53,3.31,3,8,2,6,0.6,1.6,2.6,1.0,13.0,10.6,4.0,3.6,5.2,5.8
2019-10-26,West Ham,Sheffield United,1,1,D,12,10,4,4,10,4,2.11,3.46,3.6,5,7,9,6,1.0,0.6,1.2,0.4,11.0,9.6,4.2,2.4,3.4,7.0
2019-10-27,Arsenal,Crystal Palace,2,2,D,15,10,6,4,12,5,1.49,4.63,6.49,8,7,11,9,1.4,1.0,1.2,1.6,12.4,10.6,4.0,3.8,8.6,3.4
2019-10-27,Liverpool,Tottenham,2,1,H,21,11,13,4,8,3,1.54,4.45,6.11,13,7,15,2,1.8,1.6,0.8,1.4,14.2,10.6,5.6,3.6,4.8,5.4
2019-10-27,Newcastle,Wolves,1,1,D,13,13,2,5,3,6,3.02,3.09,2.59,4,8,5,5,0.4,1.6,1.8,1.4,7.8,8.4,1.4,2.6,2.0,3.4
2019-10-27,Norwich,Man United,1,3,A,10,21,3,11,1,10,4.36,3.91,1.8,4,5,6,3,0.8,0.6,2.2,1.0,11.8,10.8,2.8,3.4,5.6,5.4
2019-11-02,Arsenal,Wolves,1,1,D,10,25,4,8,8,9,1.78,3.8,4.65,8,9,11,6,1.4,1.4,1.2,0.6,13.4,8.8,4.4,2.8,10.8,3.2
2019-11-02,Aston Villa,Liverpool,1,2,A,5,25,2,6,2,10,8.4,5.37,1.36,7,13,8,13,2.2,1.6,2.0,0.8,17.4,14.2,7.4,6.4,6.2,4.4
2019-11-02,Bournemouth,Man United,1,0,H,12,15,6,4,4,10,3.33,3.55,2.19,6,5,6,5,1.0,1.0,0.8,1.2,11.0,13.0,3.4,4.6,6.4,6.8
2019-11-02,Brighton,Norwich,2,0,H,21,7,5,0,8,3,1.71,4.17,4.65,7,1,8,1,1.4,0.4,1.2,2.4,13.8,12.4,3.8,2.8,2.8,5.2
2019-11-02,Man City,Southampton,2,1,H,26,3,4,3,17,0,1.08,11.99,29.72,12,1,10,7,3.2,0.8,0.6,3.8,22.4,13.8,8.2,4.6,7.4,3.6
2019-11-02,Sheffield United,Burnley,3,0,H,13,6,6,0,7,6,2.26,3.22,3.46,8,7,6,3,0.8,1.6,0.4,1.6,8.2,11.6,2.4,4.2,5.4,5.2
2019-11-02,Watford,Chelsea,1,2,A,12,16,3,10,1,6,4.99,4.24,1.65,3,12,3,12,0.2,2.4,2.2,1.0,8.2,16.4,3.2,6.8,4.8,6.4
2019-11-02,West Ham,Newcastle,2,3,A,16,12,6,9,7,3,1.79,3.82,4.55,5,5,7,3,1.2,0.4,1.4,1.4,10.8,8.8,4.8,1.6,4.6,2.4
2019-11-03,Crystal Palace,Leicester,0,2,A,12,14,3,5,5,6,3.5,3.38,2.17,8,12,8,7,1.4,3.8,1.2,0.8,10.4,15.0,3.4,6.2,3.8,7.8
2019-11-03,Everton,Tottenham,1,1,D,7,4,3,2,5,2,2.73,3.49,2.57,3,4,9,2,1.0,1.0,1.8,1.8,13.6,10.2,5.8,3.4,8.4,5.2
2019-11-08,Norwich,Watford,0,2,A,17,12,5,2,10,4,2.68,3.57,2.6,1,3,6,2,0.4,0.4,2.4,1.0,11.6,9.6,2.4,3.0,5.2,4.2
2019-11-09,Burnley,West Ham,3,0,H,14,7,12,4,11,4,2.27,3.55,3.13,4,2,9,6,1.2,1.2,2.2,2.0,10.2,12.4,3.0,4.8,5.0,5.4
2019-11-09,Chelsea,Crystal Palace,2,0,H,23,3,5,1,7,0,1.34,5.35,9.29,15,7,8,7,2.6,1.2,0.8,1.4,17.0,10.2,8.4,3.2,6.4,3.6
2019-11-09,Leicester,Arsenal,2,0,H,19,8,7,1,5,4,1.99,3.78,3.62,12,6,13,5,3.8,1.0,0.6,1.0,14.6,11.2,5.8,4.0,7.4,10.6
2019-11-09,Newcastle,Bournemouth,2,1,H,20,16,9,3,5,4,2.64,3.21,2.84,7,6,6,7,1.0,0.6,1.8,0.6,9.0,12.2,2.6,4.0,2.0,6.2
2019-11-09,Southampton,Everton,1,2,A,4,24,3,5,5,9,2.96,3.37,2.44,1,4,1,1,0.8,1.2,3.6,1.6,9.4,11.8,4.0,5.8,2.8,7.0
2019-11-09,Tottenham,Sheffield United,1,1,D,17,14,5,4,4,4,1.58,4.14,6.02,5,8,10,7,1.0,1.0,1.6,0.4,8.8,10.4,3.0,3.4,5.2,6.2
2019-11-10,Liverpool,Man City,3,1,H,12,18,5,3,4,13,2.56,3.58,2.68,13,12,15,12,1.6,2.0,0.8,0.8,18.0,22.0,7.0,6.8,5.6,9.8
2019-11-10,Man United,Brighton,3,1,H,21,6,11,2,5,2,1.67,3.67,5.82,5,9,8,4,1.0,1.8,1.0,1.2,14.2,14.8,4.8,4.2,7.4,3.8
2019-11-10,Wolves,Aston Villa,2,1,H,17,13,5,4,6,3,1.9,3.6,4.24,9,7,6,3,1.4,2.0,0.6,1.8,11.0,15.6,3.6,6.0,3.6,5.8
2019-11-23,Arsenal,Southampton,2,2,D,12,21,5,6,6,8,1.47,4.75,6.55,5,1,9,7,0.8,0.8,1.2,3.6,10.8,7.4,3.2,3.4,10.0,2.6
2019-11-23,Bournemouth,Wolves,1,2,A,9,17,2,7,5,9,2.82,3.3,2.59,5,9,8,6,0.4,1.4,0.6,0.8,12.8,13.2,3.6,4.2,5.8,4.6
2019-11-23,Brighton,Leicester,0,2,A,7,19,0,9,6,7,3.69,3.53,2.04,9,12,10,9,2.0,3.2,1.4,0.6,14.4,15.8,4.4,6.2,3.8,6.6
2019-11-23,Crystal Palace,Liverpool,1,2,A,16,12,6,4,9,8,7.33,4.62,1.45,4,13,7,13,0.8,2.0,1.8,1.0,7.8,17.2,2.8,7.2,2.6,5.4
2019-11-23,Everton,Norwich,0,2,A,18,13,7,5,7,7,1.4,5.0,7.73,7,1,7,1,1.4,0.4,1.2,2.4,14.2,13.0,5.2,2.8,7.8,6.2
2019-11-23,Man City,Chelsea,2,1,H,15,11,4,2,8,2,1.45,4.96,6.64,9,15,12,15,1.6,2.6,1.2,0.8,21.6,16.8,5.6,7.4,12.0,6.8
2019-11-23,Watford,Burnley,0,3,A,15,11,4,5,7,5,2.33,3.31,3.2,6,6,3,3,0.8,1.4,0.6,1.8,9.2,11.0,2.4,4.8,3.8,6.6
2019-11-23,West Ham,Tottenham,2,3,A,11,15,4,6,3,7,4.32,4.14,1.75,1,3,7,2,0.8,0.8,2.2,1.6,10.4,10.4,4.4,3.2,5.0,4.8
2019-11-24,Sheffield United,Man United,3,3,D,12,11,8,5,6,3,3.55,3.28,2.18,9,7,6,4,1.2,1.4,0.4,1.0,10.8,15.2,3.8,6.2,5.8,6.8
2019-11-25,Aston Villa,Newcastle,2,0,H,17,11,8,5,11,6,2.11,3.46,3.55,6,10,8,6,1.8,1.4,1.8,1.0,15.0,12.4,6.2,4.4,5.0,3.0
2019-11-30,Burnley,Crystal Palace,0,2,A,15,7,4,2,5,6,2.31,3.26,3.3,6,1,9,7,1.8,0.6,1.8,2.0,11.4,9.6,5.2,3.2,6.2,4.0
2019-11-30,Chelsea,West Ham,0,1,A,19,5,6,4,9,3,1.3,5.94,9.63,12,1,10,5,2.0,1.0,1.0,2.4,16.4,10.8,6.4,4.4,6.4,5.2
2019-11-30,Liverpool,Brighton,2,1,H,15,12,7,5,4,5,1.21,6.85,14.67,13,6,15,1,2.0,1.4,1.0,1.8,16.0,12.4,6.4,3.2,6.2,4.2
2019-11-30,Newcastle,Man City,2,2,D,6,24,3,9,1,10,15.11,7.59,1.18,7,12,9,9,1.2,2.0,1.4,1.0,12.2,21.0,5.0,6.0,3.4,11.8
2019-11-30,Southampton,Watford,2,1,H,11,6,6,3,6,7,2.12,3.5,3.51,2,5,1,5,1.0,0.8,3.2,1.2,9.6,10.6,4.0,2.8,3.6,3.8
2019-11-30,Tottenham,Bournemouth,3,2,H,15,20,5,6,4,8,1.38,5.19,7.86,6,5,8,4,1.4,0.6,1.4,0.8,11.8,12.6,3.8,3.6,5.4,5.8
2019-12-01,Leicester,Everton,2,1,H,16,11,6,3,4,4,1.64,4.08,5.33,15,7,15,3,3.4,1.4,0.2,1.4,19.2,15.6,7.8,6.2,6.8,7.4
2019-12-01,Man United,Aston Villa,2,2,D,16,9,6,3,9,9,1.49,4.38,7.08,8,6,8,3,2.0,1.2,1.4,1.6,15.0,14.0,6.6,5.4,6.2,6.0
2019-12-01,Norwich,Arsenal,2,2,D,15,16,8,7,7,12,4.14,4.22,1.77,4,3,3,2,0.6,1.0,1.4,1.6,11.4,10.8,2.8,3.8,5.6,8.4
2019-12-01,Wolves,Sheffield United,1,1,D,13,9,3,4,7,2,1.92,3.43,4.35,9,9,8,7,1.4,1.8,1.0,1.0,15.2,11.4,5.2,4.8,6.2,5.6
2019-12-03,Burnley,Man City,1,4,A,4,17,2,8,3,6,11.59,6.41,1.25,6,10,9,7,1.6,2.0,1.8,1.4,11.8,21.6,5.2,5.8,6.4,12.2
2019-12-03,Crystal Palace,Bournemouth,1,0,H,7,6,2,3,6,9,2.24,3.38,3.34,4,4,4,4,1.0,1.0,1.6,1.4,9.6,14.4,3.2,4.4,5.0,6.2
2019-12-04,Chelsea,Aston Villa,2,1,H,25,9,9,3,9,5,1.3,5.85,9.89,9,4,9,4,1.8,1.2,1.2,1.8,17.0,11.0,6.0,4.4,6.0,6.4
2019-12-04,Leicester,Watford,2,0,H,12,4,6,1,7,2,1.36,5.13,8.81,15,4,15,4,3.4,0.8,0.2,1.4,18.6,10.4,8.4,3.0,5.8,4.8
2019-12-04,Liverpool,Everton,5,2,H,11,12,5,4,5,6,1.39,4.99,8.28,15,4,15,3,2.2,1.2,1.0,1.8,17.0,14.0,7.0,4.8,6.8,6.0
2019-12-04,Man United,Tottenham,2,1,H,12,8,7,5,4,3,2.69,3.47,2.61,8,8,9,4,2.2,1.8,1.6,1.6,16.8,12.4,7.4,4.4,7.4,4.0
2019-12-04,Southampton,Norwich,2,1,H,14,10,5,3,6,1,1.78,3.99,4.35,4,4,3,4,1.2,1.0,3.2,1.8,9.0,12.4,4.2,4.2,4.2,5.6
2019-12-04,Wolves,West Ham,2,0,H,13,6,7,3,5,4,1.77,3.73,4.74,9,4,8,5,1.4,1.2,1.0,2.0,17.0,10.2,5.6,4.4,7.4,5.4
2019-12-05,Arsenal,Brighton,1,2,A,12,20,5,9,9,9,1.61,4.23,5.41,4,6,9,1,1.4,1.4,1.8,1.8,12.2,10.8,4.6,3.2,8.4,4.2
2019-12-05,Sheffield United,Newcastle,0,2,A,13,6,6,4,8,1,1.86,3.45,4.62,7,8,7,3,1.8,1.6,1.2,1.6,11.6,12.4,5.2,5.6,4.6,3.6
2019-12-07,Bournemouth,Liverpool,0,3,A,3,21,0,9,1,3,7.01,5.03,1.42,3,15,8,13,1.0,2.8,1.6,1.2,12.6,15.0,4.0,5.4,6.0,6.2
2019-12-07,Everton,Chelsea,3,1,H,13,15,7,4,1,5,3.52,3.8,2.02,4,9,4,12,1.2,1.4,2.2,1.0,14.4,18.8,4.4,6.4,6.2,6.6
2019-12-07,Man City,Man United,1,2,A,22,11,5,7,16,3,1.31,5.67,9.9,10,8,12,4,2.2,2.0,1.6,1.6,20.0,15.0,5.6,6.6,10.8,6.2
2019-12-07,Tottenham,Burnley,5,0,H,13,7,7,1,1,1,1.41,4.82,7.98,8,6,11,5,1.8,1.4,1.6,1.8,11.8,10.0,4.6,4.6,4.0,6.0
2019-12-07,Watford,Crystal Palace,0,0,D,13,3,3,0,6,2,2.37,3.34,3.12,3,6,3,7,0.8,0.8,1.8,1.2,9.8,9.0,2.6,2.8,4.2,5.2
2019-12-08,Aston Villa,Leicester,1,4,A,15,23,2,8,8,5,4.27,3.88,1.82,4,15,8,9,1.4,2.0,1.6,0.2,10.6,16.0,4.0,6.6,6.0,5.8
2019-12-08,Brighton,Wolves,2,2,D,13,13,4,5,3,4,2.69,3.16,2.81,6,11,10,9,1.2,1.6,1.6,0.8,13.2,17.0,4.2,6.0,6.0,7.2
2019-12-08,Newcastle,Southampton,2,1,H,12,19,6,4,3,12,2.59,3.23,2.87,10,7,9,5,1.8,1.6,1.4,1.6,11.0,10.6,6.0,4.6,3.2,5.0
2019-12-08,Norwich,Sheffield United,1,2,A,14,9,4,3,9,1,2.98,3.45,2.4,4,6,4,7,1.0,1.6,1.6,1.4,12.4,12.2,4.2,5.6,5.6,5.4
2019-12-09,West Ham,Arsenal,1,3,A,11,10,4,3,4,3,3.43,4.02,1.98,3,3,4,3,1.0,1.2,2.2,1.8,9.0,11.6,4.2,4.4,4.2,7.8
2019-12-14,Burnley,Newcastle,1,0,H,7,9,4,0,4,3,1.96,3.5,4.07,6,10,6,6,1.4,1.6,2.2,1.2,10.2,11.0,4.8,5.4,5.0,3.2
2019-12-14,Chelsea,Bournemouth,0,1,A,18,11,5,2,9,4,1.25,6.48,11.64,6,0,12,1,1.2,0.8,1.4,2.2,18.6,10.8,5.2,2.8,6.4,5.4
2019-12-14,Leicester,Norwich,1,1,D,18,10,5,3,12,4,1.22,6.73,13.29,15,4,15,4,2.4,1.2,0.4,1.6,17.8,13.8,7.2,5.0,5.6,6.8
2019-12-14,Liverpool,Watford,2,0,H,16,8,6,2,6,3,1.17,7.72,16.32,15,4,15,4,3.0,0.6,1.0,1.4,14.2,10.0,6.0,2.6,4.8,5.2
2019-12-14,Sheffield United,Aston Villa,2,0,H,7,8,3,0,3,2,1.86,3.75,4.17,6,4,7,4,1.4,1.4,1.6,2.0,11.4,12.6,5.0,4.0,4.2,7.2
2019-12-14,Southampton,West Ham,0,1,A,11,11,2,4,5,8,1.92,3.86,3.83,7,3,6,4,1.6,0.8,1.6,2.2,13.8,8.0,4.8,3.8,7.4,3.6
2019-12-15,Arsenal,Man City,0,3,A,6,14,1,7,3,3,6.03,5.33,1.45,5,7,6,10,1.6,2.0,1.8,1.8,11.6,19.2,4.2,5.8,6.8,10.6
2019-12-15,Man United,Everton,1,1,D,24,8,8,3,6,5,1.78,3.71,4.76,11,6,9,3,2.4,1.6,1.6,2.2,14.2,15.6,7.2,5.2,4.8,5.4
2019-12-15,Wolves,Tottenham,1,2,A,18,9,5,5,11,2,3.22,3.45,2.26,11,10,11,4,1.8,2.6,1.0,1.4,14.6,13.6,5.4,5.6,6.2,3.8
2019-12-16,Crystal Palace,Brighton,1,1,D,11,15,4,10,3,7,2.55,3.22,2.91,7,4,6,3,0.8,1.2,0.8,2.0,7.2,11.6,2.2,4.0,4.6,5.0
2019-12-21,Aston Villa,Southampton,1,3,A,19,17,6,8,7,5,2.43,3.54,2.87,4,7,7,2,1.2,1.4,2.0,1.4,11.6,15.2,3.2,4.6,7.0,7.4
2019-12-21,Bournemouth,Burnley,0,1,A,3,2,0,1,4,5,2.43,3.38,2.97,3,6,5,4,0.8,1.0,1.8,2.2,9.8,8.8,2.6,3.2,5.4,3.6
2019-12-21,Brighton,Sheffield United,0,1,A,9,7,2,2,4,3,2.21,3.27,3.52,5,8,10,7,1.2,1.6,1.6,1.4,13.4,10.0,5.6,4.8,6.0,4.0
2019-12-21,Everton,Arsenal,0,0,D,9,6,0,2,5,4,2.33,3.75,2.9,4,5,7,5,1.4,1.6,2.2,2.0,12.4,11.2,4.8,4.2,4.6,6.6
2019-12-21,Man City,Leicester,3,1,H,23,5,12,2,6,1,1.37,5.41,7.72,10,13,9,12,2.4,2.2,1.2,0.6,18.4,17.6,6.6,6.8,8.6,7.0
2019-12-21,Newcastle,Crystal Palace,1,0,H,8,16,3,4,4,5,2.43,3.11,3.22,7,8,11,8,1.2,1.0,1.2,0.6,8.8,8.8,3.6,2.8,2.8,5.2
2019-12-21,Norwich,Wolves,1,2,A,13,14,7,4,3,11,3.71,3.75,1.97,5,8,1,9,1.4,1.6,1.4,1.2,12.4,14.8,4.6,5.4,5.6,7.2
2019-12-22,Tottenham,Chelsea,0,2,A,5,13,1,3,3,5,2.37,3.65,2.88,12,3,11,9,2.8,0.8,1.4,1.6,12.0,17.6,5.6,5.2,3.4,6.8
2019-12-22,Watford,Man United,2,0,H,11,17,3,8,3,5,4.39,3.89,1.8,1,9,3,7,0.2,2.0,1.8,1.6,9.2,14.8,2.6,6.6,5.0,5.0
2019-12-26,Aston Villa,Norwich,1,0,H,11,16,2,6,5,8,2.11,3.77,3.28,1,2,6,5,1.0,1.2,2.6,1.8,12.0,12.4,2.8,5.0,6.2,4.8
2019-12-26,Bournemouth,Arsenal,1,1,D,12,17,4,2,8,3,3.5,3.85,2.01,3,5,4,5,0.6,1.2,1.6,1.6,8.6,10.0,2.2,3.6,5.2,6.2
2019-12-26,Chelsea,Southampton,0,2,A,10,5,3,3,8,1,1.35,5.31,8.58,6,9,9,5,1.0,1.6,1.2,1.2,18.0,14.4,5.4,5.0,7.4,6.8
2019-12-26,Crystal Palace,West Ham,2,1,H,13,10,4,2,7,6,2.32,3.42,3.12,8,6,4,6,0.8,1.0,0.4,1.6,8.8,8.8,2.4,3.8,4.4,4.4
2019-12-26,Everton,Burnley,1,0,H,21,6,5,0,10,2,1.71,3.76,5.15,5,6,8,6,1.4,0.6,1.8,2.2,10.6,7.0,3.4,2.4,4.2,3.6
2019-12-26,Leicester,Liverpool,0,4,A,3,15,0,6,2,8,3.38,3.72,2.08,10,15,13,13,2.0,2.8,1.2,0.8,14.8,15.0,5.4,6.2,5.8,5.2
2019-12-26,Man United,Newcastle,4,1,H,22,7,10,2,5,0,1.35,5.19,9.18,8,10,9,6,1.4,1.4,1.4,0.8,16.0,8.2,7.2,3.2,5.4,2.4
2019-12-26,Sheffield United,Watford,1,1,D,16,5,4,2,9,1,1.86,3.54,4.46,10,4,10,4,1.2,0.6,0.8,1.2,9.0,8.4,3.6,2.4,3.4,4.2
2019-12-26,Tottenham,Brighton,2,1,H,11,11,5,5,9,2,1.55,4.41,5.73,9,5,8,4,2.2,1.2,1.4,1.4,10.0,13.8,4.6,6.0,2.6,5.6
2019-12-27,Wolves,Man City,3,2,H,20,7,8,3,3,1,7.73,4.95,1.4,8,10,8,10,1.6,2.6,1.2,1.2,14.2,20.0,4.8,8.2,7.6,8.2
2019-12-28,Brighton,Bournemouth,2,0,H,16,10,6,2,9,2,1.79,3.85,4.43,5,4,7,4,1.2,0.4,1.4,1.2,13.6,7.0,6.0,1.8,5.0,5.2
2019-12-28,Burnley,Man United,0,2,A,8,14,1,5,5,4,4.31,3.7,1.85,6,10,6,7,0.6,1.8,2.0,1.2,5.2,17.2,1.6,8.0,3.0,4.6
2019-12-28,Newcastle,Everton,1,2,A,20,22,5,9,5,8,3.55,3.4,2.14,9,8,11,4,1.2,1.4,1.2,1.4,8.4,12.6,3.0,3.8,2.2,5.4
2019-12-28,Norwich,Tottenham,2,2,D,5,15,2,7,4,6,4.93,4.07,1.69,1,9,1,7,0.8,2.0,1.6,1.2,12.6,9.2,4.6,4.6,5.0,3.6
2019-12-28,Southampton,Crystal Palace,1,1,D,14,5,5,2,12,4,1.98,3.57,3.91,9,8,6,5,1.6,0.8,1.0,0.6,13.2,10.0,4.4,2.8,5.8,4.6
2019-12-28,Watford,Aston Villa,3,0,H,20,11,6,2,6,3,1.99,3.77,3.65,5,3,5,1,0.6,0.8,1.0,2.2,8.2,12.4,2.2,2.6,3.0,5.4
2019-12-28,West Ham,Leicester,1,2,A,14,13,4,8,5,5,4.03,3.87,1.86,6,7,1,12,0.8,1.6,1.4,1.8,8.6,12.2,3.4,4.2,5.0,5.4
2019-12-29,Arsenal,Chelsea,1,2,A,7,13,2,4,2,3,2.86,3.73,2.35,5,6,3,9,1.0,1.0,1.4,1.4,10.2,16.2,2.6,4.8,4.4,7.2
2019-12-29,Liverpool,Wolves,1,0,H,10,10,3,2,5,6,1.28,5.84,10.92,15,10,15,9,3.2,2.0,0.6,1.4,15.6,15.6,6.6,5.8,5.2,6.8
2019-12-29,Man City,Sheffield United,2,0,H,16,8,4,0,8,5,1.18,7.62,14.91,9,10,12,9,2.6,1.2,1.4,0.8,16.6,10.4,7.0,3.6,6.4,4.8
2020-01-01,Arsenal,Man United,2,0,H,10,10,4,4,1,4,2.58,3.64,2.61,5,10,2,7,1.0,1.8,1.4,1.0,9.2,17.6,2.0,7.6,3.0,4.6
2020-01-01,Brighton,Chelsea,1,1,D,16,16,5,5,5,3,3.7,3.64,2.01,5,6,7,9,1.2,1.0,1.2,1.4,12.8,13.8,5.4,3.8,5.0,6.0
2020-01-01,Burnley,Aston Villa,1,2,A,20,11,1,6,8,4,1.81,3.81,4.37,6,3,6,1,0.4,0.6,1.6,2.4,6.0,12.8,1.4,2.4,3.4,5.0
2020-01-01,Man City,Everton,2,1,H,16,7,7,2,3,6,1.27,6.19,10.49,9,11,12,7,2.2,1.4,1.2,0.6,16.4,14.6,6.2,4.8,6.8,5.8
2020-01-01,Newcastle,Leicester,0,3,A,5,17,2,10,4,5,5.26,3.9,1.67,6,7,10,12,1.0,1.6,1.6,2.0,11.2,12.4,3.2,4.6,3.0,5.0
2020-01-01,Norwich,Crystal Palace,1,1,D,15,12,4,3,2,5,2.53,3.46,2.77,2,6,2,5,1.0,0.8,1.6,0.8,11.6,9.6,4.4,2.8,5.6,4.2
2020-01-01,Southampton,Tottenham,1,0,H,12,11,3,5,6,9,3.34,3.54,2.16,7,10,7,8,1.4,2.2,1.0,1.2,13.2,10.6,4.4,5.0,7.0,4.2
2020-01-01,Watford,Wolves,2,1,H,9,16,3,4,4,7,3.16,3.37,2.32,8,7,7,8,1.2,1.6,0.6,1.6,11.4,15.0,3.2,4.8,3.8,7.0
2020-01-01,West Ham,Bournemouth,4,0,H,14,3,7,2,9,2,1.95,3.84,3.68,3,4,1,3,0.8,0.4,1.8,1.4,10.4,7.8,3.4,1.6,5.4,3.8
2020-01-02,Liverpool,Sheffield United,2,0,H,19,3,7,2,8,4,1.23,6.32,13.64,15,10,15,8,3.0,1.2,0.4,0.8,14.6,9.4,5.8,2.4,5.4,4.2
2020-01-10,Sheffield United,West Ham,1,0,H,13,7,3,2,7,3,2.02,3.43,3.94,7,6,8,6,0.8,1.6,1.0,1.4,8.2,12.0,2.2,4.2,4.8,6.4
2020-01-11,Chelsea,Burnley,3,0,H,18,7,8,2,10,3,1.29,5.61,11.06,7,6,6,6,1.0,0.6,1.0,1.0,14.0,8.6,4.0,1.4,5.6,4.8
2020-01-11,Crystal Palace,Arsenal,1,1,D,6,7,3,4,1,4,4.19,3.87,1.83,6,5,7,6,1.0,0.8,1.0,1.2,11.4,9.2,3.4,2.2,4.8,2.6
2020-01-11,Everton,Brighton,1,0,H,14,9,6,2,4,3,1.9,3.63,4.16,8,5,8,4,1.0,1.0,0.8,1.0,13.4,13.4,3.8,5.6,6.8,5.4
2020-01-11,Leicester,Southampton,1,2,A,5,16,5,10,2,4,1.64,4.02,5.46,7,10,10,7,1.4,1.4,1.8,0.6,11.2,11.8,5.0,4.2,5.0,5.8
2020-01-11,Man United,Norwich,4,0,H,13,8,6,3,4,2,1.36,5.16,8.82,7,3,11,4,1.4,1.0,1.2,1.4,17.4,11.8,7.0,4.4,4.8,4.2
2020-01-11,Tottenham,Liverpool,0,1,A,14,13,4,7,4,3,4.59,4.22,1.7,7,15,10,13,1.2,2.4,1.4,0.0,10.2,16.2,4.6,6.2,5.8,6.0
2020-01-11,Wolves,Newcastle,1,1,D,9,5,4,1,5,2,1.46,4.35,7.91,6,3,10,6,1.4,0.6,1.6,2.0,15.6,9.8,4.6,2.4,7.6,3.2
2020-01-12,Aston Villa,Man City,1,6,A,7,22,1,12,2,4,14.5,8.39,1.17,6,12,6,7,0.8,2.4,1.8,1.0,12.0,15.2,3.2,6.6,4.2,4.2
2020-01-12,Bournemouth,Watford,0,3,A,10,18,1,6,5,5,2.61,3.37,2.75,4,10,4,4,0.4,1.6,1.6,0.8,7.8,10.6,2.0,3.2,4.0,3.4
2020-01-18,Arsenal,Sheffield United,1,1,D,11,12,4,4,4,5,1.85,3.61,4.46,6,7,4,7,1.0,0.6,0.8,1.0,9.4,9.4,2.8,2.2,2.8,5.6
2020-01-18,Brighton,Aston Villa,1,1,D,10,8,2,3,3,4,1.65,4.29,4.94,4,6,5,4,0.8,1.0,1.0,2.6,12.2,11.8,4.0,3.4,4.6,4.2
2020-01-18,Man City,Crystal Palace,2,2,D,25,5,6,3,14,2,1.1,10.64,24.53,12,6,12,6,3.0,1.0,1.2,1.0,16.8,10.4,7.6,3.2,4.4,4.4
2020-01-18,Newcastle,Chelsea,1,0,H,7,19,2,4,1,10,6.02,4.53,1.52,4,10,7,7,0.8,1.6,2.0,0.8,9.0,14.0,2.6,4.6,3.0,5.8
2020-01-18,Norwich,Bournemouth,1,0,H,16,6,5,3,4,5,2.22,3.56,3.19,2,1,3,3,0.8,0.2,2.0,2.2,11.4,7.6,4.4,1.8,3.8,4.2
2020-01-18,Southampton,Wolves,2,3,A,11,8,5,4,1,3,2.39,3.37,3.05,13,7,10,7,1.8,1.4,0.6,1.4,12.8,13.8,5.8,4.4,5.6,6.4
2020-01-18,Watford,Tottenham,0,0,D,15,17,2,5,3,3,3.18,3.52,2.25,13,4,10,7,2.2,0.8,0.4,1.4,12.6,11.2,4.0,4.4,3.8,6.2
2020-01-18,West Ham,Everton,1,1,D,12,11,6,3,7,6,2.96,3.46,2.4,6,10,3,4,1.4,1.0,1.0,0.6,11.2,14.6,3.8,4.4,6.2,6.6
2020-01-19,Burnley,Leicester,2,1,H,8,18,5,8,4,5,4.19,3.71,1.87,3,6,3,12,0.4,1.4,1.6,2.0,8.6,8.6,1.0,5.0,4.6,3.0
2020-01-19,Liverpool,Man United,2,0,H,16,9,5,4,11,5,1.37,5.12,8.31,15,9,15,7,2.0,2.0,0.0,1.0,14.6,15.2,5.8,6.6,6.0,4.4
2020-01-21,Aston Villa,Watford,2,1,H,16,8,5,2,6,3,2.86,3.46,2.49,7,11,6,4,1.0,1.8,2.2,0.4,9.6,13.4,2.8,3.8,3.6,3.8
2020-01-21,Bournemouth,Brighton,3,1,H,11,21,3,8,5,8,2.94,3.35,2.47,1,5,1,4,0.2,1.0,2.2,1.0,8.2,12.4,2.4,4.0,4.4,4.4
2020-01-21,Chelsea,Arsenal,2,2,D,19,2,8,2,17,5,1.74,3.95,4.71,7,6,6,7,1.2,1.2,1.0,1.0,15.2,10.4,4.8,3.2,6.8,2.8
2020-01-21,Crystal Palace,Southampton,0,2,A,6,15,0,6,0,8,2.73,3.26,2.72,7,10,8,10,1.4,1.6,1.2,1.0,8.2,11.6,3.0,5.2,3.8,4.8
2020-01-21,Everton,Newcastle,2,2,D,17,8,8,2,6,4,1.6,3.99,6.06,10,4,10,4,1.2,0.8,0.8,2.0,15.0,8.8,5.0,2.4,6.8,2.4
2020-01-21,Sheffield United,Man City,0,1,A,4,18,1,5,5,13,7.41,4.82,1.43,5,10,8,10,0.6,2.8,1.2,1.4,10.4,17.2,2.6,6.4,6.0,6.0
2020-01-22,Leicester,West Ham,4,1,H,19,6,8,2,7,8,1.53,4.49,5.97,6,4,7,6,1.4,1.4,1.8,1.2,11.2,11.4,6.2,4.2,3.8,6.0
2020-01-22,Man United,Burnley,0,2,A,24,5,7,2,5,2,1.41,4.65,8.43,9,3,11,6,2.0,0.6,1.0,1.8,13.6,9.8,5.8,1.8,4.4,4.4
2020-01-22,Tottenham,Norwich,2,1,H,14,12,3,2,7,3,1.42,4.89,7.5,5,5,9,4,0.8,0.8,1.0,1.6,13.6,12.0,5.2,4.0,6.2,4.0
2020-01-23,Wolves,Liverpool,1,2,A,10,13,3,6,2,4,5.63,3.92,1.64,7,15,8,15,1.6,2.0,1.6,0.0,12.6,14.6,4.4,5.6,4.8,7.0
2020-01-29,West Ham,Liverpool,0,2,A,7,13,4,5,3,7,8.76,5.55,1.33,4,15,4,15,1.4,1.6,1.6,0.2,10.6,14.2,4.2,5.6,6.4,6.2
2020-02-01,Bournemouth,Aston Villa,2,1,H,16,18,6,5,1,8,2.13,3.57,3.39,3,7,4,4,0.6,1.2,2.2,2.4,8.0,10.6,2.2,3.4,3.8,3.8
2020-02-01,Crystal Palace,Sheffield United,0,1,A,13,10,3,3,9,5,3.11,3.06,2.52,4,4,8,7,1.0,0.4,1.4,1.2,6.8,8.0,2.2,2.0,2.4,5.2
2020-02-01,Leicester,Chelsea,2,2,D,14,7,4,3,4,6,2.52,3.59,2.72,9,8,7,7,2.2,1.6,1.2,1.0,14.4,17.0,7.8,5.8,4.8,8.6
2020-02-01,Liverpool,Southampton,4,0,H,16,17,9,4,6,11,1.28,5.86,10.73,15,10,15,12,1.8,1.6,0.2,1.0,14.8,13.6,6.0,5.8,6.6,6.2
2020-02-01,Man United,Wolves,0,0,D,15,14,5,3,4,6,2.23,3.24,3.48,6,4,10,7,1.2,1.2,1.2,1.6,14.0,10.6,5.2,3.4,4.4,4.6
2020-02-01,Newcastle,Norwich,0,0,D,15,19,5,4,8,12,2.24,3.39,3.31,5,5,9,1,1.0,1.0,1.6,1.8,9.0,11.2,2.4,3.2,3.2,3.0
2020-02-01,Watford,Everton,2,3,A,11,12,2,5,4,4,2.75,3.31,2.64,10,8,11,5,1.8,1.4,0.6,1.2,14.0,14.2,3.8,5.6,4.2,6.0
2020-02-01,West Ham,Brighton,3,3,D,12,19,6,6,4,6,2.56,3.37,2.8,4,5,4,4,1.2,1.0,1.6,1.2,9.2,14.4,4.2,4.6,6.0,5.6
2020-02-02,Burnley,Arsenal,0,0,D,15,13,2,2,5,7,3.75,3.53,2.02,6,6,6,7,1.0,1.4,1.6,1.2,9.6,7.4,2.2,3.2,4.4,3.2
2020-02-02,Tottenham,Man City,2,0,H,3,18,3,5,2,6,5.64,4.45,1.56,5,13,9,12,0.8,2.6,1.0,0.8,14.2,19.4,4.8,6.8,5.8,8.4
2020-02-08,Brighton,Watford,1,1,D,10,5,2,2,3,2,2.15,3.37,3.53,3,7,6,4,1.2,1.6,1.8,1.2,15.0,12.2,4.6,3.0,5.0,3.8
2020-02-08,Everton,Crystal Palace,3,1,H,14,10,8,2,4,6,1.63,3.77,6.02,8,3,11,4,1.6,0.8,1.4,1.4,12.2,8.4,4.8,2.4,5.2,3.4
2020-02-09,Sheffield United,Bournemouth,2,1,H,16,10,6,2,8,4,1.72,3.54,5.58,7,6,7,3,0.6,1.0,0.8,2.0,8.4,9.2,2.6,3.0,5.2,3.6
2020-02-14,Wolves,Leicester,0,0,D,15,9,3,3,7,0,2.55,3.29,2.91,5,7,7,9,1.2,2.2,1.4,1.4,11.4,14.6,3.6,7.0,4.6,4.6
2020-02-15,Norwich,Liverpool,0,1,A,5,17,1,6,2,7,10.02,6.0,1.29,5,15,5,15,0.6,2.2,1.4,0.2,14.0,14.2,3.6,6.4,4.6,6.2
2020-02-15,Southampton,Burnley,1,2,A,10,9,2,6,4,3,1.79,3.69,4.7,9,7,7,6,1.4,1.0,1.6,1.2,14.2,11.0,5.6,2.4,6.0,4.4
2020-02-16,Arsenal,Newcastle,4,0,H,15,10,7,2,5,6,1.43,4.6,7.72,7,6,4,5,1.2,0.8,0.8,1.2,8.6,8.0,3.2,2.4,4.2,3.8
2020-02-16,Aston Villa,Tottenham,2,3,A,18,23,4,10,12,7,4.01,3.78,1.89,7,7,6,5,1.4,0.8,2.2,0.6,12.0,11.8,4.0,4.0,4.8,5.0
2020-02-17,Chelsea,Man United,0,2,A,17,9,1,3,9,8,1.86,3.6,4.35,6,4,7,6,1.6,0.8,1.2,1.2,15.8,14.2,5.6,5.2,9.2,4.4
2020-02-19,Man City,West Ham,2,0,H,20,3,7,0,6,1,1.13,9.37,18.28,10,2,10,3,2.2,1.0,1.2,2.2,19.8,8.8,7.0,4.0,8.0,5.0
2020-02-22,Burnley,Bournemouth,3,0,H,16,12,10,4,7,3,2.15,3.28,3.65,10,6,7,3,1.2,1.2,1.0,1.6,8.8,10.6,3.4,3.0,3.4,4.0
2020-02-22,Chelsea,Tottenham,2,1,H,17,5,7,3,3,5,1.73,3.94,4.72,5,10,4,8,1.4,1.4,1.4,0.8,16.0,14.2,4.8,5.0,10.4,4.6
2020-02-22,Crystal Palace,Newcastle,1,0,H,18,8,9,2,7,5,1.96,3.3,4.35,2,6,5,2,0.8,0.8,1.8,1.4,8.0,9.0,2.2,2.4,3.6,4.2
2020-02-22,Leicester,Man City,0,1,A,10,18,3,7,3,7,4.49,4.15,1.73,5,10,5,9,1.6,2.2,1.4,1.0,13.0,20.6,5.6,7.0,3.6,8.6
2020-02-22,Sheffield United,Brighton,1,1,D,14,8,3,2,12,2,1.96,3.34,4.31,10,3,10,2,1.0,1.2,0.6,1.8,11.0,13.8,3.4,4.0,6.0,4.6
2020-02-22,Southampton,Aston Villa,2,0,H,28,4,9,1,9,6,1.64,4.23,5.1,6,4,4,4,1.4,1.4,2.0,2.6,13.8,13.4,5.4,3.6,5.6,6.4
2020-02-23,Arsenal,Everton,3,2,H,9,17,4,5,6,3,2.04,3.6,3.63,7,11,7,8,1.6,2.0,0.8,1.2,9.6,13.6,3.8,6.0,5.0,4.8
2020-02-23,Man United,Watford,3,0,H,21,7,9,2,3,5,1.6,3.97,5.98,7,5,8,5,1.2,1.4,0.8,1.2,14.0,11.4,5.0,2.8,5.2,3.4
2020-02-23,Wolves,Norwich,3,0,H,19,6,6,4,4,1,1.52,4.27,6.55,6,4,5,2,1.0,0.4,1.0,1.4,11.2,12.0,3.4,3.0,4.6,4.6
2020-02-24,Liverpool,West Ham,3,2,H,25,7,7,4,16,8,1.17,7.81,16.2,15,2,15,3,2.2,1.0,0.2,2.4,15.0,8.0,6.2,3.6,7.0,4.6
2020-02-28,Norwich,Leicester,1,0,H,11,19,6,4,6,7,4.66,4.02,1.74,4,5,5,7,0.4,1.4,1.2,1.2,11.6,14.0,3.2,5.2,4.4,3.8
2020-02-29,Bournemouth,Chelsea,2,2,D,9,23,5,6,4,14,4.68,3.84,1.76,6,5,7,8,1.2,1.2,1.6,1.6,11.0,15.8,3.6,4.6,3.6,9.0
2020-02-29,Brighton,Crystal Palace,0,1,A,24,12,8,3,8,7,2.08,3.24,3.93,4,4,6,3,1.4,0.8,1.8,1.6,13.6,10.4,4.0,3.4,4.4,4.8
2020-02-29,Newcastle,Burnley,0,0,D,21,8,4,1,11,7,2.64,3.11,2.9,5,13,7,9,0.6,1.8,1.4,0.4,9.6,10.6,2.6,5.0,4.8,4.2
2020-02-29,Watford,Liverpool,3,0,H,14,7,5,1,3,5,7.52,4.84,1.42,2,15,10,15,0.8,2.4,1.8,0.6,9.2,16.8,2.0,6.6,3.4,8.0
2020-02-29,West Ham,Southampton,3,1,H,14,10,7,2,4,9,2.71,3.54,2.55,1,6,5,12,1.2,1.4,2.8,1.8,7.0,16.2,3.2,5.2,4.8,6.6
2020-03-01,Everton,Man United,1,1,D,16,14,5,5,13,8,2.54,3.33,2.85,8,7,11,6,2.2,1.0,1.8,0.8,14.2,15.6,5.8,5.6,4.6,5.0
2020-03-01,Tottenham,Wolves,2,3,A,13,14,5,4,4,5,2.44,3.17,3.13,10,8,9,7,1.6,1.4,1.0,0.8,12.4,13.2,4.8,3.8,4.8,4.4
2020-03-07,Arsenal,West Ham,1,0,H,9,14,2,6,6,7,1.56,4.37,5.78,9,4,10,0,2.0,1.6,1.0,2.2,10.0,8.6,3.8,4.2,5.4,4.0
2020-03-07,Burnley,Tottenham,1,1,D,21,13,8,2,3,5,2.72,3.3,2.69,11,9,7,5,1.4,2.0,0.2,1.6,10.6,11.6,4.2,4.8,4.8,5.0
2020-03-07,Crystal Palace,Watford,1,0,H,10,10,3,4,8,8,2.57,3.19,2.95,6,4,7,5,0.6,1.4,1.2,1.8,11.8,9.0,3.4,2.6,5.8,3.4
2020-03-07,Liverpool,Bournemouth,2,1,H,14,6,6,4,9,4,1.25,6.24,11.93,12,7,15,0,2.0,1.6,1.0,1.8,15.6,11.6,5.6,4.0,8.2,3.4
2020-03-07,Sheffield United,Norwich,1,0,H,10,12,4,5,10,5,1.66,3.78,5.71,8,4,8,1,1.0,0.4,0.8,1.2,11.2,10.6,3.4,3.4,7.0,4.8
2020-03-07,Southampton,Newcastle,0,1,A,6,14,3,7,5,8,1.67,3.95,5.27,6,3,7,2,1.2,0.4,1.8,1.4,16.0,12.4,4.6,3.0,8.2,6.8
2020-03-07,Wolves,Brighton,0,0,D,11,7,1,1,2,0,1.65,3.95,5.48,8,3,8,2,1.4,1.2,0.8,1.8,14.4,16.4,3.8,5.2,4.8,5.4
2020-03-08,Chelsea,Everton,4,0,H,17,3,11,1,6,1,1.87,3.74,4.2,6,8,7,7,1.6,2.2,1.8,1.8,16.6,15.2,5.0,6.2,9.8,6.0
2020-03-08,Man United,Man City,2,0,H,12,7,6,2,2,11,5.04,4.28,1.64,8,10,10,9,1.2,1.2,0.6,0.8,16.6,19.8,5.8,6.0,5.6,9.2
2020-03-09,Leicester,Aston Villa,4,0,H,15,4,7,1,9,0,1.38,5.12,8.05,5,4,4,4,1.2,1.2,1.0,1.8,14.2,12.8,4.4,3.6,4.2,7.2
2020-06-17,Aston Villa,Sheffield United,0,0,D,14,5,6,1,12,4,3.3,3.33,2.27,3,10,6,7,1.0,1.0,2.4,0.6,12.0,10.8,3.2,3.4,6.4,8.0
2020-06-17,Man City,Arsenal,3,0,H,20,3,12,0,5,2,1.35,5.5,8.11,9,11,13,5,0.8,2.0,0.8,0.8,16.2,9.6,5.2,3.4,8.6,5.8
2020-06-19,Norwich,Southampton,0,3,A,9,22,1,9,9,7,2.84,3.4,2.53,4,3,8,9,0.2,0.8,1.0,2.0,10.6,14.2,4.0,4.0,5.2,7.6
2020-06-19,Tottenham,Man United,1,1,D,10,12,3,6,7,6,3.03,3.4,2.43,7,11,9,7,1.8,1.6,1.6,0.2,11.4,14.2,4.6,5.6,4.6,5.0
2020-06-20,Bournemouth,Crystal Palace,0,2,A,12,7,1,2,11,4,2.51,3.24,2.98,4,9,8,6,1.2,0.8,2.0,0.8,10.6,12.6,4.2,4.0,3.2,7.4
2020-06-20,Brighton,Arsenal,2,1,H,9,13,5,6,10,7,3.04,3.37,2.39,4,10,6,4,1.0,1.6,1.2,1.0,13.6,9.8,3.8,3.0,3.8,5.2
2020-06-20,Watford,Leicester,1,1,D,8,15,4,2,2,7,3.59,3.52,2.09,4,5,10,7,1.2,1.2,1.6,0.8,9.4,13.4,3.0,4.2,4.4,4.6
2020-06-20,West Ham,Wolves,0,2,A,7,10,2,6,5,7,3.57,3.36,2.15,4,9,8,7,1.6,1.2,2.0,0.4,10.0,14.6,4.6,3.4,4.8,4.8
2020-06-21,Aston Villa,Chelsea,1,2,A,8,19,4,5,2,10,6.0,4.5,1.53,1,8,7,6,0.6,2.0,2.2,1.4,11.6,16.2,3.4,5.6,7.6,7.6
2020-06-21,Everton,Liverpool,0,0,D,9,10,3,3,1,6,5.66,4.23,1.59,7,12,11,12,1.8,2.0,2.2,1.2,12.4,15.8,4.8,5.8,5.0,8.6
2020-06-21,Newcastle,Sheffield United,3,0,H,12,7,8,1,2,4,3.31,3.1,2.38,5,11,5,5,0.2,1.0,1.0,0.4,13.6,11.0,4.0,3.4,7.6,7.8
2020-06-22,Man City,Burnley,5,0,H,19,1,7,0,3,1,1.13,8.97,19.85,9,9,13,7,1.2,1.2,0.8,0.4,16.6,13.8,6.6,5.4,7.0,5.0
2020-06-23,Leicester,Brighton,0,0,D,11,10,2,2,6,7,1.64,3.97,5.64,5,6,7,3,1.0,0.8,0.6,0.8,13.6,11.6,3.8,3.6,5.2,4.6
2020-06-23,Tottenham,West Ham,2,0,H,15,10,4,2,9,4,1.67,4.01,5.21,5,3,7,0,1.6,1.0,1.8,1.8,12.8,9.0,4.6,3.8,5.6,5.0
2020-06-24,Liverpool,Crystal Palace,4,0,H,21,3,7,0,6,0,1.24,6.13,13.09,10,12,15,8,1.2,1.2,1.2,0.6,14.6,11.4,4.6,3.8,8.6,6.4
2020-06-24,Man United,Sheffield United,3,0,H,15,4,6,1,10,5,1.43,4.39,8.62,11,8,10,5,1.8,0.8,0.4,1.0,13.6,10.4,5.8,3.0,5.4,7.6
2020-06-24,Newcastle,Aston Villa,1,1,D,13,14,3,2,6,9,2.33,3.33,3.17,7,1,8,4,0.8,0.6,1.0,2.2,13.0,9.6,4.6,3.2,6.4,6.4
2020-06-24,Norwich,Everton,0,1,A,9,12,1,5,6,5,3.94,3.66,1.94,3,5,7,4,0.2,1.2,1.6,1.8,8.6,11.8,3.4,4.4,4.6,4.4
2020-06-24,Wolves,Bournemouth,1,0,H,10,4,2,0,6,4,1.58,4.03,6.11,11,1,6,0,1.6,0.8,0.4,2.2,13.8,9.8,4.0,3.2,5.0,5.2
2020-06-25,Burnley,Watford,1,0,H,9,10,5,4,1,7,3.02,3.22,2.48,8,5,8,4,1.2,1.0,1.4,1.2,11.0,8.8,5.0,3.4,4.2,4.0
2020-06-25,Chelsea,Man City,2,1,H,15,11,10,2,5,7,4.14,4.07,1.8,10,12,10,9,2.0,2.2,1.2,0.4,18.6,16.8,6.0,7.0,8.4,6.4
2020-06-25,Southampton,Arsenal,0,2,A,12,10,3,5,4,6,2.64,3.47,2.65,6,9,6,3,1.4,1.8,1.2,1.4,15.2,9.8,5.0,3.8,6.8,5.2
2020-06-27,Aston Villa,Wolves,0,1,A,11,9,1,2,2,2,4.79,3.68,1.78,2,13,4,10,0.4,1.8,1.8,0.4,8.8,12.8,2.8,3.8,5.8,4.8
2020-06-28,Watford,Southampton,1,3,A,8,11,0,7,5,3,2.49,3.32,2.92,4,6,8,9,0.8,1.2,1.2,1.2,9.8,15.6,3.8,5.2,5.0,6.8
2020-06-29,Crystal Palace,Burnley,0,1,A,17,8,4,4,9,1,2.29,3.16,3.41,12,8,7,7,1.0,1.0,0.8,1.2,10.0,11.0,3.4,4.8,5.2,3.8
2020-06-30,Brighton,Man United,0,3,A,8,12,2,6,4,5,6.31,3.85,1.61,6,11,6,5,0.6,2.0,0.6,0.4,11.6,14.8,3.6,6.4,5.4,5.8
2020-07-01,Arsenal,Norwich,4,0,H,13,8,8,2,6,2,1.44,4.69,7.23,9,3,13,1,1.4,0.2,1.4,1.6,8.8,9.4,3.4,3.4,5.4,5.4
2020-07-01,Bournemouth,Newcastle,1,4,A,12,12,1,7,6,3,2.4,3.16,3.21,1,8,7,5,0.6,1.0,2.0,0.4,8.6,13.6,2.8,4.8,5.2,6.4
2020-07-01,Everton,Leicester,2,1,H,7,15,2,3,3,5,2.54,3.28,2.9,5,5,9,5,0.8,1.0,1.6,0.6,11.4,14.0,3.8,3.6,4.6,6.4
2020-07-01,West Ham,Chelsea,3,2,H,10,17,4,6,2,3,5.48,4.27,1.59,3,13,5,6,1.0,2.4,1.8,1.0,10.4,18.2,4.2,7.8,5.6,7.6
2020-07-02,Man City,Liverpool,4,0,H,14,11,6,3,3,3,2.07,3.85,3.32,9,10,13,10,2.0,1.8,0.8,1.2,15.0,15.4,6.0,4.8,6.6,8.4
2020-07-02,Sheffield United,Tottenham,3,1,H,7,9,5,2,1,6,4.1,3.41,1.98,5,5,10,5,0.4,1.4,1.4,1.4,8.0,11.2,2.0,3.4,7.0,6.0
2020-07-04,Chelsea,Watford,3,0,H,21,7,9,3,5,3,1.43,4.61,7.96,10,4,10,1,2.4,1.0,1.4,1.2,18.2,10.0,7.6,3.4,7.6,5.0
2020-07-04,Leicester,Crystal Palace,3,0,H,15,7,4,1,3,7,1.68,3.63,5.84,5,9,8,7,1.2,0.8,0.8,1.0,15.0,9.8,3.6,2.4,6.8,5.6
2020-07-04,Man United,Bournemouth,5,2,H,19,7,10,3,8,3,1.17,7.46,17.41,11,1,10,0,2.0,0.8,0.4,2.2,13.0,8.6,5.8,2.2,6.2,5.8
2020-07-04,Norwich,Brighton,0,1,A,12,8,1,2,0,2,3.39,3.32,2.23,3,5,6,4,0.2,0.4,1.8,1.0,9.8,11.6,3.0,3.6,5.6,5.8
2020-07-04,Wolves,Arsenal,0,2,A,10,8,1,5,3,5,2.27,3.3,3.32,13,9,8,5,1.4,1.6,0.4,1.0,10.8,9.6,3.0,4.2,4.4,5.4
2020-07-05,Burnley,Sheffield United,1,1,D,9,10,4,3,3,9,2.91,2.97,2.75,8,7,11,5,0.6,0.8,1.2,1.4,9.4,6.6,3.6,2.4,2.6,4.8
2020-07-05,Liverpool,Aston Villa,2,0,H,6,9,4,3,7,5,1.35,5.45,8.4,7,2,15,2,1.2,0.4,1.6,1.6,12.6,10.2,4.0,2.8,5.8,5.0
2020-07-05,Newcastle,West Ham,2,2,D,11,17,4,7,6,4,2.66,3.28,2.74,11,6,9,0,1.8,1.2,0.4,1.6,14.4,11.0,5.8,4.2,6.0,4.4
2020-07-05,Southampton,Man City,1,0,H,8,26,4,6,2,13,9.03,5.56,1.33,6,9,3,6,1.4,2.6,1.4,0.8,12.2,14.2,4.8,5.8,5.6,5.8
2020-07-06,Tottenham,Everton,1,0,H,12,11,2,3,5,6,2.13,3.51,3.45,5,8,10,7,1.4,0.8,1.6,1.2,12.0,9.4,3.2,3.2,6.2,4.6
2020-07-07,Arsenal,Leicester,1,1,D,11,13,7,5,10,1,2.38,3.43,3.03,9,8,13,2,1.8,1.8,1.0,0.6,9.4,14.2,4.8,3.6,5.2,6.0
2020-07-07,Crystal Palace,Chelsea,2,3,A,13,14,4,6,7,9,8.43,4.5,1.43,6,12,6,5,0.6,2.6,1.6,1.0,8.8,17.8,2.0,8.2,5.6,5.8
2020-07-07,Watford,Norwich,2,1,H,9,12,4,3,4,3,1.75,3.71,5.02,1,0,5,1,0.4,0.0,1.8,2.0,8.6,10.0,3.0,2.0,5.0,4.4
2020-07-08,Brighton,Liverpool,1,3,A,12,19,2,8,6,10,5.99,4.26,1.56,8,10,5,7,0.6,1.6,0.8,1.0,8.4,12.4,2.4,4.6,4.6,6.2
2020-07-08,Man City,Newcastle,5,0,H,23,6,9,1,8,1,1.13,9.15,22.2,9,11,13,7,2.6,2.2,0.6,0.8,18.0,12.4,6.6,5.8,6.2,5.0
2020-07-08,Sheffield United,Wolves,1,0,H,7,6,3,1,6,1,3.96,3.08,2.14,5,10,10,13,0.8,0.8,1.6,0.4,6.6,10.0,2.2,2.4,4.6,4.0
2020-07-08,West Ham,Burnley,0,1,A,21,8,5,4,10,3,2.02,3.42,3.89,4,8,7,10,1.0,0.8,1.8,1.4,11.6,9.6,4.2,4.2,4.4,1.8
2020-07-09,Aston Villa,Man United,0,3,A,9,14,1,6,3,5,9.26,5.15,1.35,2,13,4,8,0.4,2.8,1.2,0.6,11.2,14.0,3.2,6.8,6.0,6.2
2020-07-09,Bournemouth,Tottenham,0,0,D,9,9,2,0,8,12,5.03,4.0,1.68,0,8,7,5,0.8,1.2,2.8,1.0,8.2,11.8,1.8,2.6,5.6,6.4
2020-07-09,Everton,Southampton,1,1,D,11,17,4,4,3,5,2.07,3.51,3.62,7,9,9,9,0.6,1.4,1.2,0.8,8.4,11.8,2.8,5.2,3.2,4.2
2020-07-11,Brighton,Man City,0,5,A,3,26,0,8,2,7,9.95,5.62,1.31,7,9,4,3,0.8,3.0,1.4,0.6,9.4,18.6,2.6,6.0,5.8,6.8
2020-07-11,Liverpool,Burnley,1,1,D,23,6,9,2,12,6,1.25,6.27,11.44,10,10,15,10,1.8,0.8,1.0,1.2,13.4,7.0,5.0,3.4,6.4,1.8
2020-07-11,Norwich,West Ham,0,4,A,11,19,2,7,1,6,3.76,3.65,1.99,0,4,3,1,0.2,1.0,2.2,1.8,10.0,13.0,1.6,4.0,4.0,5.0
2020-07-11,Sheffield United,Chelsea,3,0,H,9,15,4,4,4,6,6.07,3.93,1.6,7,12,13,8,1.0,2.4,1.6,1.4,7.0,17.2,2.6,7.2,5.0,6.4
2020-07-11,Watford,Newcastle,2,1,H,17,8,5,4,2,4,1.82,3.58,4.65,4,8,7,6,0.8,2.0,1.8,1.8,8.4,10.8,3.0,4.6,4.2,3.6
2020-07-12,Aston Villa,Crystal Palace,2,0,H,12,9,9,5,5,1,2.29,3.35,3.24,1,3,1,6,0.4,0.8,1.8,2.2,10.2,9.4,2.2,2.2,4.2,5.4
2020-07-12,Bournemouth,Leicester,4,1,H,10,13,4,5,2,6,5.14,3.82,1.7,1,6,5,3,0.6,1.2,2.4,0.8,8.8,13.8,1.4,3.2,6.4,4.4
2020-07-12,Tottenham,Arsenal,2,1,H,15,13,9,4,6,5,2.6,3.48,2.68,8,10,10,7,1.0,2.0,0.8,0.6,11.0,11.0,2.2,6.2,7.8,6.8
2020-07-12,Wolves,Everton,3,0,H,14,6,7,2,5,2,2.06,3.25,4.01,9,8,8,6,0.8,0.8,0.6,0.6,9.0,10.0,2.4,3.4,3.8,3.6
2020-07-13,Man United,Southampton,2,2,D,8,9,4,5,4,6,1.29,5.73,10.41,13,10,13,7,3.0,1.6,0.6,0.8,14.4,14.0,6.8,5.4,6.8,4.2
2020-07-14,Chelsea,Norwich,1,0,H,22,2,6,0,8,1,1.13,9.5,20.76,9,0,12,1,2.0,0.2,1.8,2.4,16.4,10.4,7.0,1.8,5.6,2.4
2020-07-15,Arsenal,Liverpool,2,1,H,3,24,2,8,2,13,3.89,3.89,1.89,10,10,13,7,2.0,2.0,0.6,1.2,11.0,16.0,5.8,6.2,6.4,7.6
2020-07-15,Burnley,Wolves,1,1,D,9,14,1,5,3,8,4.65,3.3,1.9,11,9,9,10,1.0,1.0,0.4,0.6,8.0,9.8,3.8,2.6,2.8,3.4
2020-07-15,Man City,Bournemouth,2,1,H,8,15,4,3,3,5,1.15,8.68,16.72,9,4,15,0,3.0,1.4,0.6,2.2,20.0,8.4,6.2,2.0,7.6,4.6
2020-07-15,Newcastle,Tottenham,1,3,A,22,8,6,5,5,4,4.56,3.77,1.79,5,10,7,5,1.6,1.2,2.2,0.8,10.0,12.0,3.8,3.4,4.0,7.6
2020-07-16,Crystal Palace,Man United,0,2,A,13,17,5,5,2,7,9.84,5.0,1.35,0,13,6,11,0.4,3.2,2.6,0.8,9.8,13.6,2.8,6.4,4.8,6.4
2020-07-16,Everton,Aston Villa,1,1,D,9,15,1,1,5,5,2.02,3.57,3.74,7,4,9,1,0.8,0.6,1.2,1.4,9.4,11.0,3.2,3.2,3.8,4.8
2020-07-16,Leicester,Sheffield United,2,0,H,15,5,7,1,9,5,2.02,3.34,4.01,5,10,8,5,1.2,1.6,1.4,1.0,13.4,7.4,3.8,3.2,4.2,5.0
2020-07-16,Southampton,Brighton,1,1,D,21,10,6,2,8,2,2.18,3.31,3.53,8,4,6,7,1.4,0.4,1.2,2.2,11.4,8.2,4.6,1.6,4.0,4.2
2020-07-17,West Ham,Watford,3,1,H,10,14,4,3,9,3,2.42,3.04,3.31,7,6,7,1,1.8,1.0,1.4,1.8,15.4,10.2,5.0,3.2,5.2,4.2
2020-07-18,Norwich,Burnley,0,2,A,6,23,2,8,6,8,3.32,3.33,2.25,0,9,3,8,0.2,1.0,2.4,0.6,9.0,8.0,1.6,3.0,1.4,3.2
2020-07-19,Bournemouth,Southampton,0,2,A,11,16,3,8,12,6,2.39,3.65,2.84,4,9,5,8,1.6,1.6,2.4,1.0,10.6,13.2,2.6,5.2,4.8,4.8
2020-07-19,Tottenham,Leicester,3,0,H,7,24,3,6,4,13,2.32,3.42,3.11,10,7,10,2,1.4,1.6,1.0,1.4,10.6,14.2,3.6,4.8,6.6,4.8
2020-07-20,Brighton,Newcastle,0,0,D,11,12,3,1,9,7,1.93,3.42,4.23,4,4,3,6,0.6,1.6,2.4,2.6,8.2,11.8,1.6,4.4,3.2,3.8
2020-07-20,Sheffield United,Everton,0,1,A,8,5,0,2,7,1,2.17,3.29,3.52,10,5,13,3,1.6,0.8,0.8,1.4,7.6,8.8,3.2,2.4,5.0,3.8
2020-07-20,Wolves,Crystal Palace,2,0,H,11,7,5,3,5,2,1.5,4.03,7.72,7,0,10,6,1.0,0.4,0.8,2.2,10.6,11.8,3.2,3.8,3.8,5.2
2020-07-21,Aston Villa,Arsenal,1,0,H,8,7,3,0,8,9,3.24,3.78,2.11,4,10,4,6,0.6,2.0,1.4,0.8,11.2,9.6,3.0,5.2,4.0,5.6
2020-07-21,Watford,Man City,0,4,A,2,26,0,10,0,8,8.62,5.6,1.33,6,12,10,6,1.2,3.2,2.2,0.4,11.0,19.4,3.0,6.6,3.4,6.8
2020-07-22,Liverpool,Chelsea,5,3,H,10,10,7,5,6,0,2.04,3.7,3.51,7,9,13,7,1.4,1.8,1.6,1.6,16.6,17.8,6.4,6.2,9.0,6.2
2020-07-22,Man United,West Ham,1,1,D,11,12,4,3,2,3,1.24,6.38,11.56,13,10,13,4,3.0,2.4,0.8,1.2,14.0,15.4,6.2,5.4,5.8,6.2
2020-07-26,Arsenal,Watford,3,2,H,13,19,5,6,4,8,1.93,3.89,3.72,7,6,13,0,1.2,1.0,1.0,2.4,8.4,9.8,3.6,3.0,6.2,2.4
2020-07-26,Burnley,Brighton,1,2,A,13,14,2,4,6,7,2.32,3.44,3.09,9,5,9,7,1.2,0.6,0.6,1.8,11.0,8.8,3.8,1.8,4.6,4.2
2020-07-26,Chelsea,Wolves,2,0,H,11,5,3,1,3,3,1.84,3.76,4.23,9,7,15,10,2.0,1.2,2.0,0.8,16.4,11.0,6.0,3.8,5.6,4.4
2020-07-26,Crystal Palace,Tottenham,1,1,D,13,7,2,2,7,2,6.12,4.23,1.55,0,13,6,5,0.4,1.8,2.4,0.4,9.8,10.2,3.6,3.8,3.8,6.2
2020-07-26,Everton,Bournemouth,1,3,A,13,13,5,7,2,5,2.24,3.78,2.98,5,4,7,0,0.6,1.4,1.2,2.0,8.4,10.4,2.4,3.0,3.4,6.0
2020-07-26,Leicester,Man United,0,2,A,14,7,3,3,3,3,3.17,3.49,2.24,7,11,10,11,1.4,2.6,1.6,1.0,16.0,13.8,5.4,5.8,6.4,5.2
2020-07-26,Man City,Norwich,5,0,H,31,5,10,4,9,0,1.07,12.8,30.42,12,0,15,0,3.2,0.2,0.4,2.0,21.8,8.6,7.4,1.6,7.8,2.2
2020-07-26,Newcastle,Liverpool,1,3,A,3,14,2,6,2,4,7.6,4.99,1.4,2,10,6,4,0.8,2.4,2.4,1.4,11.8,16.4,3.2,7.2,4.6,9.6
2020-07-26,Southampton,Sheffield United,3,1,H,13,5,4,3,9,1,2.18,3.47,3.34,9,7,7,2,1.4,1.0,0.8,0.8,14.2,7.8,5.4,2.2,5.4,6.2
2020-07-26,West Ham,Aston Villa,1,1,D,10,13,1,4,0,7,3.05,3.57,2.28,8,7,9,2,2.0,0.8,1.0,1.2,15.8,10.6,5.2,3.4,6.4,5.2
2020-09-12,Crystal Palace,Southampton,1,0,H,5,9,3,5,7,3,3.18,3.22,2.39,1,9,4,11,0.6,1.8,2.0,1.0,11.0,15.2,3.8,5.4,3.8,6.8
2020-09-12,Fulham,Arsenal,0,3,A,5,13,2,6,2,3,5.94,4.34,1.55,9,7,6,6,0.8,1.4,1.0,1.4,11.8,9.4,3.2,3.6,6.0,6.0
2020-09-12,Liverpool,Leeds,4,3,H,22,6,6,3,9,0,1.3,5.96,9.68,10,0,13,0,2.6,0.0,1.6,0.0,18.0,0.0,7.6,0.0,9.0,0.0
2020-09-12,West Ham,Newcastle,0,2,A,15,15,3,2,8,7,2.15,3.48,3.42,8,1,7,7,1.8,0.6,0.8,2.6,14.4,10.2,4.0,2.8,5.6,3.8
2020-09-13,Tottenham,Everton,0,1,A,9,15,5,4,5,3,1.9,3.55,4.2,11,5,13,6,1.8,0.8,0.6,1.6,9.2,8.8,3.8,2.8,5.6,2.6
2020-09-13,West Brom,Leicester,0,3,A,7,13,1,7,2,5,3.87,3.57,1.97,0,4,0,2,0.0,0.8,0.0,2.0,0.0,15.8,0.0,5.2,0.0,6.4
2020-09-14,Brighton,Chelsea,1,3,A,13,10,3,5,4,3,5.12,4.13,1.65,5,9,4,6,0.8,1.8,2.0,2.0,10.0,14.4,2.2,4.8,5.2,5.2
2020-09-14,Sheffield United,Wolves,0,2,A,9,11,2,4,12,5,3.36,3.0,2.41,6,7,12,7,1.0,1.2,1.2,0.8,6.8,10.0,2.2,3.8,4.6,4.4
2020-09-19,Arsenal,West Ham,2,1,H,7,14,3,3,7,5,1.53,4.51,5.91,9,8,13,5,1.8,1.8,1.2,1.0,9.8,13.2,3.4,3.6,4.6,5.2
2020-09-19,Everton,West Brom,5,2,H,17,6,7,4,11,1,1.54,4.25,6.3,7,0,6,0,0.8,0.0,1.4,3.0,9.6,7.0,2.8,1.0,2.6,2.0
2020-09-19,Leeds,Fulham,4,3,H,10,14,7,6,5,3,1.64,3.97,5.5,0,6,0,3,3.0,0.4,4.0,1.6,6.0,10.4,3.0,2.6,0.0,5.0
2020-09-19,Man United,Crystal Palace,1,3,A,13,14,4,5,9,3,1.32,5.57,9.56,11,4,11,3,2.0,0.4,0.6,1.4,11.4,9.4,4.4,3.6,4.2,3.8
2020-09-20,Chelsea,Liverpool,0,2,A,5,18,3,6,1,11,3.15,3.72,2.18,9,10,15,7,1.8,2.8,1.8,2.0,13.6,18.6,4.6,7.2,4.0,8.8
2020-09-20,Leicester,Burnley,4,2,H,14,16,6,5,15,4,1.63,3.98,5.64,6,8,10,10,1.2,1.2,1.8,0.8,15.8,11.8,5.6,3.4,7.2,5.2
2020-09-20,Newcastle,Brighton,0,3,A,6,13,0,6,7,1,2.68,3.15,2.82,4,5,5,9,1.0,0.8,1.6,2.0,12.0,10.2,3.0,2.4,5.0,4.8
2020-09-20,Southampton,Tottenham,2,5,A,14,9,7,6,3,2,3.1,3.35,2.37,8,10,7,6,1.6,1.8,1.0,0.8,13.6,9.2,5.6,4.8,6.4,4.2
2020-09-21,Aston Villa,Sheffield United,1,0,H,18,4,2,1,10,4,2.71,3.19,2.75,8,3,6,1,1.0,0.8,1.0,1.6,11.4,7.2,3.6,2.0,5.6,5.8
2020-09-21,Wolves,Man City,1,3,A,10,14,1,9,4,6,6.11,4.35,1.54,10,15,10,6,1.6,4.2,0.6,0.2,11.0,22.8,4.4,8.2,5.2,7.0
2020-09-26,Brighton,Man United,2,3,A,18,7,5,3,7,1,4.83,3.75,1.75,8,8,1,13,1.4,1.6,1.0,1.2,12.2,11.2,3.6,4.0,4.6,5.0
2020-09-26,Burnley,Southampton,0,1,A,10,5,2,1,8,2,3.3,3.25,2.31,5,7,6,8,1.4,1.6,1.6,1.6,13.4,14.6,3.6,6.0,5.4,5.8
2020-09-26,Crystal Palace,Everton,1,2,A,8,10,1,5,7,6,3.69,3.32,2.12,7,10,4,9,1.0,1.8,1.2,1.2,10.4,11.8,3.6,3.8,4.2,4.4
2020-09-26,West Brom,Chelsea,3,3,D,9,22,3,10,3,9,8.24,5.02,1.38,0,9,0,6,1.0,1.8,4.0,1.6,6.5,11.6,2.5,4.4,1.5,3.0
2020-09-27,Man City,Leicester,2,5,A,16,7,5,7,3,4,1.29,5.93,9.68,15,9,15,4,3.8,1.8,0.4,1.4,21.0,16.0,8.2,5.8,6.6,9.0
2020-09-27,Sheffield United,Leeds,0,1,A,14,17,4,9,5,7,2.72,3.37,2.63,0,3,9,0,0.2,3.5,1.8,3.5,6.2,8.0,1.4,5.0,5.8,2.5
2020-09-27,Tottenham,Newcastle,1,1,D,23,6,12,1,10,4,1.47,4.5,6.95,10,4,12,7,2.4,0.8,1.0,1.8,8.0,11.6,4.2,2.2,3.4,5.6
2020-09-27,West Ham,Wolves,4,0,H,15,11,7,2,1,3,3.74,3.38,2.07,5,7,7,7,1.2,1.2,1.4,1.2,12.2,10.2,2.8,3.2,5.0,5.0
2020-09-28,Fulham,Aston Villa,0,3,A,16,12,3,5,5,3,2.92,3.26,2.52,3,11,6,3,0.8,1.2,2.4,0.4,9.8,13.2,2.8,3.8,4.2,7.0
2020-09-28,Liverpool,Arsenal,3,1,H,21,4,8,3,7,3,1.49,4.68,6.3,12,12,13,9,3.0,2.0,1.8,1.0,17.6,8.6,6.6,3.2,8.6,5.0
2020-10-03,Chelsea,Crystal Palace,4,0,H,17,4,6,0,8,5,1.43,4.77,7.39,7,7,12,3,2.2,1.2,2.2,1.2,11.6,9.4,5.2,2.8,3.2,5.2
2020-10-03,Everton,Brighton,4,2,H,11,11,6,3,3,10,1.76,3.73,4.79,12,7,8,11,2.0,1.6,1.2,1.4,12.0,13.8,4.6,4.2,4.6,5.6
2020-10-03,Leeds,Man City,1,1,D,12,23,7,2,7,10,7.45,5.34,1.38,6,12,3,9,2.6666666666666665,3.2,2.3333333333333335,1.4,11.0,19.0,6.333333333333333,7.6,4.0,5.8
2020-10-03,Newcastle,Burnley,3,1,H,10,7,5,3,3,4,2.47,3.15,3.08,5,4,2,10,0.8,1.2,1.4,1.6,8.4,14.2,1.2,3.6,5.4,5.8
2020-10-04,Arsenal,Sheffield United,2,1,H,6,6,5,2,2,4,1.56,4.09,6.25,9,0,13,1,1.8,0.2,1.4,1.6,8.8,8.0,3.4,2.0,5.2,5.8
2020-10-04,Aston Villa,Liverpool,7,2,H,18,14,11,8,2,7,9.35,5.41,1.33,11,15,9,9,1.4,3.4,0.4,1.6,13.2,17.0,3.0,6.6,6.6,7.4
2020-10-04,Leicester,West Ham,0,3,A,4,14,0,6,6,4,1.68,4.12,4.86,9,5,10,5,2.4,1.4,1.8,1.2,14.4,13.2,5.8,3.4,8.0,3.4
2020-10-04,Man United,Tottenham,1,6,A,5,22,2,8,2,4,1.92,3.71,3.97,10,8,8,8,1.8,2.0,1.2,1.0,11.0,11.0,3.8,5.6,4.4,4.6
2020-10-04,Southampton,West Brom,2,0,H,13,5,7,2,5,1,1.76,3.86,4.58,9,1,7,0,1.6,1.6666666666666667,1.4,3.6666666666666665,11.4,7.333333333333333,5.0,2.6666666666666665,4.6,2.0
2020-10-04,Wolves,Fulham,1,0,H,14,10,5,2,6,2,1.51,4.07,7.19,6,0,9,3,1.0,0.6,1.8,3.0,9.6,11.4,2.6,3.0,4.0,3.2
2020-10-17,Chelsea,Southampton,3,3,D,11,13,5,6,6,2,1.53,4.56,5.92,10,9,12,8,2.4,1.6,1.2,1.4,13.0,10.8,5.4,4.8,4.8,4.4
2020-10-17,Everton,Liverpool,2,2,D,11,22,5,8,2,5,3.91,4.08,1.85,12,12,8,9,2.6,2.8,1.6,2.4,13.2,17.8,5.4,6.8,5.0,7.6
2020-10-17,Man City,Arsenal,1,0,H,13,11,5,3,6,6,1.49,4.85,6.09,10,12,12,6,3.0,2.2,1.4,1.4,22.0,8.6,7.2,4.4,7.2,3.8
2020-10-17,Newcastle,Man United,1,4,A,7,28,4,14,0,7,4.78,4.08,1.7,7,7,4,15,1.4,1.6,1.6,2.4,8.0,8.6,2.0,3.2,4.6,3.4
2020-10-18,Crystal Palace,Brighton,1,1,D,1,20,1,3,2,5,2.68,3.25,2.76,7,6,4,10,1.2,2.0,1.6,2.2,8.8,13.8,2.2,4.2,5.8,5.8
2020-10-18,Leicester,Aston Villa,0,1,A,11,10,5,4,2,7,1.89,3.82,3.97,9,13,9,6,2.4,2.6,1.8,0.6,10.4,13.8,4.6,5.0,6.6,6.0
2020-10-18,Sheffield United,Fulham,1,1,D,10,15,6,6,2,5,2.11,3.32,3.74,0,0,6,3,0.4,0.6,1.8,3.0,7.6,12.2,2.4,3.0,5.2,3.4
2020-10-18,Tottenham,West Ham,3,3,D,11,13,6,4,3,7,1.62,4.19,5.34,8,7,10,8,2.6,1.8,1.2,1.0,14.0,13.6,6.6,4.0,4.6,3.6
2020-10-19,Leeds,Wolves,0,1,A,13,7,2,3,8,3,2.5,3.26,2.97,7,6,4,4,2.25,0.8,2.0,1.8,11.25,10.2,6.5,2.6,4.75,4.2
2020-10-19,West Brom,Burnley,0,0,D,13,9,6,4,8,2,2.49,3.3,2.97,1,3,1,7,1.25,1.2,3.25,2.0,6.75,13.8,2.5,4.0,1.75,6.0
2020-10-23,Aston Villa,Leeds,0,3,A,12,27,4,9,6,5,2.11,3.75,3.33,13,7,12,3,2.6,1.8,0.6,1.8,14.2,11.6,5.2,5.6,5.8,5.4
2020-10-24,Fulham,Crystal Palace,1,2,A,16,14,3,10,4,4,2.74,3.14,2.77,1,7,6,3,0.8,1.2,2.4,1.6,12.0,6.4,3.8,2.0,3.4,4.8
2020-10-24,Liverpool,Sheffield United,2,1,H,17,13,5,2,7,3,1.25,6.36,11.55,10,1,13,1,2.6,0.4,2.6,1.4,19.4,8.6,7.2,3.0,7.8,5.4
2020-10-24,Man United,Chelsea,0,0,D,14,6,4,1,9,6,2.38,3.59,2.9,9,8,5,7,2.2,2.6,2.4,1.8,12.0,13.0,5.2,5.8,4.4,5.4
2020-10-24,West Ham,Man City,1,1,D,6,14,2,7,2,10,7.2,5.16,1.41,7,10,7,10,2.2,2.4,1.4,1.4,14.2,19.4,4.6,6.2,5.0,6.8
2020-10-25,Arsenal,Leicester,0,1,A,12,6,4,2,9,3,1.93,3.74,3.92,9,9,13,7,1.6,2.4,1.2,1.6,8.2,9.8,4.0,5.0,4.2,6.4
2020-10-25,Southampton,Everton,2,0,H,12,6,6,2,4,5,2.78,3.47,2.54,7,13,10,9,1.6,2.8,1.8,1.4,10.8,12.8,5.2,5.4,3.0,5.0
2020-10-25,Wolves,Newcastle,1,1,D,16,5,3,2,2,3,1.78,3.49,5.16,9,7,9,5,1.0,1.4,1.4,1.8,10.6,8.8,3.0,2.4,4.2,4.2
2020-10-26,Brighton,West Brom,1,1,D,5,9,3,3,6,2,1.75,3.93,4.61,4,2,1,0,1.8,1.0,2.2,2.6,15.0,8.0,4.0,3.2,5.4,3.0
2020-10-26,Burnley,Tottenham,0,1,A,13,9,4,3,4,5,5.49,4.02,1.63,1,8,5,11,0.8,3.0,2.0,1.6,11.0,14.8,3.2,7.4,4.8,4.8
2020-10-30,Wolves,Crystal Palace,2,0,H,15,11,5,2,7,6,2.05,3.13,4.27,7,7,10,6,0.8,1.4,1.6,1.8,11.6,8.2,2.8,3.4,3.6,4.2
2020-10-31,Burnley,Chelsea,0,3,A,5,14,0,9,3,4,6.05,4.37,1.54,1,6,2,5,0.6,2.0,1.8,1.6,11.0,12.2,3.6,5.0,4.4,6.0
2020-10-31,Liverpool,West Ham,2,1,H,9,4,5,3,1,2,1.39,5.26,7.43,10,8,13,8,2.2,2.4,2.2,1.2,18.4,12.4,7.0,4.4,7.4,3.8
2020-10-31,Sheffield United,Man City,0,1,A,5,16,1,8,2,5,9.43,5.76,1.31,1,8,4,11,0.6,1.6,1.4,1.6,9.4,16.0,3.0,5.6,3.6,7.0
2020-11-01,Aston Villa,Southampton,3,4,A,19,9,10,4,11,1,2.46,3.6,2.78,12,10,12,8,2.4,2.0,1.0,1.6,14.0,11.4,5.2,5.4,5.6,3.2
2020-11-01,Man United,Arsenal,0,1,A,8,7,2,2,6,3,2.04,3.66,3.58,7,6,3,3,1.8,1.0,2.4,1.4,13.4,8.0,5.4,3.6,5.6,5.4
2020-11-01,Newcastle,Everton,2,1,H,11,15,4,4,5,4,3.71,3.47,2.06,5,10,3,9,1.2,2.6,2.0,1.8,6.8,11.0,2.4,5.0,3.4,5.4
2020-11-01,Tottenham,Brighton,2,1,H,9,6,3,2,4,5,1.63,4.17,5.29,11,5,8,8,3.2,1.8,1.4,1.8,14.8,13.4,7.0,4.0,4.8,5.8
2020-11-02,Fulham,West Brom,2,0,H,13,10,6,1,5,2,2.44,3.32,3.01,1,3,3,1,1.0,1.2,2.2,2.2,14.2,8.4,4.0,3.6,3.8,3.0
2020-11-02,Leeds,Leicester,1,4,A,11,10,4,8,10,3,2.56,3.56,2.68,10,9,4,9,1.8,2.0,1.0,1.6,15.8,8.4,6.8,4.0,6.4,6.0
2020-11-06,Brighton,Burnley,0,0,D,19,4,3,1,5,3,1.9,3.48,4.42,2,1,2,5,1.4,0.2,2.2,1.6,12.0,8.8,3.2,2.6,6.6,4.2
2020-11-06,Southampton,Newcastle,2,0,H,15,4,8,2,8,3,2.04,3.58,3.7,13,8,10,6,2.4,1.6,1.2,1.6,10.4,7.8,4.8,3.2,2.8,3.0
2020-11-07,Chelsea,Sheffield United,4,1,H,20,6,9,3,6,7,1.39,4.93,8.23,9,1,10,0,2.6,0.6,1.2,1.4,14.0,9.6,6.2,3.0,6.6,3.2
2020-11-07,Crystal Palace,Leeds,4,1,H,10,9,6,3,3,6,2.92,3.37,2.47,4,7,5,6,0.8,1.2,2.0,1.2,7.6,16.0,2.8,6.2,4.8,7.4
2020-11-07,Everton,Man United,1,3,A,7,13,1,5,5,2,2.91,3.52,2.42,7,7,8,15,1.8,1.6,1.8,2.0,10.6,12.4,4.4,5.0,4.0,5.0
2020-11-07,West Ham,Fulham,1,0,H,16,13,7,3,9,5,1.83,3.82,4.23,8,4,8,4,2.4,0.8,1.2,1.4,10.4,14.0,4.4,4.0,3.2,4.2
2020-11-08,Arsenal,Aston Villa,0,3,A,13,15,2,6,3,8,1.7,3.97,4.92,6,9,12,8,0.8,2.8,1.2,1.8,8.0,14.2,3.4,6.8,4.6,5.8
2020-11-08,Leicester,Wolves,1,0,H,10,7,3,2,6,3,2.38,3.14,3.28,9,10,6,7,2.0,1.0,1.4,1.0,7.6,12.6,4.4,3.6,3.6,4.2
2020-11-08,Man City,Liverpool,1,1,D,7,10,2,3,1,2,1.99,4.03,3.42,8,10,12,7,1.2,2.2,1.4,2.4,16.4,16.6,5.4,6.8,6.8,5.4
2020-11-08,West Brom,Tottenham,0,1,A,12,19,2,5,9,6,6.38,4.38,1.52,3,11,2,13,0.8,2.6,1.6,1.2,9.2,14.8,3.0,6.4,3.2,5.2
2020-11-21,Aston Villa,Brighton,1,2,A,15,7,4,3,12,3,2.19,3.61,3.21,9,3,9,7,2.8,1.0,1.8,1.6,14.8,12.2,7.0,2.8,6.8,6.2
2020-11-21,Man United,West Brom,1,0,H,17,7,7,2,8,2,1.34,5.34,9.21,7,2,2,1,1.6,0.2,1.8,1.2,13.6,9.8,5.4,2.8,5.2,4.4
2020-11-21,Newcastle,Chelsea,0,2,A,8,14,1,3,7,4,6.39,4.54,1.5,7,11,6,8,1.4,2.8,1.8,0.8,7.4,13.6,3.4,6.0,2.8,6.0
2020-11-21,Tottenham,Man City,2,0,H,4,22,2,5,0,10,4.1,4.03,1.81,13,9,8,11,2.6,1.0,1.0,0.6,14.0,14.6,5.0,4.8,4.4,6.4
2020-11-22,Fulham,Everton,2,3,A,14,9,6,7,2,5,3.93,3.79,1.9,4,4,3,9,0.8,1.6,1.0,2.2,13.4,10.0,4.0,3.6,4.2,3.8
2020-11-22,Leeds,Arsenal,0,0,D,25,9,4,2,5,3,3.13,3.7,2.21,4,6,4,6,1.2,0.6,2.0,1.2,14.4,9.8,5.0,3.2,7.2,4.6
2020-11-22,Liverpool,Leicester,3,0,H,24,11,13,4,10,3,1.9,3.92,3.82,8,9,15,12,1.8,1.2,2.4,1.0,14.4,8.2,5.8,3.6,4.4,4.0
2020-11-22,Sheffield United,West Ham,0,1,A,9,15,5,3,2,6,3.06,3.26,2.43,1,8,1,5,0.8,1.8,2.0,1.2,8.0,10.6,2.8,4.4,3.6,4.8
2020-11-23,Burnley,Crystal Palace,1,0,H,10,15,4,5,4,7,2.79,3.06,2.8,2,7,1,6,0.2,1.4,1.4,1.8,7.6,8.0,2.4,3.8,3.2,4.0
2020-11-23,Wolves,Southampton,1,1,D,20,7,9,2,7,4,2.32,3.25,3.27,10,13,10,10,1.0,2.6,0.4,1.2,11.8,12.4,3.6,6.2,4.2,4.0
2020-11-27,Crystal Palace,Newcastle,0,2,A,12,14,3,7,7,3,2.15,3.21,3.74,7,4,8,6,1.4,0.8,1.2,2.0,10.2,7.0,4.8,2.6,4.4,3.6
2020-11-28,Brighton,Liverpool,1,1,D,11,6,3,2,4,3,5.32,4.19,1.62,6,11,3,8,1.0,2.0,1.0,1.0,11.4,16.4,2.8,6.8,4.8,5.0
2020-11-28,Everton,Leeds,0,1,A,15,23,8,7,4,2,2.02,3.72,3.57,4,4,7,6,1.4,1.0,2.2,1.8,9.6,17.0,3.8,4.4,4.2,6.8
2020-11-28,Man City,Burnley,5,0,H,19,9,6,1,6,4,1.17,7.84,16.81,8,5,10,5,0.8,0.2,0.8,0.8,14.4,8.2,5.4,2.6,6.4,3.2
2020-11-28,West Brom,Sheffield United,1,0,H,17,21,6,5,14,9,2.6,3.17,2.9,2,1,2,0,0.2,0.6,1.0,1.8,10.2,8.6,2.8,3.4,4.6,3.2
2020-11-29,Arsenal,Wolves,1,2,A,13,11,2,5,8,4,2.13,3.28,3.72,4,8,9,6,0.2,1.0,1.0,0.6,10.4,13.0,2.6,4.4,4.8,4.4
2020-11-29,Chelsea,Tottenham,0,0,D,13,5,3,1,3,3,2.1,3.52,3.53,11,13,10,13,2.4,1.8,0.8,0.8,13.0,10.4,5.4,3.8,5.2,3.6
2020-11-29,Southampton,Man United,2,3,A,10,15,5,6,5,9,3.8,3.57,2.0,11,10,12,15,2.4,1.6,1.4,0.6,11.2,16.0,5.2,6.4,3.8,6.4
2020-11-30,Leicester,Fulham,1,2,A,16,10,3,5,6,5,1.54,4.35,6.15,9,4,6,1,1.2,1.2,1.0,1.4,9.6,14.2,4.4,4.8,3.4,4.2
2020-11-30,West Ham,Aston Villa,2,1,H,6,16,2,6,3,7,2.32,3.57,3.01,8,6,8,11,1.4,1.6,1.2,1.8,10.8,14.2,3.8,5.6,5.2,8.8
2020-12-05,Burnley,Everton,1,1,D,8,13,3,6,8,4,4.02,3.5,1.97,4,3,3,9,0.2,1.0,1.8,2.0,8.2,10.4,2.0,4.4,3.6,4.6
2020-12-05,Chelsea,Leeds,3,1,H,23,8,11,3,8,4,1.54,4.5,5.82,11,7,8,9,1.8,1.2,0.2,1.6,13.4,19.0,5.0,5.4,4.6,5.6
2020-12-05,Man City,Fulham,2,0,H,16,6,6,1,9,3,1.12,9.74,21.84,8,6,10,4,1.6,1.4,0.8,1.4,15.6,13.2,5.6,4.6,6.4,4.2
2020-12-05,West Ham,Man United,1,3,A,19,15,6,6,5,4,3.62,3.57,2.05,10,10,10,15,1.2,1.4,0.8,0.8,9.4,13.4,3.4,4.8,4.4,6.8
2020-12-06,Liverpool,Wolves,4,0,H,11,9,6,3,4,6,1.52,4.25,6.59,11,8,15,9,1.8,1.2,0.8,0.8,13.2,13.8,5.6,4.8,4.6,4.6
2020-12-06,Sheffield United,Leicester,1,2,A,4,13,1,4,6,5,3.86,3.49,2.01,0,9,1,12,0.4,1.4,1.8,1.2,10.8,10.6,3.2,4.0,4.6,4.2
2020-12-06,Tottenham,Arsenal,2,0,H,6,11,3,2,3,9,2.01,3.54,3.79,13,4,8,7,1.2,0.4,0.2,1.2,9.2,10.8,2.8,2.4,3.6,5.2
2020-12-06,West Brom,Crystal Palace,1,5,A,9,18,4,6,4,6,2.9,3.21,2.58,4,6,5,6,0.4,1.2,1.0,1.4,11.0,12.4,2.8,5.2,5.8,5.4
2020-12-07,Brighton,Southampton,1,2,A,12,10,4,3,4,3,2.52,3.36,2.86,6,10,3,8,1.0,2.2,1.0,1.4,9.6,10.6,2.8,5.0,4.6,4.4
2020-12-11,Leeds,West Ham,1,2,A,13,19,7,8,5,6,2.18,3.67,3.2,4,9,5,7,0.8,1.2,2.2,1.2,15.2,12.0,4.2,4.2,5.4,5.0
2020-12-12,Everton,Chelsea,1,0,H,9,10,4,3,6,6,4.36,4.12,1.75,4,13,7,11,1.2,2.4,1.8,0.4,11.8,16.8,5.2,7.0,4.4,5.0
2020-12-12,Man United,Man City,0,0,D,11,9,2,2,4,3,4.39,4.16,1.74,12,10,4,8,2.0,1.8,1.0,0.6,13.6,16.0,5.2,5.4,5.8,6.2
2020-12-12,Newcastle,West Brom,2,1,H,12,13,7,3,4,3,2.51,3.25,2.95,7,3,6,1,1.0,0.4,1.2,1.8,8.4,11.0,3.2,3.0,4.2,6.2
2020-12-12,Wolves,Aston Villa,0,1,A,16,13,7,2,5,8,2.34,3.27,3.21,7,3,8,10,1.0,1.6,1.4,2.2,12.4,15.4,4.8,6.0,5.4,8.8
2020-12-13,Arsenal,Burnley,0,1,A,18,10,6,2,13,4,1.54,4.22,6.42,4,5,6,2,0.4,0.4,1.4,1.8,10.6,7.2,2.0,1.8,5.2,4.4
2020-12-13,Crystal Palace,Tottenham,1,1,D,16,14,5,6,4,7,4.71,3.75,1.76,6,13,7,13,1.8,1.4,1.4,0.2,13.2,8.6,4.4,2.8,5.8,3.2
2020-12-13,Fulham,Liverpool,1,1,D,10,12,5,6,6,8,8.44,5.66,1.34,6,11,3,6,1.2,2.2,1.4,0.6,11.2,12.0,4.2,5.8,4.0,4.0
2020-12-13,Leicester,Brighton,3,0,H,15,12,6,4,9,5,2.03,3.49,3.76,9,5,6,7,1.6,1.0,1.4,1.2,12.0,11.0,4.4,3.0,4.6,4.2
2020-12-13,Southampton,Sheffield United,3,0,H,16,3,6,0,8,4,1.72,3.83,4.95,10,0,9,0,2.2,0.4,1.6,1.8,10.2,9.0,4.4,3.0,4.2,5.2
2020-12-15,Man City,West Brom,1,1,D,26,5,7,1,13,2,1.12,9.96,22.77,8,3,10,1,1.6,0.6,0.6,1.8,14.6,11.6,4.2,3.4,5.8,6.4
2020-12-15,Wolves,Chelsea,2,1,H,12,13,4,3,5,6,5.44,3.79,1.68,4,10,8,8,0.6,1.8,1.6,0.6,12.6,16.0,5.2,5.8,5.0,5.4
2020-12-16,Arsenal,Southampton,1,1,D,9,13,4,3,2,7,2.25,3.47,3.19,1,10,3,11,0.2,2.0,1.6,1.0,12.8,11.6,2.8,4.8,7.2,5.6
2020-12-16,Fulham,Brighton,0,0,D,9,9,4,4,1,8,2.9,3.28,2.51,4,5,4,4,1.0,0.8,1.6,1.4,10.6,12.2,4.0,3.4,4.2,4.2
2020-12-16,Leeds,Newcastle,5,2,H,25,10,10,4,7,4,1.76,3.89,4.49,4,9,2,8,0.8,1.2,1.8,1.2,15.6,9.8,4.8,4.2,4.4,4.4
2020-12-16,Leicester,Everton,0,2,A,14,11,2,6,4,6,2.2,3.55,3.22,9,7,6,7,1.4,1.2,1.2,1.4,13.0,10.6,4.0,5.2,5.8,4.8
2020-12-16,Liverpool,Tottenham,2,1,H,17,8,11,2,7,4,1.79,3.84,4.44,9,11,15,11,2.0,1.2,0.6,0.2,12.6,9.6,6.0,3.4,5.4,3.8
2020-12-16,West Ham,Crystal Palace,1,1,D,9,8,2,2,5,3,2.1,3.4,3.64,12,7,10,6,1.4,2.0,1.0,1.2,15.0,14.2,5.2,5.0,5.8,5.4
2020-12-17,Aston Villa,Burnley,0,0,D,27,6,7,4,11,1,1.74,3.84,4.73,6,8,6,5,1.8,0.6,1.6,1.2,15.6,8.2,5.6,2.2,9.2,4.6
2020-12-17,Sheffield United,Man United,2,3,A,12,14,6,8,6,3,7.14,4.54,1.46,0,13,1,15,0.4,2.0,2.2,0.8,8.6,14.2,2.8,5.2,5.6,5.4
2020-12-19,Crystal Palace,Liverpool,0,7,A,5,14,3,8,5,4,6.2,4.45,1.52,5,11,5,4,1.4,2.2,1.2,0.6,13.8,14.0,4.2,7.6,5.4,6.4
2020-12-19,Everton,Arsenal,2,1,H,9,13,2,2,4,3,2.42,3.44,2.93,10,2,7,4,1.4,0.4,0.8,1.2,11.4,12.0,6.2,3.2,5.0,7.0
2020-12-19,Newcastle,Fulham,1,1,D,12,11,5,4,2,9,2.58,3.25,2.87,6,5,9,4,1.2,1.0,2.0,1.4,9.6,9.8,4.2,4.2,4.2,3.4
2020-12-19,Southampton,Man City,0,1,A,9,11,3,5,6,6,6.48,4.63,1.48,8,8,12,6,1.8,1.6,1.2,0.6,11.2,18.4,3.8,5.2,5.4,8.2
2020-12-20,Brighton,Sheffield United,1,1,D,21,5,5,3,14,2,1.69,3.72,5.43,5,0,3,0,0.8,0.6,1.4,2.0,10.2,9.8,3.6,3.4,4.8,5.4
2020-12-20,Man United,Leeds,6,2,H,26,17,14,3,11,13,1.71,4.23,4.49,13,7,5,9,2.0,1.6,1.0,1.4,14.4,18.8,5.8,6.2,5.6,4.6
2020-12-20,Tottenham,Leicester,0,2,A,8,17,3,4,5,3,2.08,3.48,3.62,8,6,11,12,1.2,1.2,0.6,1.6,7.4,13.8,2.8,3.8,3.4,5.4
2020-12-20,West Brom,Aston Villa,0,3,A,1,19,1,10,1,7,3.69,3.7,1.99,4,7,5,12,0.8,1.2,1.8,0.8,10.2,17.2,3.2,5.0,5.0,9.2
2020-12-21,Burnley,Wolves,2,1,H,10,15,4,3,1,7,3.61,3.13,2.23,8,7,4,6,0.6,1.0,1.2,1.6,8.6,13.6,2.8,5.6,4.2,5.4
2020-12-21,Chelsea,West Ham,3,0,H,11,6,7,0,5,4,1.49,4.63,6.29,7,10,11,10,1.2,1.4,0.8,1.2,14.6,13.6,4.6,4.2,5.4,5.0
2020-12-26,Arsenal,Chelsea,3,1,H,15,19,7,3,7,9,4.06,3.59,1.93,1,7,1,7,0.6,1.4,1.6,0.8,12.8,14.0,3.2,5.4,7.0,5.6
2020-12-26,Aston Villa,Crystal Palace,3,0,H,21,13,10,6,4,4,1.94,3.75,3.8,7,5,4,7,1.2,1.4,0.8,2.4,18.0,11.8,5.8,3.8,9.0,5.0
2020-12-26,Fulham,Southampton,0,0,D,10,3,1,2,6,3,3.19,3.32,2.32,6,7,5,9,0.8,1.6,1.0,1.2,9.2,11.6,3.8,4.0,4.8,5.8
2020-12-26,Leicester,Man United,2,2,D,10,9,2,4,5,0,3.01,3.55,2.32,9,13,6,15,1.6,3.0,1.0,1.4,15.0,16.2,3.8,7.2,5.4,6.2
2020-12-26,Man City,Newcastle,2,0,H,11,7,6,2,7,3,1.12,9.31,23.28,11,7,11,5,1.8,1.4,0.2,1.8,16.2,11.2,5.2,4.8,7.4,4.0
2020-12-26,Sheffield United,Everton,0,1,A,10,7,2,3,6,3,4.2,3.59,1.9,1,10,1,7,0.8,1.2,2.0,0.6,9.0,11.4,3.0,5.2,5.4,4.8
2020-12-27,Leeds,Burnley,1,0,H,11,14,4,6,4,12,1.75,3.98,4.5,6,8,4,6,2.0,0.8,2.6,1.4,17.2,8.6,6.0,2.8,6.2,3.6
2020-12-27,Liverpool,West Brom,1,1,D,17,5,2,3,8,3,1.13,9.05,20.61,11,4,15,2,3.0,0.8,0.6,2.2,12.0,9.0,6.6,3.0,5.2,4.8
2020-12-27,West Ham,Brighton,2,2,D,11,13,4,4,5,4,2.37,3.32,3.11,7,3,8,5,1.2,0.6,1.8,1.4,11.8,13.0,3.6,4.0,4.6,7.0
2020-12-27,Wolves,Tottenham,1,1,D,11,6,6,3,9,2,3.62,3.28,2.16,6,5,8,8,1.0,0.8,1.8,1.0,12.6,8.2,4.4,3.0,5.4,4.4
2020-12-28,Chelsea,Aston Villa,1,1,D,16,10,5,2,11,4,1.69,4.18,4.72,6,10,11,12,1.6,1.6,1.4,0.4,15.2,19.2,5.4,7.0,6.8,7.4
2020-12-28,Crystal Palace,Leicester,1,1,D,4,17,1,3,2,5,3.81,3.52,2.01,5,10,5,12,1.4,1.8,2.6,1.0,12.0,13.8,4.4,3.6,4.4,5.2
2020-12-29,Brighton,Arsenal,0,1,A,13,11,2,3,5,4,3.22,3.38,2.29,3,4,4,4,0.8,1.0,1.6,1.4,13.4,13.2,4.2,4.2,7.0,6.8
2020-12-29,Burnley,Sheffield United,1,0,H,5,7,3,3,3,5,2.41,3.15,3.22,8,1,7,1,0.8,0.8,0.6,2.0,9.6,6.8,3.8,2.4,5.2,4.8
2020-12-29,Man United,Wolves,1,0,H,11,9,3,5,2,2,1.55,4.21,6.1,11,4,8,6,2.8,0.8,1.4,1.8,15.0,12.6,6.8,4.6,4.4,6.4
2020-12-29,Southampton,West Ham,0,0,D,8,8,3,3,4,3,2.19,3.48,3.33,8,5,9,7,1.2,1.2,0.6,2.0,10.2,12.8,3.4,4.0,5.4,5.0
2020-12-29,West Brom,Leeds,0,5,A,4,14,1,6,3,10,3.59,3.67,2.03,2,6,4,6,0.8,2.0,2.4,2.6,6.6,14.8,2.4,5.4,2.6,6.6
2020-12-30,Newcastle,Liverpool,0,0,D,8,11,2,4,5,12,9.81,5.93,1.29,7,11,7,7,1.4,3.0,1.8,0.6,11.0,14.2,5.0,6.6,3.2,6.2
2021-01-01,Everton,West Ham,0,1,A,10,11,2,5,5,4,2.15,3.44,3.5,13,6,7,7,1.4,1.0,0.4,1.4,9.8,10.6,4.2,3.4,4.6,4.6
2021-01-01,Man United,Aston Villa,2,1,H,19,5,9,5,5,10,1.74,4.14,4.42,11,11,10,10,2.4,1.6,1.2,0.2,14.2,18.0,6.2,6.2,4.0,6.8
2021-01-02,Brighton,Wolves,3,3,D,13,11,4,4,5,8,2.66,3.15,2.85,3,4,3,3,0.6,0.8,1.4,1.2,13.6,12.6,3.8,5.0,7.2,5.6
2021-01-02,Crystal Palace,Sheffield United,2,0,H,9,7,4,2,3,6,2.01,3.4,3.93,3,1,5,1,0.6,0.6,2.6,1.8,9.2,7.4,3.4,2.8,3.6,4.6
2021-01-02,Tottenham,Leeds,3,0,H,20,18,7,5,3,5,1.8,4.05,4.15,5,9,10,6,1.0,2.8,1.2,2.0,8.4,16.0,3.4,6.0,4.2,7.8
2021-01-02,West Brom,Arsenal,0,4,A,7,21,3,12,3,5,5.78,4.01,1.61,2,7,3,7,0.6,1.2,2.4,1.0,5.6,13.2,1.8,4.4,2.4,5.8
2021-01-03,Chelsea,Man City,1,3,A,9,18,2,6,5,3,3.01,3.66,2.24,4,11,11,8,1.2,1.2,1.4,0.2,13.8,14.6,4.2,5.2,7.4,7.6
2021-01-03,Newcastle,Leicester,1,2,A,8,9,2,3,3,6,5.19,3.97,1.67,5,8,8,10,1.0,1.6,1.8,1.0,9.8,14.6,4.0,3.4,3.6,5.2
2021-01-04,Southampton,Liverpool,1,0,H,7,17,3,1,1,10,4.89,4.24,1.65,6,9,7,7,0.8,2.2,0.4,0.6,9.8,14.2,3.4,6.2,5.6,7.8
2021-01-12,Burnley,Man United,0,1,A,11,13,0,7,3,4,7.03,4.56,1.47,10,13,10,13,0.8,2.8,0.4,1.4,9.0,15.8,3.8,7.6,4.2,4.2
2021-01-12,Sheffield United,Newcastle,1,0,H,17,7,4,3,5,2,2.49,3.11,3.13,1,2,0,4,0.6,0.8,1.6,2.0,8.2,9.0,3.2,3.0,5.0,3.4
2021-01-12,Wolves,Everton,1,2,A,12,5,3,3,6,5,2.5,3.12,3.1,5,12,8,10,1.4,1.2,1.6,0.4,11.6,9.2,4.4,3.4,6.2,4.8
2021-01-13,Man City,Brighton,1,0,H,16,5,6,1,8,4,1.18,7.48,15.78,11,4,11,5,1.4,1.2,0.4,1.4,15.0,13.8,5.2,3.8,6.4,7.2
2021-01-13,Tottenham,Fulham,1,1,D,15,15,6,4,6,5,1.4,4.91,7.98,5,4,12,5,1.2,0.4,1.2,0.8,11.2,9.2,4.2,3.0,4.2,5.0
2021-01-14,Arsenal,Crystal Palace,0,0,D,11,12,4,2,7,3,1.55,4.1,6.37,10,5,4,4,2.0,0.8,0.8,2.4,13.8,7.8,5.6,3.2,4.2,3.4
2021-01-16,Fulham,Chelsea,0,1,A,10,21,3,6,1,12,6.3,4.21,1.55,5,4,6,6,0.6,1.4,0.6,1.8,11.0,13.6,3.6,4.0,5.4,7.2
2021-01-16,Leeds,Brighton,0,1,A,7,7,2,2,5,2,2.17,3.57,3.31,9,3,7,5,2.6,1.2,2.2,1.6,17.0,13.0,5.6,3.2,7.8,6.4
2021-01-16,Leicester,Southampton,2,0,H,16,8,5,3,2,5,1.8,3.72,4.58,8,6,7,9,1.4,0.4,1.2,0.4,13.4,8.0,2.8,2.8,4.6,4.2
2021-01-16,West Ham,Burnley,1,0,H,15,10,4,2,7,4,1.84,3.49,4.69,6,7,8,5,0.8,0.6,1.2,0.6,9.0,9.2,2.8,3.4,4.2,4.0
2021-01-16,Wolves,West Brom,2,3,A,23,12,6,5,11,0,1.61,3.67,6.71,2,2,5,2,1.2,0.4,1.8,2.8,11.6,4.4,4.2,1.8,6.4,2.4
2021-01-17,Liverpool,Man United,0,0,D,17,8,3,4,7,3,1.97,3.84,3.65,8,13,13,13,2.0,2.4,0.6,1.0,15.2,15.6,5.2,7.4,8.2,4.4
2021-01-17,Man City,Crystal Palace,4,0,H,13,2,6,0,11,1,1.17,7.67,17.03,13,5,13,5,1.6,0.6,0.4,2.2,16.4,8.6,6.0,3.2,7.4,3.4
2021-01-17,Sheffield United,Tottenham,1,3,A,15,14,5,5,5,7,5.96,3.73,1.65,4,5,3,6,0.4,1.2,1.0,1.2,9.2,11.4,2.8,4.2,4.8,4.0
2021-01-18,Arsenal,Newcastle,3,0,H,20,4,6,1,7,2,1.44,4.61,7.54,10,2,5,3,1.8,0.4,0.6,1.2,14.2,8.4,5.6,2.8,5.2,3.0
2021-01-19,Leicester,Chelsea,2,0,H,8,9,6,5,6,3,2.9,3.41,2.49,11,7,7,6,1.8,1.4,0.8,1.4,13.8,15.2,3.4,4.6,4.2,8.4
2021-01-19,West Ham,West Brom,2,1,H,14,6,6,2,3,1,1.58,4.08,6.09,8,4,8,5,0.8,0.8,1.0,3.0,10.2,5.8,3.2,2.6,4.6,2.0
2021-01-20,Fulham,Man United,1,2,A,12,15,5,5,2,8,6.05,4.31,1.55,4,11,3,11,0.4,1.2,0.6,0.6,11.0,12.0,3.2,5.4,4.4,2.8
2021-01-20,Man City,Aston Villa,2,0,H,28,11,9,4,16,2,1.25,6.21,11.36,15,8,13,7,2.2,1.6,0.2,0.6,13.8,16.4,5.8,6.8,7.0,7.2
2021-01-21,Liverpool,Burnley,0,1,A,27,6,6,4,12,0,1.2,7.05,14.89,6,6,11,4,1.6,0.6,0.4,0.8,15.2,10.0,3.6,3.0,8.2,4.6
2021-01-23,Aston Villa,Newcastle,2,0,H,14,7,5,1,5,4,1.5,4.53,6.37,7,1,4,3,1.6,0.2,1.0,1.6,13.2,6.8,6.2,2.0,5.4,3.0
2021-01-26,Crystal Palace,West Ham,2,3,A,6,17,3,7,3,4,3.16,3.27,2.39,5,11,5,10,0.6,1.2,1.6,0.6,8.0,11.8,2.6,4.4,2.6,4.4
2021-01-26,Newcastle,Leeds,1,2,A,22,9,5,2,9,5,3.83,3.83,1.93,1,6,5,6,0.2,1.6,1.6,2.0,6.8,13.4,1.8,4.0,3.2,7.4
2021-01-26,Southampton,Arsenal,1,3,A,13,9,5,5,4,5,3.49,3.6,2.09,5,13,7,7,0.2,2.2,0.6,0.2,7.0,15.6,2.8,6.4,3.8,6.0
2021-01-26,West Brom,Man City,0,5,A,4,18,1,7,3,8,15.44,7.06,1.2,4,15,3,10,1.0,2.4,2.8,0.2,6.8,17.2,2.8,6.6,2.0,9.0
2021-01-27,Brighton,Fulham,0,0,D,16,10,5,3,10,0,2.06,3.38,3.82,5,3,3,5,1.2,0.6,1.4,1.0,10.2,11.6,2.6,3.4,4.0,4.6
2021-01-27,Burnley,Aston Villa,3,2,H,10,18,5,10,2,4,3.84,3.53,2.0,6,7,10,7,0.4,1.4,0.6,1.0,9.2,12.2,3.0,5.2,4.4,5.0
2021-01-27,Chelsea,Wolves,0,0,D,14,4,5,0,13,1,1.62,4.08,5.53,4,2,8,4,0.8,1.4,1.8,2.0,14.8,13.2,4.2,4.8,8.0,7.2
2021-01-27,Everton,Leicester,1,1,D,8,19,2,6,5,11,2.83,3.25,2.61,12,11,6,10,1.4,1.8,0.6,0.8,8.4,12.0,3.2,3.8,4.6,4.8
2021-01-27,Man United,Sheffield United,1,2,A,16,5,4,3,7,2,1.28,5.94,10.6,13,3,13,1,1.2,0.4,0.4,1.4,13.2,11.2,5.6,3.2,4.4,5.4
2021-01-28,Tottenham,Liverpool,1,3,A,3,14,2,7,1,2,3.22,3.54,2.22,8,3,10,6,1.6,0.2,1.0,0.6,12.6,17.8,4.8,3.2,4.6,9.8
2021-01-30,Arsenal,Man United,0,0,D,17,14,3,3,4,7,2.86,3.4,2.51,13,10,8,11,2.2,1.2,0.2,0.8,14.4,14.2,6.0,5.8,5.6,5.4
2021-01-30,Crystal Palace,Wolves,1,0,H,11,6,2,4,1,6,2.96,3.1,2.61,5,2,5,2,1.0,1.2,1.6,1.8,6.6,11.8,2.0,3.6,2.4,5.6
2021-01-30,Everton,Newcastle,0,2,A,11,13,3,3,7,12,1.59,3.95,6.27,10,0,7,0,1.2,0.4,0.8,2.0,7.8,9.6,2.4,2.4,4.4,4.0
2021-01-30,Man City,Sheffield United,1,0,H,10,4,5,1,10,0,1.13,8.75,21.73,15,6,13,4,3.0,0.8,0.2,1.4,18.6,10.2,6.8,3.4,9.2,4.6
2021-01-30,Southampton,Aston Villa,0,1,A,20,8,5,4,7,1,2.86,3.59,2.41,5,4,7,4,0.4,1.2,1.0,1.6,7.8,11.6,3.2,5.2,3.4,5.0
2021-01-30,West Brom,Fulham,2,2,D,5,12,3,7,2,3,3.33,3.19,2.32,3,3,0,6,0.8,0.4,3.6,0.8,6.6,11.4,2.4,3.2,2.0,2.8
2021-01-31,Brighton,Tottenham,1,0,H,16,8,5,4,9,2,3.12,3.36,2.35,5,8,3,6,0.8,1.8,1.0,1.2,10.8,11.6,2.8,4.6,5.2,3.8
2021-01-31,Chelsea,Burnley,2,0,H,19,1,8,0,4,2,1.34,5.15,9.64,5,9,8,7,0.6,1.0,1.2,0.8,13.8,8.4,4.6,2.8,8.8,2.4
2021-01-31,Leicester,Leeds,1,3,A,18,8,8,7,6,4,1.82,4.02,4.11,11,9,10,6,1.6,1.6,0.6,1.0,13.8,11.8,4.6,3.8,6.0,5.8
2021-01-31,West Ham,Liverpool,1,3,A,8,14,2,5,6,5,4.39,3.99,1.77,13,5,8,8,1.4,0.6,0.6,0.6,13.0,17.2,5.0,4.2,4.2,8.6
2021-02-02,Man United,Southampton,9,0,H,24,3,14,1,5,3,1.44,4.73,7.22,8,4,10,6,0.8,0.4,0.6,1.2,13.2,11.2,4.6,3.8,5.8,4.2
2021-02-02,Newcastle,Crystal Palace,1,2,A,21,6,5,3,9,1,2.91,3.15,2.63,3,7,5,5,0.6,1.0,1.6,1.4,10.6,8.0,2.6,2.2,5.8,2.2
2021-02-02,Sheffield United,West Brom,2,1,H,14,8,6,4,9,2,2.05,3.3,3.99,6,4,3,5,0.8,1.2,1.4,3.0,9.6,6.8,3.0,2.8,3.6,1.8
2021-02-02,Wolves,Arsenal,2,1,H,11,9,7,3,9,6,3.63,3.29,2.17,2,11,4,9,1.2,2.0,1.8,0.2,11.2,15.6,3.4,6.0,6.4,5.6
2021-02-03,Aston Villa,West Ham,1,3,A,9,20,2,10,7,3,2.21,3.43,3.33,6,12,7,10,1.2,1.6,1.4,1.2,11.2,13.0,5.6,4.8,4.4,4.8
2021-02-03,Burnley,Man City,0,2,A,2,17,0,6,1,3,14.33,6.54,1.22,6,15,10,10,0.8,2.6,1.2,0.0,7.6,17.0,2.2,6.6,2.2,10.6
2021-02-03,Fulham,Leicester,0,2,A,8,9,1,5,5,2,4.0,3.49,1.97,3,10,3,11,0.8,1.6,1.2,1.0,11.8,14.0,4.4,5.6,2.2,6.2
2021-02-03,Leeds,Everton,1,2,A,16,10,7,6,7,1,2.47,3.63,2.75,9,7,7,13,2.0,0.8,1.2,1.0,11.2,8.2,4.4,2.6,5.8,5.0
2021-02-03,Liverpool,Brighton,0,1,A,11,13,1,4,6,3,1.36,5.23,8.38,7,8,8,5,1.2,1.0,0.8,0.8,17.8,11.4,4.4,3.4,7.2,6.0
2021-02-04,Tottenham,Chelsea,0,1,A,7,18,2,2,2,7,3.48,3.43,2.16,7,7,7,3,1.6,0.8,1.2,1.0,12.0,14.4,4.8,5.2,3.8,7.4
2021-02-06,Aston Villa,Arsenal,1,0,H,12,14,8,3,3,7,2.74,3.47,2.56,6,8,7,9,1.2,1.4,1.6,0.6,12.0,13.2,5.0,4.2,3.8,5.8
2021-02-06,Burnley,Brighton,1,1,D,20,10,7,2,8,7,3.58,3.17,2.22,6,10,9,8,0.8,0.6,1.4,0.2,5.8,11.4,2.2,3.4,1.8,5.6
2021-02-06,Fulham,West Ham,0,0,D,20,8,2,1,7,3,3.57,3.46,2.1,2,12,2,10,0.6,2.0,1.4,1.4,10.4,14.8,3.8,5.8,2.2,4.6
2021-02-06,Man United,Everton,3,3,D,14,6,5,3,5,1,1.56,4.26,5.99,8,7,12,13,2.4,1.0,0.6,1.2,15.4,8.8,6.0,3.2,6.0,4.6
2021-02-06,Newcastle,Southampton,3,2,H,6,14,4,5,0,7,2.99,3.27,2.47,3,3,2,5,0.8,0.4,1.8,3.0,13.4,10.2,3.0,3.4,7.2,4.0
2021-02-07,Liverpool,Man City,1,4,A,8,8,3,5,6,1,3.37,3.63,2.12,7,15,5,13,1.2,2.8,0.8,0.0,16.6,17.2,4.4,6.6,6.4,9.6
2021-02-07,Sheffield United,Chelsea,1,2,A,8,9,3,3,1,8,7.18,4.38,1.48,9,10,6,6,1.2,0.8,1.2,0.4,11.0,16.2,3.8,5.2,4.2,7.8
2021-02-07,Tottenham,West Brom,2,0,H,13,4,6,1,8,0,1.46,4.51,7.23,4,4,4,5,1.0,1.4,1.4,2.6,9.4,7.0,3.8,3.0,3.6,1.6
2021-02-07,Wolves,Leicester,0,0,D,13,13,1,3,8,2,3.52,3.37,2.16,4,10,7,11,1.0,1.6,1.4,0.8,11.2,14.0,4.0,6.0,6.6,5.4
2021-02-08,Leeds,Crystal Palace,2,0,H,17,8,7,3,5,3,1.86,3.82,4.06,6,7,6,5,1.2,1.0,1.6,1.6,11.6,7.4,4.6,2.0,5.2,1.8
2021-02-13,Brighton,Aston Villa,0,0,D,26,4,9,1,9,2,2.77,3.4,2.56,11,9,6,4,0.8,1.4,0.2,1.2,12.4,12.2,3.6,5.8,6.2,4.0
2021-02-13,Crystal Palace,Burnley,0,3,A,13,16,3,4,7,4,2.42,3.11,3.22,6,7,7,4,1.0,1.0,2.0,1.4,6.6,7.8,2.2,3.2,1.8,2.6
2021-02-13,Leicester,Liverpool,3,1,H,11,15,6,4,2,12,3.45,3.49,2.14,8,6,7,10,1.2,1.4,0.8,1.6,13.4,14.8,5.6,4.4,5.4,6.2
2021-02-13,Man City,Tottenham,3,0,H,15,7,6,3,4,2,1.33,5.56,8.65,15,6,15,5,2.8,1.2,0.2,1.2,16.2,9.0,6.4,3.8,7.6,4.0
2021-02-14,Arsenal,Leeds,4,2,H,13,9,5,5,4,5,1.89,3.77,3.98,7,9,9,9,1.4,1.6,0.8,1.0,13.8,11.4,4.0,5.0,5.8,5.2
2021-02-14,Everton,Fulham,0,2,A,7,12,2,3,5,4,1.93,3.53,4.09,8,3,7,4,1.6,0.6,1.6,1.2,8.0,12.4,3.4,3.6,3.8,3.4
2021-02-14,Southampton,Wolves,1,2,A,7,10,3,4,4,6,2.42,3.21,3.12,0,5,4,2,0.6,0.8,3.6,1.0,11.6,11.4,3.8,3.6,5.2,7.0
2021-02-14,West Brom,Man United,1,1,D,7,10,3,7,4,5,9.19,5.52,1.33,1,8,1,9,0.8,3.0,2.6,1.2,5.4,16.6,2.2,6.2,1.6,6.4
2021-02-15,Chelsea,Newcastle,2,0,H,18,10,5,4,10,5,1.24,6.36,11.97,10,6,8,3,1.0,1.4,0.6,1.6,13.8,13.8,4.6,3.6,7.0,6.8
2021-02-15,West Ham,Sheffield United,3,0,H,13,8,9,5,7,7,1.73,3.74,5.04,10,6,8,4,1.8,1.2,1.4,1.6,13.4,9.2,5.2,3.6,3.8,3.4
2021-02-17,Burnley,Fulham,1,1,D,8,8,3,3,5,5,2.77,3.15,2.72,7,6,7,7,1.4,0.8,1.4,0.8,9.8,12.4,3.2,3.2,3.4,3.8
2021-02-17,Everton,Man City,1,3,A,3,16,2,7,0,10,8.56,5.33,1.35,5,15,4,15,1.2,3.0,1.8,0.2,8.4,13.6,3.2,5.8,3.8,5.2
2021-02-19,Wolves,Leeds,1,0,H,15,18,5,7,7,9,2.38,3.36,3.08,8,9,5,9,0.8,2.0,0.6,1.6,8.8,11.8,3.2,5.6,6.0,5.2
2021-02-20,Burnley,West Brom,0,0,D,6,10,1,3,5,5,2.04,3.31,3.96,5,2,5,4,1.0,0.8,1.2,2.4,9.4,5.6,2.8,2.4,4.0,2.2
2021-02-20,Fulham,Sheffield United,1,0,H,15,4,7,2,6,4,2.2,3.19,3.61,6,6,2,3,1.0,1.0,1.0,1.6,12.0,7.8,3.2,3.6,4.8,3.8
2021-02-20,Liverpool,Everton,0,2,A,15,9,6,6,7,2,1.47,4.59,6.79,6,4,2,13,1.6,1.2,2.0,2.2,12.4,7.4,4.0,3.2,6.2,2.8
2021-02-20,Southampton,Chelsea,1,1,D,4,9,1,3,3,6,4.93,3.76,1.74,0,13,4,9,0.8,1.4,3.6,0.2,11.4,15.6,3.8,4.6,5.0,8.4
2021-02-21,Arsenal,Man City,0,1,A,7,15,1,3,1,3,6.27,4.36,1.53,7,15,11,15,1.6,2.6,1.2,0.4,12.4,13.2,3.8,5.8,5.2,5.6
2021-02-21,Aston Villa,Leicester,1,2,A,11,16,2,7,7,8,2.87,3.5,2.44,7,8,10,9,1.0,1.4,1.2,1.0,10.2,14.0,5.0,5.6,3.4,4.6
2021-02-21,Man United,Newcastle,3,1,H,15,10,7,6,6,4,1.3,5.75,10.27,6,6,10,3,2.8,1.4,1.2,1.6,15.6,14.4,6.6,4.2,5.8,7.0
2021-02-21,West Ham,Tottenham,2,1,H,4,20,4,4,5,7,2.64,3.33,2.73,10,3,10,4,2.0,0.6,1.2,1.6,13.2,7.6,5.8,3.4,4.6,3.0
2021-02-22,Brighton,Crystal Palace,1,2,A,25,3,5,2,13,0,1.74,3.53,5.36,9,6,6,4,0.6,1.0,0.2,1.8,16.2,8.8,5.0,2.8,7.6,3.0
2021-02-23,Leeds,Southampton,3,0,H,11,13,7,5,2,4,2.34,3.47,3.06,6,1,9,2,1.6,0.8,1.6,3.2,13.6,9.6,6.6,3.0,6.0,4.8
2021-02-27,Leeds,Aston Villa,0,1,A,13,9,3,4,7,5,2.23,3.63,3.12,6,7,9,4,1.6,0.8,1.4,1.0,14.2,8.8,6.6,3.4,5.6,4.0
2021-02-27,Man City,West Ham,2,1,H,10,9,3,3,4,2,1.23,6.55,12.55,15,10,15,11,2.6,1.8,0.4,1.0,14.2,10.6,5.4,5.2,4.2,4.8
2021-02-27,Newcastle,Wolves,1,1,D,19,14,7,4,3,5,3.51,3.12,2.28,6,10,4,5,1.4,1.0,1.8,0.6,12.0,11.0,4.4,4.2,6.0,7.2
2021-02-27,West Brom,Brighton,1,0,H,6,15,2,6,7,4,4.14,3.44,1.96,3,8,2,8,0.8,0.8,1.4,0.6,6.8,18.0,2.8,5.0,2.6,8.2
2021-02-28,Chelsea,Man United,0,0,D,18,11,6,4,3,4,2.27,3.29,3.35,13,9,8,9,1.6,3.2,0.4,1.0,14.6,15.4,4.2,7.2,7.0,5.6
2021-02-28,Crystal Palace,Fulham,0,0,D,3,16,0,4,1,3,3.49,3.17,2.26,9,8,7,7,1.0,0.8,1.4,0.6,8.2,12.6,2.6,3.2,2.4,5.4
2021-02-28,Leicester,Arsenal,1,3,A,8,12,3,4,2,7,2.51,3.34,2.89,10,4,10,9,1.6,1.0,1.0,1.2,13.4,12.0,5.8,3.0,4.0,4.4
2021-02-28,Sheffield United,Liverpool,0,2,A,8,16,2,8,4,3,7.56,4.94,1.41,3,3,6,7,0.6,1.0,1.6,2.2,7.6,12.6,3.4,3.8,4.2,7.2
2021-02-28,Tottenham,Burnley,4,0,H,16,10,7,3,3,4,1.55,4.04,6.66,3,6,7,6,0.6,1.0,1.4,0.8,11.0,10.4,3.8,3.0,4.2,4.6
2021-03-01,Everton,Southampton,1,0,H,7,9,1,1,4,10,2.19,3.45,3.34,7,1,1,1,1.6,0.8,1.8,3.6,7.0,8.2,3.8,3.0,1.8,4.2
2021-03-02,Man City,Wolves,4,1,H,22,6,10,1,10,2,1.22,6.41,15.26,15,11,15,6,2.6,1.2,0.6,0.6,12.8,12.6,4.8,4.2,4.4,7.0
2021-03-03,Burnley,Leicester,1,1,D,12,15,7,4,5,8,3.97,3.3,2.05,6,10,6,11,1.0,1.6,1.2,1.0,12.0,11.4,3.6,4.8,5.2,3.2
2021-03-03,Crystal Palace,Man United,0,0,D,8,11,2,1,4,6,7.56,4.6,1.44,7,9,7,7,0.8,3.2,1.4,1.0,6.6,14.8,2.2,7.4,2.4,5.0
2021-03-03,Sheffield United,Aston Villa,1,0,H,9,16,2,4,2,7,3.73,3.44,2.07,3,7,6,7,0.6,0.8,1.8,1.0,8.4,9.0,3.6,3.4,5.0,4.8
2021-03-04,Fulham,Tottenham,0,1,A,11,9,3,2,4,1,3.95,3.57,1.96,9,6,4,4,0.8,1.4,0.2,1.2,14.2,12.6,3.8,4.4,5.0,4.4
2021-03-04,Liverpool,Chelsea,0,1,A,7,11,1,5,5,2,2.26,3.59,3.1,3,11,1,10,0.8,1.2,2.0,0.4,13.0,14.4,4.4,3.8,6.8,6.8
2021-03-04,West Brom,Everton,0,1,A,11,11,3,3,3,3,4.43,3.67,1.84,5,7,5,13,0.6,1.4,1.0,1.6,7.0,6.4,2.6,2.8,3.6,2.4
2021-03-06,Aston Villa,Wolves,0,0,D,9,10,1,2,5,3,2.42,3.2,3.14,7,8,9,5,0.6,1.0,0.6,1.2,10.4,11.6,3.8,3.0,4.8,5.6
2021-03-06,Brighton,Leicester,1,2,A,7,8,2,4,6,6,2.56,3.24,2.9,5,8,6,9,0.6,1.4,0.8,1.2,17.8,12.6,5.2,4.6,7.2,4.4
2021-03-06,Burnley,Arsenal,1,1,D,9,15,5,3,2,4,5.48,3.94,1.64,6,6,4,9,1.0,1.6,1.2,1.4,10.4,11.0,3.6,3.2,4.6,5.0
2021-03-06,Sheffield United,Southampton,0,2,A,8,15,2,5,7,3,3.67,3.4,2.09,3,1,6,0,0.4,0.8,1.6,2.0,7.4,9.4,2.8,3.0,3.6,5.6
2021-03-07,Liverpool,Fulham,0,1,A,16,10,3,3,9,4,1.38,4.98,8.39,3,8,0,7,0.8,0.8,2.0,0.4,12.2,12.4,4.4,4.0,6.6,4.4
2021-03-07,Man City,Man United,0,2,A,23,8,6,6,6,2,1.5,4.35,6.74,15,7,15,7,2.6,1.4,0.6,1.0,15.6,12.2,5.8,4.8,6.2,5.2
2021-03-07,Tottenham,Crystal Palace,4,1,H,12,5,5,1,1,5,1.47,4.48,7.11,9,5,7,7,1.6,0.4,1.0,1.2,13.0,7.0,4.4,2.0,4.2,3.0
2021-03-07,West Brom,Newcastle,0,0,D,13,9,3,5,9,7,2.45,3.2,3.09,5,4,5,3,0.4,1.2,0.8,2.0,7.6,13.2,2.4,5.2,3.8,4.2
2021-03-08,Chelsea,Everton,2,0,H,19,7,9,1,7,3,1.55,4.14,6.29,11,9,8,13,1.2,1.0,0.4,1.0,13.0,7.4,4.4,2.8,5.8,2.8
2021-03-08,West Ham,Leeds,2,0,H,16,17,5,2,6,6,2.09,3.59,3.46,10,6,12,6,1.8,1.4,0.8,1.2,10.8,13.6,5.4,5.8,4.0,5.6
2021-03-10,Man City,Southampton,5,2,H,17,11,10,6,5,5,1.21,6.91,14.17,12,4,12,3,2.0,0.8,1.0,1.4,17.2,9.6,5.8,3.0,6.6,4.8
2021-03-12,Newcastle,Aston Villa,1,1,D,12,15,3,6,2,2,3.8,3.33,2.09,5,5,4,7,1.0,0.4,1.6,0.6,10.8,9.8,5.2,2.4,3.8,5.2
2021-03-13,Crystal Palace,West Brom,1,0,H,6,12,4,1,3,2,2.24,3.17,3.55,5,6,5,4,0.6,0.4,1.6,0.4,6.4,9.4,1.6,2.8,3.4,5.6
2021-03-13,Everton,Burnley,1,2,A,14,14,4,5,7,4,1.88,3.49,4.42,9,4,4,6,1.0,0.6,1.0,1.4,7.4,9.0,2.6,3.8,2.4,4.2
2021-03-13,Fulham,Man City,0,3,A,3,8,0,7,4,2,9.63,4.98,1.35,8,12,4,15,0.6,2.4,0.4,1.2,12.0,17.4,4.0,6.4,4.4,5.6
2021-03-13,Leeds,Chelsea,0,0,D,7,15,4,8,8,5,4.57,3.9,1.76,3,11,6,10,1.0,1.2,1.6,0.2,13.6,15.0,4.8,5.6,5.8,5.6
2021-03-14,Arsenal,Tottenham,2,1,H,13,6,3,3,6,3,2.56,3.34,2.82,7,9,8,6,1.6,2.0,1.2,1.2,12.2,12.8,3.2,4.2,4.6,2.8
2021-03-14,Leicester,Sheffield United,5,0,H,19,1,10,0,9,1,1.54,4.12,6.6,10,3,9,3,1.8,0.2,1.4,1.6,11.6,7.4,4.8,2.6,5.2,4.8
2021-03-14,Man United,West Ham,1,0,H,15,7,4,0,6,3,1.86,3.57,4.42,9,10,10,10,1.2,1.6,0.4,0.6,11.0,10.0,5.0,4.4,4.6,4.6
2021-03-14,Southampton,Brighton,1,2,A,9,8,4,6,4,5,2.98,3.07,2.6,4,2,4,7,1.0,0.6,2.0,1.2,10.4,16.6,3.6,4.8,5.0,7.8
2021-03-15,Wolves,Liverpool,0,1,A,10,12,5,4,3,2,4.81,3.74,1.76,8,3,7,9,1.0,0.6,1.2,1.4,11.0,13.8,3.2,4.4,4.6,7.2
2021-03-19,Fulham,Leeds,1,2,A,13,13,6,4,13,7,2.43,3.35,3.0,7,4,4,6,0.4,0.6,0.8,0.8,11.0,13.2,3.4,4.6,4.2,6.4
2021-03-20,Brighton,Newcastle,3,0,H,11,3,6,1,3,1,1.66,3.54,6.24,4,3,5,4,0.8,0.6,1.2,1.4,16.2,12.0,5.6,5.0,7.4,4.2
2021-03-21,Aston Villa,Tottenham,0,2,A,8,9,1,3,5,8,2.97,3.38,2.42,5,9,7,3,0.6,2.2,0.8,1.0,12.0,12.6,3.4,4.2,5.2,3.0
2021-03-21,West Ham,Arsenal,3,3,D,15,16,5,7,3,5,2.83,3.43,2.5,9,10,12,7,1.6,2.0,0.8,1.2,9.8,12.0,4.2,3.2,4.6,4.4
2021-04-03,Arsenal,Liverpool,0,3,A,3,16,2,7,1,2,3.13,3.56,2.26,8,6,10,12,1.8,0.6,1.4,0.8,12.6,13.2,3.6,4.4,4.6,5.2
2021-04-03,Chelsea,West Brom,2,5,A,18,14,8,7,10,3,1.22,6.33,14.99,9,5,11,1,0.8,0.2,0.2,0.4,14.4,10.4,6.2,2.4,4.6,5.2
2021-04-03,Leeds,Sheffield United,2,1,H,23,9,8,1,5,7,1.52,4.4,6.36,7,3,7,3,1.0,0.2,0.8,2.0,12.2,6.0,4.0,1.6,6.0,3.6
2021-04-03,Leicester,Man City,0,2,A,5,11,2,4,1,1,6.16,4.07,1.57,10,12,9,15,2.2,2.8,1.2,1.2,13.2,16.0,5.6,7.2,6.6,5.4
2021-04-04,Aston Villa,Fulham,3,1,H,14,15,4,7,4,4,2.28,3.29,3.32,5,4,4,9,0.4,0.4,0.8,1.2,11.4,10.6,3.2,3.2,4.8,5.6
2021-04-04,Man United,Brighton,2,1,H,15,5,7,3,5,6,1.64,3.97,5.39,11,6,10,10,1.2,1.4,0.2,1.2,12.0,13.2,4.4,5.0,4.8,6.2
2021-04-04,Newcastle,Tottenham,2,2,D,22,11,6,5,7,3,5.56,4.03,1.62,3,12,5,6,0.6,2.4,1.6,0.6,10.6,10.4,4.4,4.0,3.4,3.2
2021-04-04,Southampton,Burnley,3,2,H,24,7,9,5,6,7,2.1,3.29,3.78,3,6,1,9,1.0,0.8,2.2,1.4,11.4,10.2,4.2,4.2,5.2,4.0
2021-04-05,Everton,Crystal Palace,1,1,D,15,13,7,6,3,4,1.8,3.46,4.91,9,8,3,6,1.0,0.8,0.8,1.0,9.6,5.0,3.0,1.8,3.8,2.6
2021-04-05,Wolves,West Ham,2,3,A,20,9,5,6,4,2,2.95,3.13,2.58,5,7,7,7,0.6,1.6,1.2,1.4,11.0,10.2,3.4,3.4,4.0,3.8
2021-04-09,Fulham,Wolves,0,1,A,14,7,3,3,3,4,2.57,3.01,3.14,3,2,4,5,0.6,0.8,1.8,1.8,10.4,12.0,3.8,3.4,5.8,3.4
2021-04-10,Crystal Palace,Chelsea,1,4,A,1,23,1,10,0,8,6.95,3.98,1.54,6,8,8,11,0.6,1.0,1.0,1.0,7.0,16.2,2.6,7.2,3.4,5.4
2021-04-10,Liverpool,Aston Villa,2,1,H,23,9,10,5,7,0,1.52,4.51,6.22,9,5,0,8,1.2,0.8,0.4,1.0,13.4,12.4,4.6,3.2,4.2,4.6
2021-04-10,Man City,Leeds,1,2,A,29,2,7,2,9,3,1.3,5.92,9.56,12,7,12,6,2.8,0.8,1.0,1.0,16.2,14.6,7.4,4.2,4.8,6.6
2021-04-11,Burnley,Newcastle,1,2,A,24,10,4,5,13,3,2.34,3.12,3.39,5,4,5,4,1.2,0.8,2.0,1.4,10.4,13.0,5.0,4.4,4.4,4.0
2021-04-11,Sheffield United,Arsenal,0,3,A,7,14,2,5,2,4,6.15,3.97,1.59,3,8,6,5,0.4,1.8,2.2,1.8,7.0,11.8,1.4,3.8,4.2,4.6
2021-04-11,Tottenham,Man United,1,3,A,12,12,3,7,7,5,2.87,3.44,2.49,10,11,9,7,2.0,1.0,1.0,0.2,9.4,12.0,3.6,4.4,3.2,4.6
2021-04-11,West Ham,Leicester,3,2,H,4,15,4,5,1,9,3.01,3.38,2.41,7,7,10,11,1.8,1.8,1.6,1.4,11.2,11.0,3.8,4.6,3.2,5.2
2021-04-12,Brighton,Everton,0,0,D,23,8,3,1,10,3,2.3,3.26,3.31,6,7,7,10,1.4,0.8,1.2,1.0,9.2,10.8,4.6,3.2,4.8,4.0
2021-04-12,West Brom,Southampton,3,0,H,15,14,6,4,5,10,3.55,3.28,2.19,7,6,6,3,1.2,1.6,0.8,2.0,11.2,13.6,3.2,5.0,4.8,5.6
2021-04-16,Everton,Tottenham,2,2,D,18,12,7,3,6,3,3.42,3.47,2.17,5,7,4,7,0.6,2.0,1.0,1.6,11.0,10.0,3.2,3.8,3.8,4.4
2021-04-17,Newcastle,West Ham,3,2,H,16,16,8,6,3,8,3.65,3.45,2.08,6,10,6,7,1.0,2.2,1.4,1.6,11.2,10.2,4.0,4.0,4.0,3.0
2021-04-17,Wolves,Sheffield United,1,0,H,10,8,5,2,3,3,1.69,3.55,5.81,4,3,7,0,0.8,0.4,1.6,2.4,10.6,6.8,3.2,1.4,3.2,3.8
2021-04-18,Arsenal,Fulham,1,1,D,18,3,5,1,11,1,1.75,3.72,4.91,8,3,7,8,1.8,0.6,1.6,1.8,12.2,11.0,4.0,3.8,4.0,5.6
2021-04-18,Man United,Burnley,3,1,H,17,10,9,3,8,3,1.36,5.05,9.25,13,5,13,6,1.6,1.4,0.4,1.6,12.2,13.2,5.0,5.2,4.8,6.2
2021-04-19,Leeds,Liverpool,1,1,D,12,17,5,7,10,8,4.7,4.26,1.68,10,9,10,12,1.2,1.2,1.0,0.6,12.4,14.8,4.0,5.0,5.8,5.0
2021-04-20,Chelsea,Brighton,0,0,D,7,11,4,2,0,3,1.61,3.85,6.26,10,7,10,7,1.8,1.4,1.2,1.0,17.2,10.8,8.0,4.0,6.4,6.0
2021-04-21,Aston Villa,Man City,1,2,A,8,13,3,3,1,11,8.68,4.88,1.38,5,9,7,15,1.0,2.2,1.2,1.2,11.0,17.6,3.4,6.8,3.2,4.6
2021-04-21,Tottenham,Southampton,2,1,H,12,10,3,5,5,5,1.8,3.79,4.42,5,6,9,3,1.6,1.6,1.8,2.4,10.0,14.6,3.4,5.6,4.8,5.6
2021-04-22,Leicester,West Brom,3,0,H,17,4,7,1,7,3,1.59,4.08,5.94,7,7,6,4,2.0,1.6,1.4,0.8,12.4,13.0,5.0,4.0,6.6,4.4
2021-04-23,Arsenal,Everton,0,1,A,14,8,3,1,7,3,2.06,3.46,3.77,8,3,7,8,1.8,0.8,1.6,1.4,12.8,12.4,4.4,4.0,5.4,4.4
2021-04-24,Liverpool,Newcastle,1,1,D,22,7,9,4,6,3,1.24,6.38,12.06,10,8,3,4,1.4,1.6,0.6,1.8,16.8,12.6,6.2,4.6,5.6,3.2
2021-04-24,Sheffield United,Brighton,1,0,H,7,17,3,4,2,12,5.33,3.56,1.74,0,8,3,5,0.2,1.2,2.6,0.6,6.6,11.6,1.4,4.0,4.0,5.4
2021-04-24,West Ham,Chelsea,0,1,A,9,17,2,6,4,2,4.74,3.75,1.77,7,8,13,11,2.2,1.6,2.2,1.2,10.2,16.4,4.2,7.8,3.4,6.0
2021-04-25,Aston Villa,West Brom,2,2,D,24,10,11,4,11,4,1.88,3.67,4.19,4,7,4,4,1.2,1.6,1.6,1.2,10.8,11.6,3.8,3.6,2.4,4.4
2021-04-25,Leeds,Man United,0,0,D,6,16,3,4,2,6,4.05,4.05,1.82,11,15,8,9,1.4,2.2,0.8,0.6,11.4,13.4,4.6,6.6,6.6,5.2
2021-04-25,Wolves,Burnley,0,4,A,12,14,2,7,8,5,2.07,3.31,3.88,7,4,7,6,0.8,1.4,0.8,2.0,11.4,12.8,4.0,4.4,3.4,5.8
2021-04-26,Leicester,Crystal Palace,2,1,H,13,4,5,2,7,2,1.47,4.26,7.71,9,5,9,7,2.4,0.8,1.2,1.8,12.8,6.6,5.6,2.8,6.4,3.2
2021-04-30,Southampton,Leicester,1,1,D,5,23,3,9,0,10,3.82,3.81,1.94,3,9,4,8,1.4,2.4,2.8,1.2,13.6,13.8,5.6,5.8,6.0,6.6
2021-05-01,Brighton,Leeds,2,0,H,17,11,5,2,2,9,2.16,3.45,3.43,5,11,5,6,0.8,1.4,0.6,0.8,13.4,11.2,3.6,4.4,6.8,5.4
2021-05-01,Chelsea,Fulham,2,0,H,9,10,5,3,1,8,1.48,4.27,7.59,8,1,8,6,1.4,0.6,1.2,2.0,16.0,9.6,7.2,3.4,5.0,5.0
2021-05-01,Crystal Palace,Man City,0,2,A,9,20,4,3,2,6,10.1,5.14,1.34,4,12,5,15,1.0,2.6,2.2,1.0,5.8,15.6,2.8,6.2,2.8,5.6
2021-05-01,Everton,Aston Villa,1,2,A,16,13,3,5,3,6,2.02,3.62,3.69,6,4,5,5,1.0,1.4,1.0,1.8,12.6,12.6,4.0,4.8,4.4,4.2
2021-05-02,Newcastle,Arsenal,0,2,A,5,19,1,5,3,7,3.64,3.57,2.05,8,5,9,8,1.6,1.4,1.8,1.6,11.6,13.0,4.8,4.4,3.4,5.6
2021-05-02,Tottenham,Sheffield United,4,0,H,20,8,11,1,6,6,1.29,5.73,11.16,8,3,12,0,1.8,0.4,1.6,2.2,11.2,6.4,3.4,1.6,5.2,3.0
2021-05-03,Burnley,West Ham,1,2,A,8,22,3,4,5,4,3.17,3.49,2.26,6,7,4,4,2.0,2.2,1.8,2.2,13.8,10.6,4.8,4.6,6.4,3.6
2021-05-03,West Brom,Wolves,1,1,D,10,20,4,10,5,6,2.91,3.19,2.58,7,6,8,8,2.0,0.8,1.6,1.6,11.0,11.8,3.8,4.0,3.4,4.4
2021-05-07,Leicester,Newcastle,2,4,A,25,14,9,6,9,6,1.42,4.8,7.83,7,8,9,5,1.6,1.6,1.4,1.6,14.6,12.0,5.6,4.8,6.8,3.8
2021-05-08,Leeds,Tottenham,3,1,H,16,11,7,3,8,6,3.46,3.8,2.04,8,8,6,8,1.0,2.2,1.0,1.6,10.8,13.4,4.0,5.0,5.8,4.8
2021-05-08,Liverpool,Southampton,2,0,H,14,12,6,6,8,4,1.29,5.97,10.14,11,4,4,3,1.6,1.2,0.6,2.0,18.0,12.4,7.4,5.0,5.0,5.0
2021-05-08,Man City,Chelsea,1,2,A,16,12,4,5,6,2,1.94,3.45,4.26,12,10,9,11,2.0,1.8,0.6,1.2,16.2,14.8,4.8,6.6,5.8,4.2
2021-05-08,Sheffield United,Crystal Palace,0,2,A,7,21,0,8,5,11,2.97,3.25,2.52,3,4,6,4,0.4,0.8,2.0,1.8,7.8,6.6,1.8,3.4,4.0,2.2
2021-05-09,Arsenal,West Brom,3,1,H,15,12,7,1,6,6,1.47,4.53,7.01,7,8,4,5,1.2,2.2,1.0,1.6,13.6,10.6,4.0,4.4,6.0,4.0
2021-05-09,Aston Villa,Man United,1,3,A,11,18,5,7,5,6,4.38,3.81,1.82,7,13,5,9,1.8,1.8,1.6,0.6,13.6,15.0,5.6,6.2,4.4,6.0
2021-05-09,West Ham,Everton,0,1,A,11,9,0,3,5,6,2.27,3.44,3.22,9,6,10,10,2.0,1.0,1.8,1.0,12.0,13.0,4.4,3.8,3.8,3.6
2021-05-09,Wolves,Brighton,2,1,H,16,5,6,3,10,5,3.35,3.3,2.27,7,5,6,4,1.0,0.6,1.6,0.6,13.8,14.6,5.0,3.4,5.0,6.6
2021-05-10,Fulham,Burnley,0,2,A,21,14,3,5,8,4,2.21,3.41,3.35,1,3,3,6,0.6,1.8,1.8,2.0,11.0,12.6,4.0,4.4,5.8,6.6
2021-05-11,Man United,Leicester,1,2,A,4,12,1,3,3,4,2.54,3.37,2.88,13,7,13,8,2.2,2.0,0.8,1.8,15.6,18.6,6.8,7.0,6.0,8.4
2021-05-11,Southampton,Crystal Palace,3,1,H,13,11,6,4,12,8,2.1,3.56,3.56,4,4,5,7,1.0,1.0,2.0,1.8,13.0,9.6,5.4,4.2,5.0,3.8
2021-05-12,Chelsea,Arsenal,0,1,A,19,5,5,2,9,1,1.73,3.8,5.04,13,10,8,11,1.8,1.8,0.4,0.6,13.6,16.0,6.0,5.0,2.6,7.0
2021-05-13,Aston Villa,Everton,0,0,D,13,15,2,5,9,1,2.72,3.44,2.61,4,8,4,10,1.4,1.0,2.0,0.8,13.0,11.8,5.8,3.0,4.6,4.2
2021-05-13,Man United,Liverpool,2,4,A,18,17,3,8,6,4,3.15,3.76,2.18,10,11,12,10,2.0,1.8,1.0,0.6,13.4,18.4,5.6,7.8,5.6,6.2
2021-05-14,Newcastle,Man City,3,4,A,11,15,5,6,4,5,10.52,5.8,1.3,10,9,6,15,2.0,1.6,1.6,1.0,10.4,17.8,4.8,4.2,3.6,6.6
2021-05-15,Brighton,West Ham,1,1,D,10,15,2,3,3,3,2.98,3.49,2.39,5,6,7,6,0.6,1.4,0.6,1.6,14.6,12.4,3.4,3.2,6.4,4.4
2021-05-15,Burnley,Leeds,0,4,A,16,16,4,6,6,8,3.14,3.64,2.23,6,8,3,6,1.8,1.2,1.4,1.0,14.0,9.4,4.4,3.8,6.0,6.4
2021-05-15,Southampton,Fulham,3,1,H,11,10,7,3,6,5,2.02,3.58,3.73,4,1,8,5,1.0,0.4,1.8,1.8,10.8,12.6,4.8,3.4,6.2,4.8
2021-05-16,Crystal Palace,Aston Villa,3,2,H,23,19,8,5,7,7,3.05,3.5,2.33,3,5,5,7,1.0,1.2,2.2,1.6,9.2,13.8,3.8,5.2,4.6,6.4
2021-05-16,Everton,Sheffield United,0,1,A,16,10,6,3,11,4,1.4,4.73,8.34,8,3,5,0,1.0,0.2,0.8,2.0,13.2,7.4,3.8,1.6,3.8,3.6
2021-05-16,Tottenham,Wolves,2,0,H,24,15,13,3,10,3,1.54,4.28,6.27,7,10,12,6,2.0,1.0,1.8,1.2,13.4,13.0,4.6,5.2,5.4,6.2
2021-05-16,West Brom,Liverpool,1,2,A,10,26,3,6,9,13,12.37,6.75,1.23,5,11,8,13,1.4,2.0,1.8,1.0,10.2,18.6,3.2,8.0,4.6,6.6
2021-05-18,Brighton,Man City,3,2,H,19,8,6,4,5,3,6.93,4.49,1.49,5,9,8,15,0.8,2.0,0.8,1.6,12.0,18.6,3.2,4.6,5.0,7.4
2021-05-18,Chelsea,Leicester,2,1,H,17,7,6,3,6,5,1.72,3.71,5.37,10,10,7,8,1.0,2.0,0.4,1.4,12.8,18.0,5.0,6.6,2.8,7.4
2021-05-18,Man United,Fulham,1,1,D,13,8,6,5,6,1,1.32,5.71,9.38,7,1,9,4,1.8,0.4,1.6,1.8,14.6,11.6,4.8,2.6,5.8,5.0
2021-05-18,Southampton,Leeds,0,2,A,18,15,3,7,4,5,2.6,3.81,2.54,7,8,10,9,1.6,1.6,1.4,0.8,10.2,12.2,5.4,4.6,5.4,7.4
2021-05-19,Burnley,Liverpool,0,3,A,10,20,4,3,6,7,10.82,6.67,1.25,6,11,2,13,1.6,2.0,1.8,1.0,12.4,19.2,4.4,7.2,4.6,7.8
2021-05-19,Crystal Palace,Arsenal,1,3,A,12,6,6,3,6,7,6.14,4.41,1.53,6,10,7,11,1.4,1.4,1.8,0.6,13.6,14.2,5.2,4.4,6.0,6.4
2021-05-19,Everton,Wolves,1,0,H,14,9,4,3,7,12,1.89,3.61,4.25,7,7,2,5,0.6,0.8,0.6,1.6,12.8,14.6,3.6,5.2,4.8,6.0
2021-05-19,Newcastle,Sheffield United,1,0,H,16,11,5,1,5,2,1.75,3.83,4.75,7,6,5,3,2.2,0.4,2.2,1.4,10.6,8.0,4.8,1.8,3.8,4.0
2021-05-19,Tottenham,Aston Villa,1,2,A,10,20,4,4,4,5,1.53,4.65,5.85,10,5,12,4,2.2,1.4,1.2,1.8,15.8,16.0,6.6,5.6,6.0,7.6
2021-05-19,West Brom,West Ham,1,3,A,14,21,4,9,6,8,5.26,4.25,1.62,2,4,5,7,1.0,1.0,2.2,1.4,9.2,14.6,2.6,3.0,5.4,4.8
2021-05-23,Arsenal,Brighton,2,0,H,16,5,5,1,11,3,1.62,4.29,5.23,12,7,7,4,1.8,1.4,0.6,1.2,11.8,13.6,4.0,4.0,5.6,5.4
2021-05-23,Aston Villa,Chelsea,2,1,H,6,23,3,7,2,9,6.62,4.56,1.49,7,12,5,13,1.4,1.4,1.6,0.6,15.2,14.8,4.2,5.4,6.4,4.0
2021-05-23,Fulham,Newcastle,0,2,A,14,10,0,4,5,4,2.09,3.81,3.32,2,7,0,8,0.6,1.8,1.8,1.8,10.4,10.6,3.0,4.2,4.6,4.2
2021-05-23,Leeds,West Brom,3,1,H,17,14,9,5,8,3,1.44,5.18,6.51,10,2,9,4,1.8,1.2,0.6,2.2,12.8,11.2,5.0,3.2,6.4,6.0
2021-05-23,Leicester,Tottenham,2,4,A,10,11,6,4,8,7,2.04,4.02,3.33,7,9,9,5,1.6,2.0,1.8,1.2,16.0,15.4,5.8,6.8,7.0,6.2
2021-05-23,Liverpool,Crystal Palace,2,0,H,19,5,5,4,14,1,1.16,8.28,17.35,13,6,7,4,2.4,1.4,0.8,2.0,19.8,15.2,6.4,6.0,7.6,6.8
2021-05-23,Man City,Everton,5,0,H,21,8,11,3,7,5,1.44,4.94,6.83,9,7,6,8,2.2,0.6,1.8,0.6,14.4,14.0,4.0,4.2,6.2,5.6
2021-05-23,Sheffield United,Burnley,1,0,H,12,10,3,3,8,9,2.84,3.63,2.41,6,6,6,9,0.4,1.4,1.4,1.8,8.6,12.4,1.6,4.6,3.8,5.2
2021-05-23,West Ham,Southampton,3,0,H,14,17,7,5,2,3,1.72,4.0,4.76,7,7,7,3,1.2,1.4,1.0,1.4,15.6,11.8,3.6,5.0,4.8,5.2
2021-05-23,Wolves,Man United,1,2,A,14,9,4,4,6,2,2.53,3.63,2.69,4,5,6,11,0.6,1.4,1.8,1.6,14.4,13.8,4.8,4.2,7.8,5.4
2021-08-13,Brentford,Arsenal,2,0,H,8,22,3,4,2,5,4.02,3.43,2.02,0,15,0,13,0.0,2.2,0.0,0.4,0.0,12.2,0.0,4.4,0.0,6.4
2021-08-14,Burnley,Brighton,1,2,A,14,14,3,8,7,6,3.19,3.09,2.49,3,7,1,1,0.6,1.4,2.0,1.4,11.6,11.2,3.8,3.4,6.0,3.6
2021-08-14,Chelsea,Crystal Palace,3,0,H,13,4,6,1,5,2,1.26,5.92,12.8,9,6,7,4,1.4,1.4,1.0,2.0,16.0,14.4,5.6,6.0,5.4,6.6
2021-08-14,Everton,Southampton,3,1,H,14,6,6,3,6,8,1.97,3.53,4.04,7,6,5,0,0.4,1.2,1.2,1.8,12.4,14.2,4.2,5.4,6.0,5.8
2021-08-14,Leicester,Wolves,1,0,H,9,17,5,3,5,4,1.71,3.75,5.32,4,4,6,5,1.6,0.8,2.4,1.4,15.4,14.8,6.0,5.2,7.2,7.4
2021-08-14,Man United,Leeds,5,1,H,16,10,8,3,5,4,1.55,4.48,5.87,7,12,7,12,1.8,2.4,1.8,0.8,12.4,15.0,4.2,6.2,4.6,7.6
2021-08-14,Norwich,Liverpool,0,3,A,14,19,3,8,3,11,8.78,5.71,1.33,0,15,0,13,0.2,2.6,2.8,0.6,7.2,19.2,2.2,5.6,2.2,9.2
2021-08-14,Watford,Aston Villa,3,2,H,13,11,7,2,2,4,3.14,3.26,2.41,6,7,7,7,1.4,1.4,2.4,1.6,12.2,13.8,3.6,3.8,3.4,5.6
2021-08-15,Newcastle,West Ham,2,4,A,17,8,3,9,7,6,3.2,3.51,2.26,9,10,7,10,2.0,1.8,1.6,0.8,11.2,16.6,4.2,4.6,4.4,4.4
2021-08-15,Tottenham,Man City,1,0,H,13,18,3,4,3,11,5.49,4.1,1.64,9,9,9,12,2.4,2.8,1.4,1.6,15.2,16.0,7.0,5.6,6.6,5.4
2021-08-21,Aston Villa,Newcastle,2,0,H,10,9,2,1,3,4,1.82,3.92,4.25,7,9,5,10,1.6,2.4,1.6,2.0,13.8,13.6,3.2,4.6,5.4,5.2
2021-08-21,Brighton,Watford,2,0,H,13,10,3,1,7,2,1.74,3.52,5.53,7,6,11,0,1.4,1.6,1.6,2.6,10.6,13.0,4.0,4.2,4.4,3.0
2021-08-21,Crystal Palace,Brentford,0,0,D,7,14,2,3,3,5,2.61,3.18,2.9,3,3,6,0,1.0,2.0,2.6,0.0,11.0,8.0,4.6,3.0,4.8,2.0
2021-08-21,Leeds,Everton,2,2,D,17,17,4,8,8,5,2.37,3.47,3.03,12,7,11,8,2.6,0.8,1.4,1.4,14.8,13.4,6.4,4.8,6.6,6.0
2021-08-21,Liverpool,Burnley,2,0,H,27,9,9,3,8,4,1.21,6.97,14.41,15,3,10,6,2.8,0.6,0.6,2.0,20.2,12.8,6.0,3.8,9.8,6.4
2021-08-21,Man City,Norwich,5,0,H,16,1,4,0,6,1,1.11,10.58,25.64,6,0,6,0,2.4,0.0,1.8,3.0,15.6,7.6,5.8,2.2,6.4,2.2
2021-08-22,Arsenal,Chelsea,0,2,A,6,22,3,5,9,8,4.76,3.74,1.78,12,9,7,10,1.8,1.6,0.8,1.0,12.8,16.8,4.2,5.8,6.0,6.2
2021-08-22,Southampton,Man United,1,1,D,8,15,3,4,7,7,5.36,4.26,1.61,6,7,10,13,1.4,2.2,2.0,1.8,13.0,12.0,4.8,4.4,6.6,4.4
2021-08-22,Wolves,Tottenham,0,1,A,25,8,6,6,5,4,3.2,3.15,2.43,3,9,6,8,0.6,1.8,1.4,1.4,14.2,13.8,3.8,5.4,7.0,6.0
2021-08-23,West Ham,Leicester,4,1,H,13,5,7,1,10,0,2.58,3.44,2.75,10,6,7,7,2.2,1.6,1.0,2.2,13.8,12.6,5.6,5.2,4.8,6.2
2021-08-28,Aston Villa,Brentford,1,1,D,7,9,5,2,3,2,2.0,3.57,3.84,9,4,8,1,2.0,1.0,1.6,0.0,13.2,11.0,3.2,3.0,4.2,3.5
2021-08-28,Brighton,Everton,0,2,A,14,14,3,5,4,5,2.35,3.25,3.27,10,7,11,8,1.6,1.2,1.2,1.8,12.2,13.8,4.0,5.4,4.8,6.8
2021-08-28,Liverpool,Chelsea,1,1,D,24,6,7,3,12,3,2.5,3.33,2.95,15,9,13,12,2.4,1.6,0.2,0.8,22.2,18.8,6.2,5.8,10.6,7.4
2021-08-28,Man City,Arsenal,5,0,H,25,1,10,0,14,0,1.26,6.16,11.99,9,9,9,12,3.2,1.2,1.4,1.0,15.6,11.0,5.8,3.4,6.4,6.6
2021-08-28,Newcastle,Southampton,2,2,D,10,22,5,6,4,4,2.52,3.47,2.82,6,4,6,0,1.6,1.0,2.0,2.0,12.6,12.0,3.6,4.2,4.8,5.6
2021-08-28,Norwich,Leicester,1,2,A,14,9,4,3,9,9,4.34,3.55,1.9,0,6,0,4,0.0,1.4,3.2,2.2,5.6,8.6,1.8,3.6,2.2,4.4
2021-08-28,West Ham,Crystal Palace,2,2,D,14,9,4,2,5,3,1.58,4.02,6.29,13,4,9,3,3.0,0.8,1.0,2.0,14.2,10.2,7.0,4.2,5.8,3.8
2021-08-29,Burnley,Leeds,1,1,D,12,12,3,2,5,5,3.07,3.51,2.33,0,10,0,9,0.2,2.4,2.4,1.6,11.8,15.0,3.4,5.8,6.4,6.6
2021-08-29,Tottenham,Watford,1,0,H,15,9,8,2,10,3,1.44,4.48,8.42,12,3,12,0,1.8,1.2,0.8,2.8,13.2,11.6,6.0,3.4,5.6,3.0
2021-08-29,Wolves,Man United,0,1,A,15,10,6,3,5,7,4.91,3.48,1.82,0,8,6,11,0.2,2.2,1.4,1.6,16.0,14.2,3.8,5.0,6.0,5.2
2021-09-11,Arsenal,Norwich,1,0,H,30,10,7,1,8,4,1.52,4.48,6.4,6,0,7,0,1.0,0.2,2.0,3.4,10.2,8.0,3.0,2.6,6.4,3.8
2021-09-11,Brentford,Brighton,0,1,A,7,4,1,2,1,6,2.86,3.14,2.69,5,9,3,4,1.0,1.4,0.3333333333333333,1.4,10.333333333333334,13.0,2.6666666666666665,4.2,3.0,5.0
2021-09-11,Chelsea,Aston Villa,3,0,H,12,18,4,6,4,11,1.3,5.46,11.28,10,10,10,6,1.8,1.8,0.8,1.2,16.2,10.8,5.4,3.2,6.2,3.4
2021-09-11,Crystal Palace,Tottenham,3,0,H,18,2,4,1,8,2,4.25,3.44,1.95,2,12,4,8,0.6,1.6,2.0,0.8,7.4,11.4,3.0,5.0,3.0,5.6
2021-09-11,Leicester,Man City,0,1,A,6,25,1,8,5,8,5.7,4.22,1.6,6,9,9,9,1.4,3.4,2.2,0.8,8.0,17.6,3.6,6.6,5.4,8.2
2021-09-11,Man United,Newcastle,4,1,H,21,12,7,3,7,3,1.2,7.27,14.77,11,7,7,10,2.0,1.4,0.8,1.6,12.6,12.4,5.0,3.6,5.4,4.8
2021-09-11,Southampton,West Ham,0,0,D,11,13,3,3,5,4,2.89,3.46,2.47,2,13,8,10,0.8,3.2,2.2,1.2,14.2,14.0,4.0,7.2,5.2,6.2
2021-09-11,Watford,Wolves,0,2,A,6,14,2,5,6,8,3.36,3.19,2.33,3,0,9,4,1.0,0.2,2.4,1.2,10.6,16.0,3.2,4.4,3.0,6.4
2021-09-12,Leeds,Liverpool,0,3,A,9,30,4,9,2,11,4.34,4.05,1.78,8,13,9,13,1.8,2.2,1.8,0.2,14.2,21.8,5.0,6.4,6.0,10.4
2021-09-13,Everton,Burnley,3,1,H,14,11,6,6,4,6,1.75,3.71,5.01,10,1,7,6,1.6,0.4,1.6,1.8,13.4,11.0,5.2,3.2,5.6,6.2
2021-09-17,Newcastle,Leeds,1,1,D,17,22,7,9,4,5,3.01,3.62,2.33,4,5,4,7,1.4,1.4,2.4,2.4,11.6,13.0,3.2,4.4,4.4,5.4
2021-09-18,Aston Villa,Everton,3,0,H,15,11,3,1,5,4,2.4,3.36,3.06,7,10,8,8,1.4,2.0,1.6,1.8,10.4,13.4,3.6,5.6,4.6,5.0
2021-09-18,Burnley,Arsenal,0,1,A,18,13,3,3,8,3,3.82,3.5,2.03,1,6,1,9,0.6,0.6,1.8,1.8,11.2,15.0,3.6,3.8,6.2,6.6
2021-09-18,Liverpool,Crystal Palace,3,0,H,25,13,10,2,10,5,1.22,6.84,14.04,13,5,11,4,2.2,1.0,0.2,1.4,23.8,8.6,7.6,2.6,11.2,3.4
2021-09-18,Man City,Southampton,0,0,D,18,10,1,2,8,5,1.15,8.46,18.55,12,3,9,1,3.2,0.8,0.2,1.8,21.0,12.8,7.4,4.0,9.2,5.4
2021-09-18,Norwich,Watford,1,3,A,12,12,5,8,4,8,2.18,3.39,3.47,0,3,0,0,0.2,1.0,3.2,2.0,8.8,11.4,2.4,3.6,3.4,4.2
2021-09-18,Wolves,Brentford,0,2,A,11,9,0,3,4,2,1.9,3.27,4.83,3,5,3,2,0.6,0.75,1.0,0.5,17.0,9.5,4.8,2.25,5.6,2.5
2021-09-19,Brighton,Leicester,2,1,H,12,14,5,3,4,9,2.75,3.23,2.73,9,6,10,7,1.0,1.2,1.0,2.0,10.0,7.8,3.4,3.2,5.2,5.4
2021-09-19,Tottenham,Chelsea,0,3,A,8,20,2,10,5,11,4.89,3.83,1.74,12,10,12,10,1.4,2.0,1.0,0.6,9.8,15.2,4.4,5.0,5.2,5.8
2021-09-19,West Ham,Man United,1,2,A,13,17,4,10,2,11,4.51,3.9,1.78,11,13,7,11,2.6,2.6,1.0,0.8,12.4,14.2,6.0,5.2,5.4,5.6
2021-09-25,Brentford,Liverpool,3,3,D,12,16,4,6,2,11,6.96,4.48,1.49,8,13,3,15,1.0,2.4,0.4,0.2,9.4,25.0,2.4,8.6,2.4,10.4
2021-09-25,Chelsea,Man City,0,1,A,5,15,0,4,4,13,2.66,3.26,2.79,13,10,12,9,2.4,2.2,0.2,0.2,14.6,20.4,5.6,5.4,6.2,9.4
2021-09-25,Everton,Norwich,2,0,H,11,10,4,2,6,4,1.63,3.86,5.96,10,0,9,0,2.0,0.4,1.4,2.8,14.0,10.2,5.2,2.6,4.8,4.2
2021-09-25,Leeds,West Ham,1,2,A,15,20,5,7,5,7,3.04,3.67,2.29,3,8,8,11,1.0,2.2,2.4,1.4,14.0,12.2,4.4,5.4,4.8,5.4
2021-09-25,Leicester,Burnley,2,2,D,22,9,5,3,8,4,1.59,4.05,6.12,6,1,6,6,1.0,0.6,1.6,1.8,8.6,12.8,2.6,3.6,5.6,6.0
2021-09-25,Man United,Aston Villa,0,1,A,28,7,4,3,5,5,1.4,5.08,7.84,13,7,7,6,2.6,1.6,0.8,1.4,15.8,12.2,6.4,3.6,7.4,5.2
2021-09-25,Watford,Newcastle,1,1,D,15,20,4,6,5,6,2.27,3.37,3.32,6,2,9,7,1.2,1.2,1.6,2.6,10.0,13.0,4.0,3.8,4.2,4.4
2021-09-26,Arsenal,Tottenham,3,1,H,12,10,7,4,4,4,2.28,3.31,3.35,6,9,9,7,0.4,0.6,1.8,1.2,14.4,9.2,3.4,4.0,5.0,4.8
2021-09-26,Southampton,Wolves,0,1,A,18,5,6,3,5,5,2.65,3.24,2.83,4,3,8,4,0.8,0.4,1.2,1.0,11.4,16.4,3.4,4.0,5.8,5.2
2021-09-27,Crystal Palace,Brighton,1,1,D,8,8,3,4,6,5,3.04,3.15,2.54,5,12,7,6,1.0,1.4,1.6,0.8,10.2,11.4,2.2,4.2,4.2,5.4
2021-10-02,Brighton,Arsenal,0,0,D,21,8,2,2,8,5,3.05,3.22,2.5,10,9,10,9,1.2,1.0,0.8,1.6,10.2,12.4,3.4,4.0,5.2,4.8
2021-10-02,Burnley,Norwich,0,0,D,14,10,4,2,9,5,1.88,3.61,4.33,2,0,1,0,0.8,0.4,1.8,2.6,11.8,9.4,3.6,2.4,5.4,4.4
2021-10-02,Chelsea,Southampton,3,1,H,20,6,9,2,7,2,1.38,4.9,8.92,10,4,9,2,1.8,0.6,0.4,0.8,13.0,13.8,4.4,4.0,6.0,5.2
2021-10-02,Leeds,Watford,1,0,H,20,5,4,1,6,3,1.76,3.9,4.63,3,4,7,3,1.0,0.8,1.8,1.4,15.0,10.4,4.8,3.4,5.0,4.8
2021-10-02,Man United,Everton,1,1,D,13,12,6,2,10,1,1.5,4.38,7.08,10,10,7,5,1.6,1.8,0.8,1.2,18.2,13.4,5.6,4.8,7.4,4.8
2021-10-02,Wolves,Newcastle,2,1,H,7,8,3,2,0,4,1.69,4.0,5.02,6,3,3,7,0.6,1.0,0.8,2.0,14.0,13.6,4.0,4.4,5.4,4.2
2021-10-03,Crystal Palace,Leicester,2,2,D,18,9,4,5,1,3,3.11,3.41,2.36,6,4,8,6,1.2,1.2,1.2,2.0,11.0,11.2,2.6,2.6,5.0,6.2
2021-10-03,Liverpool,Man City,2,2,D,6,12,4,3,3,4,2.9,3.53,2.43,11,13,13,9,2.4,2.4,0.8,0.0,24.4,19.8,8.2,5.4,10.4,9.8
2021-10-03,Tottenham,Aston Villa,2,1,H,17,14,8,3,5,8,2.12,3.53,3.5,6,10,9,6,0.6,1.4,1.8,0.8,8.6,11.4,4.2,3.8,5.0,5.4
2021-10-03,West Ham,Brentford,1,2,A,18,13,5,6,11,6,1.82,3.62,4.67,8,6,7,5,1.8,1.2,1.2,1.0,14.6,10.2,5.0,2.6,5.6,2.4
2021-10-16,Aston Villa,Wolves,2,3,A,14,9,5,4,6,7,2.25,3.28,3.42,7,9,11,6,1.2,1.0,1.2,0.8,12.2,10.4,4.0,3.4,6.4,4.4
2021-10-16,Brentford,Chelsea,0,1,A,17,5,7,1,5,5,6.37,3.84,1.6,8,10,4,10,1.6,2.0,1.2,0.6,10.0,12.6,3.2,5.2,2.6,5.8
2021-10-16,Leicester,Man United,4,2,H,22,18,11,6,4,3,3.49,3.59,2.1,5,10,4,13,1.4,1.6,1.6,0.8,12.0,17.8,3.4,6.0,6.8,8.0
2021-10-16,Man City,Burnley,2,0,H,15,7,6,2,6,2,1.12,9.47,22.12,11,3,10,4,1.8,0.8,0.4,1.4,19.0,12.8,5.2,3.8,9.4,6.4
2021-10-16,Norwich,Brighton,0,0,D,15,11,3,3,8,4,3.67,3.34,2.13,1,8,0,7,0.4,0.8,1.6,0.8,11.2,11.8,2.8,3.2,5.2,5.4
2021-10-16,Southampton,Leeds,1,0,H,19,3,5,0,8,1,2.4,3.52,2.93,3,5,5,8,0.6,0.8,1.2,1.4,13.4,15.6,3.8,4.8,4.2,4.6
2021-10-16,Watford,Liverpool,0,5,A,6,19,2,8,1,9,8.67,5.33,1.36,4,9,7,13,0.8,2.4,1.2,1.2,9.4,20.2,3.4,7.2,5.0,9.4
2021-10-17,Everton,West Ham,0,1,A,15,16,2,4,7,9,2.52,3.35,2.89,10,5,12,11,1.6,1.2,1.0,1.4,12.4,15.6,3.6,4.6,4.0,5.8
2021-10-17,Newcastle,Tottenham,2,3,A,7,14,1,4,2,9,3.51,3.58,2.09,3,6,5,6,1.2,0.8,2.0,2.0,13.4,10.4,4.6,4.6,4.2,5.2
2021-10-18,Arsenal,Crystal Palace,2,2,D,17,9,6,6,6,4,1.65,3.87,5.65,10,6,12,1,1.0,1.6,1.2,1.6,12.8,13.2,3.8,3.0,4.0,4.6
2021-10-22,Arsenal,Aston Villa,3,1,H,22,10,9,4,7,4,1.91,3.73,4.05,11,6,10,6,1.4,1.4,0.6,1.6,16.0,13.6,5.0,4.0,5.2,7.0
2021-10-23,Brighton,Man City,1,4,A,10,23,5,14,7,6,7.71,4.77,1.42,9,11,10,7,0.8,1.2,0.4,0.4,11.2,17.0,3.2,4.4,5.4,7.8
2021-10-23,Chelsea,Norwich,7,0,H,23,3,13,1,5,0,1.19,7.07,17.21,12,2,12,1,2.0,0.2,0.4,1.2,12.4,11.4,4.8,2.6,6.2,5.0
2021-10-23,Crystal Palace,Newcastle,1,1,D,15,6,3,2,3,7,1.97,3.61,3.88,6,2,6,4,1.6,1.2,1.6,2.2,13.2,12.8,3.8,3.8,4.8,3.8
2021-10-23,Everton,Watford,2,5,A,15,20,4,8,3,5,1.67,3.86,5.49,7,4,12,3,1.2,0.8,1.2,2.0,12.6,8.8,3.0,3.4,4.4,4.6
2021-10-23,Leeds,Wolves,1,1,D,18,8,4,4,6,3,2.57,3.37,2.79,4,12,7,9,0.6,1.6,1.4,1.0,13.8,9.2,4.4,3.0,3.8,4.8
2021-10-23,Southampton,Burnley,2,2,D,16,9,4,5,6,2,2.0,3.54,3.87,5,2,5,1,0.4,0.6,0.8,1.6,12.8,11.8,3.6,3.6,5.0,5.8
2021-10-24,Brentford,Leicester,1,2,A,15,10,5,6,9,2,2.63,3.39,2.72,7,5,4,4,1.4,1.8,1.2,1.8,11.6,14.6,4.2,5.0,3.2,5.8
2021-10-24,Man United,Liverpool,0,5,A,12,19,4,8,6,3,3.06,3.66,2.27,7,11,8,13,1.8,3.2,1.6,1.0,19.4,19.2,6.6,7.4,7.2,8.8
2021-10-24,West Ham,Tottenham,1,0,H,13,7,4,4,2,4,2.35,3.49,3.01,7,6,7,9,1.0,1.2,1.0,2.4,16.0,10.2,4.6,3.8,6.6,5.0
2021-10-30,Burnley,Brentford,3,1,H,15,12,6,5,4,2,2.66,3.24,2.78,3,7,2,8,0.8,1.6,1.4,1.4,11.4,13.2,3.4,5.0,5.0,4.8
2021-10-30,Leicester,Arsenal,0,2,A,16,9,8,5,7,6,2.47,3.47,2.87,8,11,7,7,2.2,1.8,1.8,0.8,15.4,14.4,6.0,5.4,5.2,5.0
2021-10-30,Liverpool,Brighton,2,2,D,14,9,3,6,5,3,1.24,6.49,12.11,11,6,11,8,3.6,0.8,1.0,1.2,17.0,12.4,7.2,3.8,7.2,5.6
2021-10-30,Man City,Crystal Palace,0,2,A,14,8,3,3,7,1,1.16,8.13,18.61,11,4,13,2,1.8,1.2,0.6,1.8,16.6,12.6,5.6,3.6,7.4,3.8
2021-10-30,Newcastle,Chelsea,0,3,A,6,19,1,6,0,2,8.63,4.91,1.38,3,12,5,10,1.2,2.8,1.6,0.4,11.6,14.6,3.6,6.6,4.6,6.4
2021-10-30,Tottenham,Man United,0,3,A,9,10,0,4,10,2,2.93,3.57,2.37,6,4,9,10,1.2,1.0,2.0,2.4,11.2,17.6,4.4,6.0,5.4,7.0
2021-10-30,Watford,Southampton,0,1,A,10,12,4,1,5,8,3.12,3.37,2.35,7,5,4,2,1.8,0.8,2.0,1.2,11.6,13.8,4.6,3.8,4.4,5.2
2021-10-31,Aston Villa,West Ham,1,4,A,9,21,3,9,3,6,2.83,3.5,2.48,6,9,10,13,1.6,1.2,1.6,1.0,12.0,16.0,3.6,4.8,5.6,6.2
2021-10-31,Norwich,Leeds,1,2,A,14,13,3,6,5,0,3.44,3.6,2.11,2,5,1,5,0.2,0.8,2.4,1.0,10.0,15.6,2.6,4.4,4.2,4.6
2021-11-01,Wolves,Everton,2,1,H,10,14,4,5,4,3,2.24,3.28,3.39,10,4,3,5,1.4,1.0,1.2,2.0,8.0,12.8,2.8,2.6,3.8,4.2
2021-11-05,Southampton,Aston Villa,1,0,H,9,14,3,3,10,8,2.02,3.66,3.68,7,3,6,3,1.0,1.2,1.2,2.4,14.2,10.8,3.6,3.6,5.8,5.2
2021-11-06,Brentford,Norwich,1,2,A,19,9,7,5,6,2,1.63,3.92,5.8,4,2,4,1,1.4,0.2,2.0,2.2,13.8,10.4,5.4,2.2,4.8,4.4
2021-11-06,Brighton,Newcastle,1,1,D,14,6,5,1,2,5,1.62,3.99,5.76,4,2,7,2,0.8,1.0,1.4,2.0,11.8,9.4,4.0,2.4,5.4,3.8
2021-11-06,Chelsea,Burnley,1,1,D,25,5,4,2,14,2,1.26,5.94,12.51,12,6,12,2,2.8,1.4,0.4,1.4,14.4,10.8,5.8,4.0,4.6,4.2
2021-11-06,Crystal Palace,Wolves,2,0,H,13,4,6,2,4,6,2.5,3.15,3.08,7,13,7,10,1.6,1.8,1.2,1.0,11.6,7.8,3.8,3.6,3.0,3.8
2021-11-06,Man United,Man City,0,2,A,5,16,1,5,1,9,4.69,4.09,1.72,4,10,7,10,1.2,1.8,2.2,1.0,16.2,15.8,4.8,6.0,5.2,7.2
2021-11-07,Arsenal,Watford,1,0,H,14,7,6,1,4,2,1.39,4.9,8.25,11,4,10,6,2.0,1.2,0.8,2.0,13.6,11.2,5.8,3.8,5.6,3.8
2021-11-07,Everton,Tottenham,0,0,D,12,8,2,0,4,2,3.06,3.28,2.42,4,6,9,6,1.2,1.2,1.8,2.0,13.4,11.4,3.4,4.0,4.0,6.4
2021-11-07,Leeds,Leicester,1,1,D,18,9,5,3,10,5,2.76,3.56,2.5,7,8,5,7,1.0,2.0,1.0,1.8,13.8,15.8,3.8,7.0,3.6,4.8
2021-11-07,West Ham,Liverpool,3,2,H,7,16,3,5,3,2,4.59,4.11,1.72,12,9,7,13,1.8,3.4,0.8,1.4,17.6,14.8,5.8,5.8,7.0,6.2
2021-11-20,Aston Villa,Brighton,2,0,H,9,6,5,2,5,7,2.43,3.31,3.04,0,4,7,9,1.0,0.8,2.6,1.4,12.2,13.0,3.6,4.2,5.8,4.8
2021-11-20,Burnley,Crystal Palace,3,3,D,15,18,9,8,3,6,2.77,3.23,2.7,6,9,5,5,1.2,1.8,1.2,1.0,10.0,12.6,3.8,4.4,3.8,2.6
2021-11-20,Leicester,Chelsea,0,3,A,4,16,3,7,3,5,4.74,3.72,1.78,8,13,7,13,1.8,3.0,1.6,0.4,13.2,18.4,6.6,6.6,4.2,6.6
2021-11-20,Liverpool,Arsenal,4,0,H,19,5,9,3,6,1,1.48,4.77,6.38,8,11,9,7,3.2,1.6,1.4,0.6,14.8,14.0,5.6,5.6,4.4,5.6
2021-11-20,Newcastle,Brentford,3,3,D,23,10,9,4,8,2,2.64,3.37,2.72,2,3,2,8,1.0,1.0,2.0,1.8,6.6,15.2,1.4,6.0,3.6,5.6
2021-11-20,Norwich,Southampton,2,1,H,8,17,4,5,5,7,3.63,3.46,2.1,5,10,1,5,0.6,1.2,2.0,1.0,10.2,12.4,2.8,3.0,4.0,6.8
2021-11-20,Watford,Man United,4,1,H,20,9,7,3,9,3,6.22,4.65,1.5,3,4,4,10,1.0,1.2,2.0,2.4,9.6,11.6,3.2,4.2,3.2,4.4
2021-11-20,Wolves,West Ham,1,0,H,15,8,5,3,7,3,3.02,3.27,2.47,10,12,6,13,1.6,2.0,1.4,1.0,7.6,15.0,3.4,5.0,4.0,6.2
2021-11-21,Man City,Everton,3,0,H,17,4,7,1,7,1,1.18,7.56,15.95,10,2,10,5,2.0,0.8,1.0,1.8,16.0,13.6,6.2,3.0,6.4,3.6
2021-11-21,Tottenham,Leeds,2,1,H,13,18,4,7,4,8,1.73,4.07,4.56,7,8,9,5,1.0,1.0,1.4,0.8,11.0,14.4,3.2,3.8,6.0,4.6
2021-11-27,Arsenal,Newcastle,2,0,H,24,9,6,5,4,4,1.47,4.77,6.61,10,3,13,3,1.6,1.4,1.4,2.2,13.4,9.6,5.8,2.8,4.8,4.4
2021-11-27,Brighton,Leeds,0,0,D,20,11,4,4,6,1,2.11,3.41,3.67,3,5,5,5,0.8,1.0,1.8,1.2,10.0,14.0,4.2,4.4,4.6,5.0
2021-11-27,Crystal Palace,Aston Villa,1,2,A,8,10,3,3,7,3,2.24,3.37,3.36,9,3,9,3,2.0,1.2,1.2,2.2,12.6,11.2,5.2,4.0,3.6,5.2
2021-11-27,Liverpool,Southampton,4,0,H,20,7,6,3,5,7,1.29,5.99,9.78,10,10,9,5,3.6,1.2,1.0,0.8,17.4,14.6,6.6,3.6,5.0,7.8
2021-11-27,Norwich,Wolves,0,0,D,14,5,4,2,4,3,3.54,3.35,2.17,7,10,4,10,1.0,1.4,2.2,1.2,9.8,9.2,3.2,3.8,4.0,5.4
2021-11-28,Brentford,Everton,1,0,H,6,14,4,5,3,3,2.25,3.27,3.4,1,1,1,4,1.2,0.6,2.2,2.2,14.6,12.0,5.6,2.8,4.8,3.6
2021-11-28,Chelsea,Man United,1,1,D,24,3,6,2,15,2,1.61,4.12,5.67,13,3,10,9,3.0,1.2,0.2,3.0,17.6,10.8,6.2,3.6,6.2,3.0
2021-11-28,Leicester,Watford,4,2,H,18,16,8,5,8,6,1.63,4.15,5.26,7,6,4,6,1.4,1.8,1.8,2.0,12.2,12.6,6.2,4.4,4.2,4.4
2021-11-28,Man City,West Ham,2,1,H,19,5,9,3,8,4,1.3,5.82,10.01,12,12,10,10,2.2,1.8,0.6,0.8,17.0,13.0,7.0,4.6,7.0,4.6
2021-11-30,Leeds,Crystal Palace,1,0,H,15,9,3,1,7,4,2.42,3.33,3.06,6,8,5,6,1.0,1.8,1.0,1.2,15.6,12.4,5.2,4.6,5.0,4.2
2021-11-30,Newcastle,Norwich,1,1,D,9,16,1,6,2,5,1.99,3.63,3.82,3,7,3,4,1.0,1.0,2.0,2.2,10.0,9.6,3.6,3.4,4.8,3.2
2021-12-01,Aston Villa,Man City,1,2,A,9,17,3,7,4,11,8.6,5.2,1.36,6,12,7,13,1.2,2.2,1.8,0.8,10.4,17.8,3.6,7.6,4.6,7.4
2021-12-01,Everton,Liverpool,1,4,A,8,16,2,7,3,11,7.52,5.05,1.41,1,10,7,10,0.6,3.4,2.2,1.0,11.8,17.6,3.4,6.2,2.8,4.2
2021-12-01,Southampton,Leicester,2,2,D,15,15,7,6,2,4,2.43,3.47,2.91,7,7,8,8,1.0,1.4,1.6,1.8,12.2,11.4,3.2,5.6,7.6,5.0
2021-12-01,Watford,Chelsea,1,2,A,13,8,6,4,6,0,10.3,5.43,1.31,6,11,4,13,2.2,3.0,1.8,0.4,14.6,21.4,5.0,7.2,5.4,8.2
2021-12-01,West Ham,Brighton,1,1,D,14,9,6,3,9,5,2.01,3.53,3.79,9,3,7,6,1.8,0.8,1.2,1.8,10.8,11.8,4.4,4.4,3.6,5.0
2021-12-01,Wolves,Burnley,0,0,D,16,6,2,1,5,5,1.95,3.41,4.23,8,6,9,3,0.8,1.8,0.8,1.8,8.4,10.2,3.4,4.8,4.6,2.6
2021-12-02,Man United,Arsenal,3,2,H,14,17,10,8,3,8,2.02,3.66,3.66,4,12,4,7,1.0,1.6,2.4,1.0,7.8,14.8,2.8,5.8,2.8,4.4
2021-12-02,Tottenham,Brentford,2,0,H,11,6,6,2,11,5,1.64,4.07,5.25,7,4,9,8,1.0,1.4,1.4,2.0,10.2,12.4,2.4,5.0,5.8,4.4
2021-12-04,Newcastle,Burnley,1,0,H,19,10,4,1,10,3,2.33,3.35,3.19,3,7,3,4,1.0,1.8,2.0,1.4,10.6,10.0,3.4,4.6,3.8,3.2
2021-12-04,Southampton,Brighton,1,1,D,14,14,4,4,6,2,2.45,3.21,3.1,7,4,8,4,1.0,0.8,1.6,1.2,12.0,11.6,3.8,4.0,6.8,4.6
2021-12-04,Watford,Man City,1,3,A,11,26,4,13,5,11,14.65,7.19,1.2,3,12,4,13,1.4,1.8,1.8,0.8,13.2,16.6,4.6,6.2,5.6,8.4
2021-12-04,West Ham,Chelsea,3,2,H,11,19,5,7,1,9,4.7,3.6,1.82,7,11,7,15,1.8,2.0,1.4,0.6,11.0,18.4,4.8,5.4,5.0,7.2
2021-12-04,Wolves,Liverpool,0,1,A,3,17,1,5,2,8,7.73,4.75,1.43,8,10,10,10,0.6,3.2,0.6,1.2,10.0,17.0,3.0,6.0,5.0,5.8
2021-12-05,Aston Villa,Leicester,2,1,H,13,12,4,5,3,6,2.36,3.45,3.03,6,5,6,6,1.2,1.4,1.6,2.0,10.2,12.4,3.4,5.6,4.6,5.4
2021-12-05,Leeds,Brentford,2,2,D,13,9,6,3,5,1,1.94,3.62,3.99,8,4,8,7,1.0,1.2,0.8,2.0,15.0,10.6,5.0,4.4,5.2,3.6
2021-12-05,Man United,Crystal Palace,1,0,H,16,8,3,2,9,6,1.57,4.19,6.09,7,7,4,5,1.6,1.6,1.8,1.2,8.2,11.2,4.0,4.2,2.2,4.4
2021-12-05,Tottenham,Norwich,3,0,H,17,10,7,1,6,4,1.41,4.75,8.11,7,8,9,5,0.8,1.2,1.0,1.0,9.6,12.2,2.8,4.4,6.2,4.2
2021-12-06,Everton,Arsenal,2,1,H,11,10,5,3,3,3,3.38,3.52,2.16,1,9,4,7,0.4,1.4,2.0,1.4,10.4,13.8,3.0,5.6,2.8,4.6
2021-12-10,Brentford,Watford,2,1,H,14,6,5,2,8,2,2.29,3.32,3.34,5,3,4,6,1.4,1.6,1.8,2.2,10.0,13.4,4.0,4.6,3.4,5.6
2021-12-11,Arsenal,Southampton,3,0,H,15,11,5,6,9,8,1.67,3.99,5.32,6,5,13,4,1.2,1.0,1.8,1.8,14.0,12.4,5.2,4.4,4.0,6.4
2021-12-11,Chelsea,Leeds,3,2,H,16,12,6,5,5,2,1.28,5.95,11.46,8,6,8,5,1.8,1.0,1.2,1.0,18.4,15.0,5.6,5.0,8.6,6.2
2021-12-11,Liverpool,Aston Villa,1,0,H,20,4,5,0,11,3,1.23,6.85,11.92,12,9,11,6,3.0,1.4,0.8,1.0,17.6,11.0,6.4,3.6,6.4,4.6
2021-12-11,Man City,Wolves,1,0,H,24,2,10,1,14,1,1.16,8.11,20.35,15,5,10,8,2.4,0.2,0.6,0.6,19.0,8.6,8.2,2.4,9.2,4.6
2021-12-11,Norwich,Man United,0,1,A,11,13,5,5,8,6,7.25,4.73,1.45,8,7,5,7,1.0,1.2,1.2,1.8,11.4,9.4,4.0,3.8,4.0,3.6
2021-12-12,Burnley,West Ham,0,0,D,9,16,1,3,6,4,3.61,3.64,2.05,6,7,6,9,1.4,1.6,1.2,1.6,10.2,9.0,3.8,4.0,3.4,4.0
2021-12-12,Crystal Palace,Everton,3,1,H,17,12,6,6,8,2,2.29,3.21,3.42,4,4,6,1,1.2,0.6,1.4,1.8,11.2,9.8,4.0,3.0,5.4,2.8
2021-12-12,Leicester,Newcastle,4,0,H,8,12,5,3,4,6,1.75,4.01,4.56,5,6,7,3,1.6,1.2,2.0,1.4,11.6,13.2,5.0,4.0,5.2,5.8
2021-12-14,Man City,Leeds,7,0,H,31,6,15,3,6,2,1.15,8.7,18.17,15,5,12,4,2.2,1.2,0.6,1.4,20.6,13.8,9.2,5.0,10.2,4.6
2021-12-14,Norwich,Aston Villa,0,2,A,7,17,3,6,7,10,3.37,3.26,2.29,5,9,5,3,0.6,1.4,1.2,1.0,11.8,9.0,4.0,3.0,5.2,3.6
2021-12-15,Arsenal,West Ham,2,0,H,21,7,8,1,5,2,2.2,3.58,3.26,6,5,13,7,1.6,1.0,1.8,1.2,14.2,10.8,5.0,4.0,5.0,4.2
2021-12-15,Brighton,Wolves,0,1,A,12,8,2,5,7,4,2.32,3.05,3.51,4,5,6,5,0.6,0.2,1.0,0.4,12.6,8.2,3.6,2.2,4.4,3.6
2021-12-15,Crystal Palace,Southampton,2,2,D,9,15,6,4,4,6,2.14,3.38,3.59,4,2,8,3,1.4,0.8,1.6,2.4,12.0,12.8,4.0,5.0,6.2,6.0
2021-12-16,Chelsea,Everton,1,1,D,23,5,10,3,7,1,1.24,6.17,13.27,10,3,11,1,2.2,0.8,1.4,2.4,16.6,9.8,6.0,3.8,6.8,2.4
2021-12-16,Liverpool,Newcastle,3,1,H,23,4,8,2,11,0,1.12,9.52,21.43,15,5,11,2,2.8,1.0,0.2,2.0,18.4,14.4,6.4,4.4,8.2,6.0
2021-12-18,Leeds,Arsenal,1,4,A,9,21,2,12,1,4,3.89,3.78,1.91,5,9,9,4,1.0,2.0,2.4,1.0,11.4,17.4,4.2,6.0,3.4,5.8
2021-12-19,Newcastle,Man City,0,4,A,5,18,1,7,3,6,16.25,7.72,1.18,4,15,5,13,0.6,3.0,2.0,0.6,10.6,23.4,3.0,10.8,4.4,10.0
2021-12-19,Tottenham,Liverpool,2,2,D,10,18,5,6,6,4,5.18,4.5,1.59,10,15,12,12,1.4,2.6,0.8,0.4,11.6,19.2,3.4,6.2,6.6,9.2
2021-12-19,Wolves,Chelsea,0,0,D,4,8,1,1,4,9,6.42,3.93,1.58,5,8,10,12,0.2,1.8,0.4,1.6,6.8,18.0,2.2,6.6,3.0,7.2
2021-12-26,Aston Villa,Chelsea,1,3,A,8,10,1,4,2,5,5.35,3.77,1.7,9,8,6,10,1.4,1.6,1.0,1.4,10.6,14.8,3.2,5.6,4.6,6.0
2021-12-26,Brighton,Brentford,2,0,H,15,16,5,6,6,9,1.95,3.45,4.15,3,8,3,5,0.4,1.6,1.0,1.6,12.2,9.0,3.0,3.6,5.4,3.8
2021-12-26,Man City,Leicester,6,3,H,17,14,9,8,14,4,1.18,7.85,14.75,15,7,12,6,3.4,2.2,0.4,1.8,23.2,11.4,10.4,5.4,9.6,5.0
2021-12-26,Norwich,Arsenal,0,5,A,4,16,2,6,3,5,7.73,4.77,1.42,2,9,4,6,0.2,2.4,1.4,1.2,11.6,16.8,3.8,7.2,5.6,5.8
2021-12-26,Tottenham,Crystal Palace,3,0,H,17,4,6,0,4,2,1.72,3.87,4.97,11,4,10,5,1.8,1.2,0.6,1.4,11.8,10.2,4.4,3.6,5.8,5.8
2021-12-26,West Ham,Southampton,2,3,A,11,11,5,6,10,2,1.85,3.8,4.18,5,3,10,4,1.0,1.0,1.4,2.4,10.6,12.4,3.6,4.8,4.0,5.8
2021-12-27,Newcastle,Man United,1,1,D,13,13,8,4,2,4,6.66,4.58,1.48,4,10,5,7,0.6,1.4,2.4,1.4,9.8,11.0,2.2,4.6,4.2,4.6
2021-12-28,Crystal Palace,Norwich,3,0,H,19,12,6,3,8,8,1.68,3.74,5.68,4,1,8,5,1.0,0.2,1.6,2.4,9.4,9.6,3.0,3.4,4.8,5.4
2021-12-28,Leicester,Liverpool,1,0,H,6,21,1,4,1,12,7.72,5.72,1.36,7,13,9,10,2.8,2.2,2.4,0.8,13.4,18.8,6.4,6.2,5.2,9.0
2021-12-28,Southampton,Tottenham,1,1,D,9,21,2,11,3,7,3.74,3.51,2.05,6,13,9,4,1.6,2.4,2.0,0.6,13.2,13.6,5.4,5.6,4.8,6.2
2021-12-28,Watford,West Ham,1,4,A,14,13,5,6,4,5,3.28,3.58,2.2,3,5,3,4,1.8,1.2,2.4,1.6,13.2,11.8,4.8,4.0,5.6,5.2
2021-12-29,Brentford,Man City,0,1,A,6,12,2,3,3,5,17.6,7.93,1.17,7,15,6,15,1.0,4.2,1.4,0.8,10.2,23.2,4.0,10.8,5.2,10.2
2021-12-29,Chelsea,Brighton,1,1,D,11,18,5,6,10,8,1.43,4.5,8.18,8,6,9,4,1.8,0.8,1.4,0.6,15.2,14.0,5.6,3.6,7.0,5.2
2021-12-30,Man United,Burnley,3,1,H,18,10,6,3,7,5,1.38,4.99,8.54,11,4,7,3,1.4,0.8,0.8,1.0,11.8,9.0,4.8,2.8,4.8,3.8
2022-01-01,Arsenal,Man City,1,2,A,7,15,2,2,5,5,5.91,4.62,1.53,12,15,15,15,3.0,3.8,0.6,0.6,16.6,20.4,6.8,8.8,5.2,9.0
2022-01-01,Crystal Palace,West Ham,2,3,A,22,10,6,5,9,1,3.09,3.46,2.33,7,7,10,4,1.6,1.8,1.4,1.6,11.4,11.6,4.0,4.0,5.6,4.4
2022-01-01,Watford,Tottenham,0,1,A,6,21,4,9,3,7,5.32,4.17,1.62,0,11,3,5,1.2,2.2,3.0,0.6,12.0,15.2,4.4,7.0,4.6,6.8
2022-01-02,Brentford,Aston Villa,2,1,H,10,16,4,5,3,7,3.0,3.31,2.45,4,6,6,6,0.8,1.2,1.6,1.4,10.2,10.2,3.6,2.8,5.2,4.4
2022-01-02,Chelsea,Liverpool,2,2,D,15,10,6,6,6,7,3.06,3.54,2.31,9,10,7,7,1.6,1.4,1.0,0.8,13.6,19.8,5.2,5.6,7.2,9.2
2022-01-02,Everton,Brighton,2,3,A,17,12,6,5,8,5,2.78,3.16,2.72,4,6,4,4,1.0,1.0,2.0,0.8,10.0,13.6,4.2,4.0,2.4,5.6
2022-01-02,Leeds,Burnley,3,1,H,22,8,7,2,9,3,2.03,3.57,3.65,4,3,6,3,1.2,0.8,3.2,1.4,11.0,10.0,3.8,3.0,3.4,4.4
2022-01-03,Man United,Wolves,0,1,A,9,19,2,6,3,8,1.56,4.17,6.08,13,5,9,5,1.8,0.2,0.8,0.4,14.8,6.6,5.6,2.0,5.8,3.2
2022-01-11,Southampton,Brentford,4,1,H,12,5,6,4,5,2,2.11,3.37,3.73,6,7,7,2,1.4,1.2,1.8,1.4,12.0,11.0,4.4,4.0,5.0,4.8
2022-01-12,West Ham,Norwich,2,0,H,13,7,5,3,11,2,1.31,5.52,10.28,7,0,10,4,1.8,0.0,1.6,2.8,11.4,8.8,4.0,2.8,4.4,6.0
2022-01-14,Brighton,Crystal Palace,1,1,D,19,3,4,1,9,0,2.1,3.28,3.91,8,7,5,4,1.4,2.0,1.0,1.8,14.2,14.2,4.4,4.8,5.6,6.2
2022-01-15,Aston Villa,Man United,2,2,D,13,13,9,6,3,6,2.92,3.49,2.42,6,10,6,8,1.2,1.2,1.4,0.6,11.6,13.8,3.2,4.0,5.0,5.8
2022-01-15,Man City,Chelsea,1,0,H,11,4,6,1,9,1,1.72,3.87,5.0,15,7,15,10,4.0,1.4,0.8,1.0,18.6,13.4,7.2,5.2,7.2,7.4
2022-01-15,Newcastle,Watford,1,1,D,12,18,1,5,4,6,2.06,3.62,3.55,4,0,6,3,0.6,0.8,2.4,2.4,10.6,10.0,3.6,4.2,4.2,4.0
2022-01-15,Norwich,Everton,2,1,H,14,12,3,5,8,8,3.74,3.48,2.05,0,4,4,1,0.0,1.4,2.6,2.4,8.2,10.6,3.2,4.4,5.6,3.4
2022-01-15,Wolves,Southampton,3,1,H,9,13,5,10,2,10,2.32,3.16,3.4,7,8,8,4,0.4,2.0,0.4,1.8,7.2,11.6,2.8,4.8,3.8,4.8
2022-01-16,Liverpool,Brentford,3,0,H,27,6,13,1,9,0,1.3,5.68,10.64,8,6,13,2,1.6,1.0,1.2,1.8,18.4,10.2,5.8,4.2,9.0,5.0
2022-01-16,West Ham,Leeds,2,3,A,15,18,5,5,4,3,1.65,4.21,4.98,9,4,10,4,2.2,1.6,1.6,3.4,10.8,12.4,4.4,4.6,5.8,3.8
2022-01-18,Brighton,Chelsea,1,1,D,10,15,2,3,5,7,4.81,3.72,1.77,8,6,6,7,1.4,1.2,1.0,1.0,15.2,9.6,4.4,3.4,7.0,6.2
2022-01-19,Brentford,Man United,1,3,A,18,13,8,5,6,9,4.51,3.64,1.83,3,8,9,6,0.6,1.4,2.2,1.0,8.6,13.2,3.4,4.6,3.4,5.2
2022-01-19,Leicester,Tottenham,2,3,A,14,27,4,10,3,8,3.04,3.42,2.36,7,11,9,8,2.2,2.0,2.0,0.6,11.0,17.2,5.0,7.6,3.8,6.0
2022-01-21,Watford,Norwich,0,3,A,15,7,4,2,5,1,2.07,3.52,3.63,1,3,3,4,0.8,0.4,2.2,2.6,11.0,8.8,4.0,2.8,4.0,5.6
2022-01-22,Brentford,Wolves,1,2,A,11,7,1,2,6,3,3.09,3.05,2.54,3,10,9,7,0.8,1.0,2.4,0.4,9.0,8.4,3.8,3.6,2.8,3.8
2022-01-22,Everton,Aston Villa,0,1,A,15,8,1,3,9,2,2.75,3.29,2.66,4,4,4,6,1.4,1.2,2.0,1.6,11.4,11.6,5.0,4.2,4.4,5.0
2022-01-22,Leeds,Newcastle,0,1,A,13,15,4,3,6,7,2.01,3.72,3.63,6,2,8,2,1.8,0.6,3.4,2.6,13.4,9.2,4.4,3.0,3.4,3.0
2022-01-22,Man United,West Ham,1,0,H,18,6,3,1,3,3,1.91,3.8,3.88,8,9,9,7,1.8,2.6,1.2,1.8,13.2,12.4,4.6,5.2,5.8,6.2
2022-01-22,Southampton,Man City,1,1,D,7,20,3,5,2,11,10.18,6.08,1.28,8,15,9,15,2.2,2.8,1.8,0.8,12.0,14.6,5.6,5.4,5.2,7.8
2022-01-23,Arsenal,Burnley,0,0,D,20,10,5,1,12,4,1.36,4.97,9.11,12,2,12,2,3.0,0.4,0.6,1.4,16.0,8.6,6.6,1.6,5.6,4.4
2022-01-23,Chelsea,Tottenham,2,0,H,15,6,7,3,10,3,1.69,3.99,4.96,6,11,7,8,1.4,2.0,1.2,1.0,11.0,19.2,3.8,8.2,5.8,6.4
2022-01-23,Crystal Palace,Liverpool,1,3,A,8,15,5,7,2,5,5.73,4.21,1.58,5,8,7,8,1.6,2.0,1.8,1.2,11.4,19.8,3.8,7.4,4.6,8.6
2022-01-23,Leicester,Brighton,1,1,D,15,14,5,5,4,5,2.55,3.37,2.8,6,9,9,6,2.2,1.6,2.2,1.0,10.8,14.8,4.6,4.4,3.6,6.6
2022-02-05,Burnley,Watford,0,0,D,13,11,2,5,4,7,2.21,3.27,3.51,2,1,6,4,0.4,0.6,1.4,2.2,9.4,11.8,1.6,4.0,4.2,4.0
2022-02-08,Burnley,Man United,1,1,D,9,22,3,5,2,10,5.82,4.07,1.61,3,10,7,9,0.4,1.8,1.2,1.0,10.0,14.2,1.8,4.4,4.4,5.6
2022-02-08,Newcastle,Everton,3,1,H,20,11,9,3,6,2,2.52,3.38,2.88,5,1,6,1,0.8,1.0,1.8,2.0,9.8,12.2,3.0,4.2,3.2,5.6
2022-02-08,West Ham,Watford,1,0,H,9,6,3,1,5,6,1.55,4.3,6.28,9,2,7,2,2.2,0.4,1.4,1.8,11.4,12.8,4.4,4.6,4.8,5.0
2022-02-09,Aston Villa,Leeds,3,3,D,12,16,4,8,6,11,1.8,3.96,4.26,7,6,7,4,1.4,1.4,1.4,3.0,12.4,13.6,4.8,4.2,4.8,4.2
2022-02-09,Man City,Brentford,2,0,H,15,6,7,2,9,3,1.11,9.98,23.47,13,3,15,1,2.2,1.0,1.0,2.6,15.0,10.0,5.0,3.6,8.8,3.4
2022-02-09,Norwich,Crystal Palace,1,1,D,5,13,1,5,4,6,3.5,3.36,2.18,6,4,4,2,1.0,1.4,2.2,2.0,8.8,11.2,2.6,3.6,4.4,4.2
2022-02-09,Tottenham,Southampton,2,3,A,8,23,3,10,2,8,1.61,4.13,5.57,10,8,13,4,1.6,2.0,1.0,1.6,18.4,10.4,7.8,5.4,5.8,4.4
2022-02-10,Liverpool,Leicester,2,0,H,22,5,11,1,7,6,1.26,6.56,10.5,8,7,15,5,2.0,2.2,1.2,2.0,18.2,11.4,7.2,4.6,7.4,3.2
2022-02-10,Wolves,Arsenal,0,1,A,15,12,4,2,7,4,3.57,3.25,2.2,13,10,8,6,1.4,2.4,0.4,0.6,9.4,17.0,3.8,6.6,4.2,6.2
2022-02-12,Brentford,Crystal Palace,0,0,D,9,6,2,3,3,9,2.66,3.09,2.92,0,5,6,2,0.6,1.6,2.8,1.6,9.2,13.0,3.2,4.6,3.4,5.0
2022-02-12,Everton,Leeds,3,0,H,21,7,10,0,5,3,2.32,3.64,2.99,1,7,4,5,1.0,2.0,2.0,2.2,12.0,15.6,3.6,5.2,5.6,6.0
2022-02-12,Man United,Southampton,1,1,D,12,13,8,4,1,4,1.61,4.22,5.43,8,8,12,7,1.4,2.0,1.0,1.6,15.0,12.8,4.2,6.2,6.2,5.6
2022-02-12,Norwich,Man City,0,4,A,8,22,3,9,4,12,18.09,7.86,1.17,7,13,4,13,1.2,1.4,1.4,0.4,9.0,14.6,2.4,4.6,4.6,7.8
2022-02-12,Watford,Brighton,0,2,A,9,11,1,6,4,5,3.7,3.27,2.14,2,7,0,7,0.2,1.4,1.2,1.2,11.2,14.6,3.8,4.4,5.4,6.4
2022-02-13,Burnley,Liverpool,0,1,A,8,12,5,4,5,8,10.72,5.75,1.29,3,10,7,8,0.6,2.0,1.4,0.8,10.0,19.0,2.2,8.2,3.6,8.0
2022-02-13,Leicester,West Ham,2,2,D,13,8,2,3,5,4,2.88,3.58,2.4,4,9,10,7,1.4,1.6,2.4,1.2,10.8,10.6,3.8,3.8,3.6,4.8
2022-02-13,Newcastle,Aston Villa,1,0,H,10,11,2,1,3,6,2.72,3.44,2.6,8,5,8,9,1.2,1.6,1.4,2.0,13.0,11.4,4.4,4.4,4.4,4.0
2022-02-13,Tottenham,Wolves,0,2,A,17,11,7,7,7,3,1.68,3.76,5.57,7,10,10,10,1.4,1.2,1.6,0.6,16.6,10.8,7.2,3.6,5.4,4.8
2022-02-15,Man United,Brighton,2,0,H,19,10,7,3,10,2,1.78,3.78,4.74,9,9,10,9,1.6,1.6,1.0,1.0,15.6,13.2,5.4,4.4,5.8,5.8
2022-02-19,Arsenal,Brentford,2,1,H,24,6,8,2,14,0,1.46,4.46,7.68,10,1,10,1,2.2,0.4,0.6,2.0,15.2,10.0,5.4,2.8,6.0,3.6
2022-02-19,Aston Villa,Watford,0,1,A,20,8,1,4,10,5,1.67,3.93,5.41,5,2,5,2,1.4,0.2,1.6,1.4,12.0,11.8,4.4,3.2,4.8,5.6
2022-02-19,Brighton,Burnley,0,3,A,11,10,1,4,4,4,1.67,3.74,5.75,6,3,6,2,1.0,0.4,1.0,1.0,12.8,9.6,4.0,2.6,5.2,3.6
2022-02-19,Crystal Palace,Chelsea,0,1,A,7,9,0,3,4,4,5.59,3.9,1.65,3,6,7,5,1.0,1.2,1.6,1.0,10.4,12.0,4.0,4.4,5.2,6.8
2022-02-19,Liverpool,Norwich,3,1,H,29,6,8,1,9,4,1.12,9.63,24.83,13,7,15,4,2.2,1.2,0.6,1.6,17.2,8.2,8.2,2.4,7.2,3.8
2022-02-19,Man City,Tottenham,2,3,A,21,6,4,5,10,0,1.29,5.87,10.84,13,6,15,8,2.0,1.2,0.4,1.8,16.6,15.8,5.8,6.4,9.2,5.4
2022-02-19,Southampton,Everton,2,0,H,19,9,11,0,4,4,2.08,3.56,3.58,8,3,7,1,2.0,1.4,1.6,1.8,13.6,15.2,6.6,5.0,5.8,6.4
2022-02-19,West Ham,Newcastle,1,1,D,11,14,3,3,3,7,1.7,3.91,5.11,7,11,9,4,1.4,1.4,1.2,0.6,10.2,14.0,3.4,4.6,5.4,4.4
2022-02-20,Leeds,Man United,2,4,A,16,15,6,9,3,3,3.91,3.86,1.9,7,11,7,9,1.8,1.6,2.0,0.6,15.2,16.8,4.8,5.6,6.4,6.6
2022-02-20,Wolves,Leicester,2,1,H,11,17,3,7,7,10,2.29,3.28,3.33,12,5,5,2,1.6,1.2,0.6,1.6,12.2,10.6,4.8,2.6,4.6,3.8
2022-02-23,Burnley,Tottenham,1,0,H,15,12,4,2,3,7,4.72,3.73,1.79,6,6,4,10,0.8,1.6,0.4,2.2,10.0,12.8,3.0,5.6,3.8,4.0
2022-02-23,Liverpool,Leeds,6,0,H,23,3,15,2,4,0,1.16,8.73,16.66,15,4,15,4,2.4,1.6,0.4,2.6,21.0,14.0,8.6,4.6,7.6,5.2
2022-02-23,Watford,Crystal Palace,1,4,A,8,7,1,5,6,4,3.2,3.24,2.4,4,3,0,3,0.2,0.6,1.2,1.2,9.8,7.4,3.0,2.8,5.4,4.2
2022-02-24,Arsenal,Wolves,2,1,H,26,6,5,2,5,4,1.65,3.8,5.83,10,12,10,12,1.8,1.8,0.6,0.8,15.8,10.6,4.6,4.2,8.0,4.4
2022-02-25,Southampton,Norwich,2,0,H,27,8,9,1,13,6,1.54,4.37,6.22,8,7,9,3,1.6,1.4,1.4,1.8,15.0,8.0,7.6,2.0,5.6,4.2
2022-02-26,Brentford,Newcastle,0,2,A,6,26,1,11,6,6,2.52,3.17,3.04,1,11,4,4,0.6,1.4,1.8,0.6,10.0,14.2,3.0,3.6,3.6,5.4
2022-02-26,Brighton,Aston Villa,0,2,A,12,9,1,4,7,2,2.27,3.28,3.41,5,5,5,6,0.8,1.2,1.4,1.4,11.2,12.8,3.4,3.6,4.2,5.4
2022-02-26,Crystal Palace,Burnley,1,1,D,11,5,4,1,5,4,1.97,3.42,4.19,5,8,4,4,1.2,1.0,1.2,0.4,8.2,11.0,3.6,3.6,5.0,3.6
2022-02-26,Everton,Man City,0,1,A,6,13,2,8,3,4,10.95,6.04,1.28,3,10,6,13,1.0,2.0,1.6,0.8,13.6,17.8,3.8,6.2,5.6,10.2
2022-02-26,Leeds,Tottenham,0,4,A,19,15,3,11,3,6,4.03,3.96,1.86,1,3,4,9,1.0,1.0,3.4,2.0,11.0,9.8,4.0,4.0,4.6,3.8
2022-02-26,Man United,Watford,0,0,D,22,10,3,2,4,3,1.34,5.44,9.04,11,4,10,5,1.8,0.4,0.8,1.4,17.2,8.4,6.4,2.4,5.4,5.6
2022-02-27,West Ham,Wolves,1,0,H,13,14,4,1,3,5,2.11,3.24,3.89,5,9,7,12,1.2,1.4,1.4,1.0,9.8,10.0,3.0,3.6,3.8,4.8
2022-03-01,Burnley,Leicester,0,2,A,9,22,2,6,6,8,2.94,3.34,2.52,8,2,6,1,1.2,1.2,0.6,2.0,9.4,12.8,3.4,3.8,3.6,5.6
2022-03-05,Aston Villa,Southampton,4,0,H,14,11,9,1,4,7,2.36,3.48,3.04,7,11,5,8,1.2,1.8,1.0,0.8,12.0,17.8,2.6,7.4,5.2,6.2
2022-03-05,Burnley,Chelsea,0,4,A,6,11,1,5,5,2,7.44,4.15,1.5,7,8,5,8,1.0,1.2,0.8,0.8,9.4,11.6,3.2,4.0,4.4,5.6
2022-03-05,Leicester,Leeds,1,0,H,7,19,4,4,5,10,1.8,4.12,4.14,5,1,8,4,1.2,1.0,1.4,4.0,14.4,12.2,4.2,3.8,6.6,4.0
2022-03-05,Liverpool,West Ham,1,0,H,22,13,5,5,4,6,1.3,5.86,9.95,15,8,15,7,3.0,1.0,0.4,0.8,20.2,9.4,9.0,2.8,6.6,3.6
2022-03-05,Newcastle,Brighton,2,1,H,10,15,4,4,4,7,2.77,3.19,2.74,13,4,8,8,1.6,0.6,0.4,1.6,17.0,11.6,5.6,3.2,5.8,4.6
2022-03-05,Norwich,Brentford,1,3,A,15,10,7,6,5,5,2.95,3.15,2.6,4,1,4,0,1.0,0.4,2.0,1.6,6.8,7.6,1.6,1.6,3.8,3.6
2022-03-05,Wolves,Crystal Palace,0,2,A,12,12,5,8,7,7,2.37,3.1,3.4,6,6,7,6,1.0,1.2,1.0,0.8,11.4,8.8,3.4,3.4,5.2,5.6
2022-03-06,Man City,Man United,4,1,H,24,5,10,2,9,3,1.41,4.91,7.86,10,9,12,9,2.0,1.6,0.8,0.8,18.2,18.0,6.6,6.4,9.2,5.6
2022-03-06,Watford,Arsenal,2,3,A,13,16,7,4,1,5,6.14,4.02,1.59,4,10,0,9,0.4,1.2,1.4,0.8,8.2,17.8,1.8,4.4,4.8,8.0
2022-03-07,Tottenham,Everton,5,0,H,14,6,7,0,5,2,1.61,4.13,5.61,6,3,7,1,1.8,0.8,1.6,1.4,11.6,12.4,5.6,3.2,4.4,4.6
2022-03-10,Leeds,Aston Villa,0,3,A,4,15,1,9,3,5,2.72,3.59,2.54,0,7,3,9,0.4,1.8,3.6,1.0,12.8,13.2,3.0,3.8,3.8,5.6
2022-03-10,Norwich,Chelsea,1,3,A,9,15,3,7,3,8,11.9,5.59,1.29,1,10,4,10,0.6,1.6,2.6,0.4,8.4,10.8,2.6,3.8,4.6,4.8
2022-03-10,Southampton,Newcastle,1,2,A,14,8,5,4,12,5,2.0,3.7,3.71,10,13,11,7,1.6,1.8,1.4,0.6,18.6,16.0,7.0,5.8,7.2,5.2
2022-03-10,Wolves,Watford,4,0,H,10,9,5,0,5,2,1.82,3.5,4.84,6,4,7,6,1.0,0.8,1.2,1.8,10.8,9.6,3.6,3.0,5.2,3.8
2022-03-12,Brentford,Burnley,2,0,H,13,7,4,1,2,9,2.2,3.23,3.65,4,7,4,5,0.8,1.0,1.4,1.4,7.4,9.0,2.6,2.4,3.4,4.4
2022-03-12,Brighton,Liverpool,0,2,A,8,18,3,9,7,6,6.2,4.47,1.53,3,15,5,8,0.6,2.6,1.8,0.2,11.8,21.6,3.0,8.6,5.0,6.4
2022-03-12,Man United,Tottenham,3,2,H,10,10,6,3,4,5,2.18,3.56,3.33,8,9,8,9,1.6,2.4,1.4,1.0,14.6,12.8,5.8,6.4,4.2,5.0
2022-03-13,Arsenal,Leicester,2,0,H,21,6,8,3,2,6,1.53,4.55,6.0,13,7,10,3,1.6,1.2,0.8,1.2,19.6,12.8,4.8,4.0,8.0,6.8
2022-03-13,Chelsea,Newcastle,1,0,H,8,7,3,2,7,2,1.33,5.3,10.16,13,13,9,10,2.2,1.6,0.4,0.6,13.0,13.6,5.0,4.8,6.2,5.0
2022-03-13,Everton,Wolves,0,1,A,8,14,2,3,5,2,2.31,3.24,3.35,3,6,6,9,0.8,1.4,2.2,1.2,10.6,10.6,3.0,3.2,3.2,5.6
2022-03-13,Leeds,Norwich,2,1,H,13,12,7,4,6,2,1.6,4.31,5.51,0,0,3,3,0.4,0.6,3.6,3.0,12.2,9.2,3.2,3.0,3.8,4.4
2022-03-13,Southampton,Watford,1,2,A,13,9,7,5,11,3,1.61,4.17,5.59,7,4,10,5,1.2,0.8,1.4,2.2,16.8,9.6,6.0,2.8,8.0,3.4
2022-03-13,West Ham,Aston Villa,2,1,H,11,13,4,7,5,7,2.33,3.31,3.24,8,9,10,9,1.0,1.8,0.8,0.4,10.8,13.8,3.6,4.8,4.2,5.4
2022-03-14,Crystal Palace,Man City,0,0,D,7,18,1,4,2,6,9.82,5.5,1.32,8,12,4,13,1.4,2.6,0.6,0.8,8.6,19.0,4.0,7.6,5.8,8.8
2022-03-16,Arsenal,Liverpool,0,2,A,9,9,2,3,1,6,3.78,3.98,1.92,15,15,10,10,2.0,2.6,0.8,0.2,19.8,20.8,5.4,8.2,6.0,6.2
2022-03-16,Brighton,Tottenham,0,2,A,15,17,0,7,6,3,3.28,3.34,2.3,0,9,2,6,0.2,2.8,2.2,1.2,11.2,11.4,2.4,5.6,5.4,4.6
2022-03-17,Everton,Newcastle,1,0,H,9,17,3,6,5,7,2.37,3.38,3.11,3,10,3,10,0.6,1.4,1.8,0.8,10.0,13.0,2.8,4.8,3.8,4.8
2022-03-18,Wolves,Leeds,2,3,A,14,15,8,6,2,5,2.14,3.49,3.56,6,3,9,4,1.2,0.4,1.0,3.0,11.2,11.6,3.2,3.4,4.6,4.4
2022-03-19,Aston Villa,Arsenal,0,1,A,8,10,1,3,6,5,2.99,3.47,2.41,9,12,5,12,2.0,1.8,0.6,1.2,14.2,19.2,6.0,5.4,5.6,5.4
2022-03-20,Leicester,Brentford,2,1,H,12,15,4,6,2,5,2.19,3.45,3.41,7,7,8,3,1.2,1.2,1.2,1.0,13.0,8.8,4.4,3.0,6.8,3.2
2022-03-20,Tottenham,West Ham,3,1,H,17,6,4,1,5,3,1.75,3.94,4.7,9,8,7,7,2.6,1.2,0.8,1.0,13.6,11.2,6.0,3.8,5.2,4.2
2022-04-02,Brighton,Norwich,0,0,D,31,6,4,0,11,2,1.5,4.12,7.51,0,0,1,3,0.2,0.8,2.2,2.6,12.2,10.0,1.8,3.2,6.2,4.0
2022-04-02,Burnley,Man City,0,2,A,3,18,1,6,1,8,13.75,6.54,1.23,4,10,4,11,0.4,2.2,1.8,0.8,8.4,19.6,1.8,7.0,5.4,8.2
2022-04-02,Chelsea,Brentford,1,4,A,21,17,8,6,12,7,1.35,4.99,10.04,15,6,9,3,2.2,1.4,0.2,1.4,11.6,10.0,5.0,3.8,6.2,3.6
2022-04-02,Leeds,Southampton,1,1,D,12,14,3,6,4,7,2.42,3.61,2.86,6,6,3,7,1.0,1.2,2.2,1.6,14.0,16.8,4.2,6.6,5.4,9.4
2022-04-02,Liverpool,Watford,2,0,H,20,5,3,2,9,3,1.13,9.36,21.82,15,4,15,7,2.8,1.0,0.2,2.4,20.2,9.8,8.0,3.0,5.8,3.0
2022-04-02,Man United,Leicester,1,1,D,11,11,5,3,6,5,1.52,4.6,6.1,10,9,11,3,2.0,1.2,1.6,1.0,14.2,12.8,5.4,4.8,4.8,6.2
2022-04-02,Wolves,Aston Villa,2,1,H,11,15,5,5,4,9,3.01,3.1,2.59,6,9,6,9,1.4,2.0,1.2,0.6,12.8,11.8,4.4,6.0,4.2,4.8
2022-04-03,Tottenham,Newcastle,5,1,H,19,8,6,1,2,3,1.52,4.36,6.58,12,9,9,7,3.2,1.2,0.8,0.8,14.6,13.6,6.4,5.4,4.8,4.8
2022-04-03,West Ham,Everton,2,1,H,11,13,5,2,2,4,1.79,3.75,4.6,7,3,10,1,1.0,0.2,1.2,1.8,10.8,7.6,3.4,1.4,4.0,3.8
2022-04-04,Crystal Palace,Arsenal,3,0,H,6,12,5,3,0,2,4.05,3.41,1.99,8,12,2,15,1.4,1.6,0.6,1.0,8.8,16.4,3.6,4.4,4.4,3.6
2022-04-06,Burnley,Everton,3,2,H,13,16,4,4,9,6,2.57,3.16,2.98,1,3,3,0,0.2,0.4,2.2,1.8,6.0,8.4,1.2,1.8,5.0,3.8
2022-04-08,Newcastle,Wolves,1,0,H,12,5,4,2,1,2,2.31,3.11,3.51,6,9,11,9,1.0,1.8,1.8,1.2,10.0,12.2,3.4,5.2,4.2,4.0
2022-04-09,Arsenal,Brighton,1,2,A,20,8,4,3,11,2,1.65,3.9,5.64,9,1,10,7,1.2,0.2,1.4,1.6,13.6,16.2,4.0,2.4,3.0,7.6
2022-04-09,Aston Villa,Tottenham,0,4,A,9,11,8,5,9,3,3.15,3.55,2.27,6,12,5,9,1.8,3.4,1.0,1.0,13.0,15.4,6.2,5.4,6.2,4.0
2022-04-09,Everton,Man United,1,0,H,7,12,3,4,5,7,4.48,3.84,1.8,3,8,6,8,0.8,1.8,2.2,1.8,10.4,12.6,2.2,5.0,4.4,4.0
2022-04-09,Southampton,Chelsea,0,6,A,4,24,1,14,3,3,3.98,3.69,1.93,4,12,7,10,1.0,2.0,1.8,1.0,15.8,12.8,5.6,5.2,10.0,6.6
2022-04-09,Watford,Leeds,0,3,A,8,10,1,5,3,8,2.69,3.54,2.58,4,7,0,4,0.8,1.2,2.0,1.6,9.2,12.6,3.2,4.2,2.4,5.6
2022-04-10,Brentford,West Ham,2,0,H,15,5,7,1,4,6,2.69,3.31,2.73,9,9,4,4,2.0,1.2,1.2,1.2,12.2,10.8,4.6,3.8,5.0,3.8
2022-04-10,Leicester,Crystal Palace,2,1,H,12,11,3,3,3,4,2.41,3.44,2.98,10,11,8,9,1.2,2.0,0.8,0.4,11.6,8.6,4.0,4.6,5.2,3.6
2022-04-10,Man City,Liverpool,2,2,D,11,6,5,4,4,1,2.06,3.71,3.5,10,15,12,13,1.8,2.6,0.8,0.0,18.8,18.4,6.4,7.0,7.4,5.8
2022-04-10,Norwich,Burnley,2,0,H,17,18,6,4,6,7,2.97,3.19,2.56,1,3,4,5,0.6,0.6,2.0,2.4,10.0,7.6,3.0,1.8,3.6,6.0
2022-04-16,Man United,Norwich,3,2,H,20,15,9,4,6,7,1.24,6.45,12.84,5,4,9,4,1.0,1.0,1.6,1.6,12.0,11.8,4.0,4.0,4.8,3.6
2022-04-16,Southampton,Arsenal,1,0,H,9,23,3,6,6,8,3.9,3.68,1.95,1,6,6,12,0.6,0.8,3.0,1.4,11.2,14.4,4.0,4.0,8.0,4.2
2022-04-16,Tottenham,Brighton,0,1,A,5,12,0,5,4,4,1.54,4.25,6.35,12,4,9,7,3.2,0.6,1.0,1.4,14.8,15.4,5.0,2.8,3.6,6.6
2022-04-16,Watford,Brentford,1,2,A,17,16,4,5,6,5,2.86,3.28,2.59,3,12,0,6,0.8,2.4,2.6,0.8,8.8,14.0,3.0,5.8,2.4,4.6
2022-04-17,Newcastle,Leicester,2,1,H,16,8,7,2,3,5,2.25,3.38,3.32,6,10,13,4,0.8,1.2,1.6,1.0,10.4,9.6,3.4,3.4,3.6,4.2
2022-04-17,West Ham,Burnley,1,1,D,21,9,8,1,13,4,1.72,3.84,5.02,6,3,13,5,1.0,0.6,1.6,2.4,9.2,9.4,3.2,2.2,4.4,6.2
2022-04-19,Liverpool,Man United,4,0,H,14,2,5,1,10,2,1.41,5.21,7.44,13,7,15,7,1.8,1.6,0.4,2.0,15.0,11.6,4.8,5.2,5.2,5.2
2022-04-20,Chelsea,Arsenal,2,4,A,11,14,2,4,6,1,1.87,3.64,4.34,12,3,8,9,3.0,0.4,1.0,1.6,15.8,14.8,7.4,3.6,6.4,5.4
2022-04-20,Everton,Leicester,1,1,D,13,11,3,3,5,4,2.32,3.45,3.15,6,7,9,4,1.0,1.2,1.2,1.4,10.6,9.8,2.8,3.0,5.0,4.2
2022-04-20,Man City,Brighton,3,0,H,17,2,5,1,7,4,1.2,6.85,17.12,11,7,10,9,1.8,0.6,0.6,1.0,16.8,14.8,6.6,3.0,6.2,6.0
2022-04-20,Newcastle,Crystal Palace,1,0,H,13,10,4,2,2,5,2.34,3.26,3.25,6,8,15,8,0.8,1.4,1.6,0.6,12.0,9.4,4.0,4.2,3.2,3.6
2022-04-21,Burnley,Southampton,2,0,H,16,11,6,3,10,10,2.76,3.41,2.61,4,4,6,5,0.8,0.8,1.8,2.2,10.0,10.8,2.2,4.4,6.0,7.8
2022-04-23,Arsenal,Man United,3,1,H,14,14,7,5,1,7,2.11,3.58,3.5,6,7,9,4,1.2,1.4,1.6,2.0,15.8,11.0,4.0,5.0,5.4,5.0
2022-04-23,Brentford,Tottenham,0,0,D,15,9,2,0,12,8,4.28,3.67,1.87,12,12,7,9,2.2,2.8,0.8,0.6,15.2,13.8,5.6,4.4,4.6,3.4
2022-04-23,Leicester,Aston Villa,0,0,D,5,11,2,3,7,6,2.85,3.39,2.54,8,3,11,6,1.4,1.0,1.2,1.8,10.8,12.0,3.0,6.0,3.8,7.2
2022-04-23,Man City,Watford,5,1,H,21,5,8,2,11,4,1.11,9.78,25.83,11,3,10,7,2.2,0.6,0.6,2.4,17.6,9.6,6.0,2.4,6.8,3.4
2022-04-23,Norwich,Newcastle,0,3,A,5,13,2,7,2,3,3.55,3.33,2.18,4,9,4,6,1.2,1.0,1.6,1.4,11.8,13.2,3.4,4.4,4.0,3.2
2022-04-24,Brighton,Southampton,2,2,D,8,18,5,5,6,6,2.17,3.32,3.59,7,4,1,5,0.6,0.6,1.2,2.2,13.6,10.2,2.6,4.0,5.4,7.4
2022-04-24,Burnley,Wolves,1,0,H,14,10,5,4,3,6,2.71,3.11,2.86,7,9,6,6,1.2,1.8,1.4,1.0,11.8,10.8,3.2,4.6,6.2,3.0
2022-04-24,Chelsea,West Ham,1,0,H,26,6,5,2,3,1,1.53,4.37,6.4,9,7,7,1,2.6,1.2,1.8,1.6,15.8,10.8,6.8,3.8,7.2,5.8
2022-04-24,Liverpool,Everton,2,0,H,18,9,4,1,13,1,1.19,7.35,15.64,13,7,15,0,2.4,1.2,0.4,1.2,13.4,11.6,4.8,3.0,6.4,5.0
2022-04-25,Crystal Palace,Leeds,0,0,D,17,9,7,2,6,3,2.08,3.59,3.53,7,10,5,6,1.2,1.8,0.6,1.4,9.2,10.8,3.8,4.4,3.6,5.2
2022-04-28,Man United,Chelsea,1,1,D,6,21,3,6,2,9,3.17,3.57,2.25,4,9,11,13,1.0,2.2,2.2,1.6,11.8,18.0,4.8,6.4,5.6,6.2
2022-04-30,Aston Villa,Norwich,2,0,H,21,9,6,3,2,3,1.4,4.94,8.3,1,4,4,1,0.4,1.0,1.8,1.6,11.2,11.0,4.8,3.2,7.4,3.8
2022-04-30,Leeds,Man City,0,4,A,7,19,2,6,3,6,9.69,5.85,1.31,11,11,4,11,1.8,2.4,0.8,0.6,11.8,17.0,4.6,5.6,5.2,7.2
2022-04-30,Newcastle,Liverpool,0,1,A,4,24,2,10,0,6,7.81,4.87,1.41,12,13,15,13,1.6,2.4,1.2,0.4,12.4,13.4,4.6,3.8,2.4,7.8
2022-04-30,Southampton,Crystal Palace,1,2,A,8,14,3,5,6,7,2.41,3.37,3.05,5,5,6,7,0.8,0.8,2.2,0.6,11.2,10.2,3.6,3.6,6.4,3.4
2022-04-30,Watford,Burnley,1,2,A,13,17,1,6,5,6,2.68,3.31,2.75,3,10,0,5,0.8,1.4,2.6,1.0,8.8,14.0,2.8,4.0,3.8,6.6
2022-04-30,Wolves,Brighton,0,3,A,11,17,1,9,7,3,2.75,3.09,2.83,6,8,9,6,1.0,1.0,1.2,1.2,10.8,12.2,4.4,3.6,3.2,5.4
2022-05-01,Everton,Chelsea,1,0,H,9,17,4,5,3,8,4.83,3.71,1.77,4,7,7,13,1.0,2.2,1.6,1.8,11.6,20.6,2.6,7.0,4.2,6.6
2022-05-01,Tottenham,Leicester,3,1,H,13,6,7,2,7,3,1.46,4.8,6.88,10,6,9,5,2.4,1.0,0.6,1.0,12.2,9.4,3.0,2.6,4.4,4.8
2022-05-01,West Ham,Arsenal,1,2,A,8,13,3,7,3,7,4.54,3.84,1.79,4,6,11,9,0.8,1.6,1.6,1.8,9.8,16.6,3.4,4.8,5.0,4.6
2022-05-02,Man United,Brentford,3,0,H,9,12,5,4,3,8,1.76,3.95,4.51,4,10,9,9,1.0,1.8,2.2,0.8,10.8,15.6,4.4,5.2,4.8,6.6
2022-05-07,Brentford,Southampton,3,0,H,18,19,5,4,4,7,2.21,3.44,3.35,10,4,8,3,1.6,0.8,1.0,2.4,15.0,10.0,4.8,3.0,7.2,6.2
2022-05-07,Brighton,Man United,4,0,H,17,15,6,5,7,6,2.8,3.44,2.56,10,7,2,3,1.6,1.6,1.2,2.0,9.4,10.2,4.6,4.6,3.8,4.0
2022-05-07,Burnley,Aston Villa,1,3,A,14,12,6,7,4,5,3.0,3.33,2.46,10,4,9,7,1.2,0.6,0.8,1.4,14.8,12.8,4.4,4.6,6.0,6.4
2022-05-07,Chelsea,Wolves,2,2,D,19,14,6,4,9,3,1.36,4.95,9.62,7,3,9,3,2.0,0.8,1.2,1.8,19.8,10.2,6.4,4.0,5.8,4.2
2022-05-07,Crystal Palace,Watford,1,0,H,15,6,7,1,8,5,1.69,3.89,5.2,7,0,6,4,1.2,0.6,0.8,2.8,11.6,9.6,4.4,2.0,4.4,4.2
2022-05-07,Liverpool,Tottenham,1,1,D,22,8,3,3,11,5,1.46,4.89,6.68,13,10,15,10,2.2,2.4,0.4,0.6,16.4,11.4,5.2,3.6,7.8,4.8
2022-05-08,Arsenal,Leeds,2,1,H,19,3,9,2,8,2,1.46,4.81,6.77,9,8,9,7,2.0,1.4,1.4,1.4,16.8,10.6,5.6,3.6,5.6,4.6
2022-05-08,Leicester,Everton,1,2,A,16,10,9,4,6,1,2.61,3.34,2.8,5,7,11,0,1.0,1.0,1.4,1.2,8.4,10.8,2.4,3.0,4.4,4.0
2022-05-08,Man City,Newcastle,5,0,H,21,7,9,3,8,2,1.18,7.63,17.16,13,12,10,6,3.2,1.4,0.6,0.4,17.2,11.6,6.0,4.8,7.2,1.8
2022-05-08,Norwich,West Ham,0,4,A,8,13,2,5,9,5,4.51,3.81,1.8,4,4,3,1,0.8,0.8,1.6,1.4,10.4,10.2,3.0,3.8,4.0,5.0
2022-05-10,Aston Villa,Liverpool,1,2,A,9,17,4,6,2,3,7.35,4.85,1.44,7,11,6,13,1.2,2.0,1.4,0.6,13.6,16.8,5.8,5.2,6.2,8.2
2022-05-11,Leeds,Chelsea,0,3,A,5,17,0,4,1,5,4.98,4.17,1.67,5,5,4,10,1.0,1.2,1.4,1.6,8.2,18.8,2.8,4.8,4.0,7.0
2022-05-11,Leicester,Norwich,3,0,H,20,9,8,5,10,2,1.44,4.9,7.02,2,3,10,1,0.8,0.8,1.6,2.4,9.2,10.8,3.6,3.4,5.0,5.4
2022-05-11,Watford,Everton,0,0,D,6,16,0,5,1,13,4.26,3.68,1.87,0,10,0,3,0.6,1.0,2.6,0.8,9.8,9.6,1.8,3.0,4.6,3.0
2022-05-11,Wolves,Man City,1,5,A,7,16,3,5,6,2,12.83,5.88,1.26,4,13,6,13,0.8,3.8,1.6,0.6,10.2,17.8,3.2,6.6,4.4,7.2
2022-05-12,Tottenham,Arsenal,3,0,H,16,8,6,4,2,2,2.12,3.6,3.42,8,12,12,9,1.6,2.2,0.6,1.2,9.2,16.6,3.0,6.6,5.4,5.0
2022-05-15,Aston Villa,Crystal Palace,1,1,D,13,16,4,4,1,5,2.06,3.55,3.63,7,7,6,9,1.2,0.8,1.4,0.8,12.4,13.4,5.6,4.8,4.8,6.0
2022-05-15,Everton,Brentford,2,3,A,10,18,5,7,5,2,2.1,3.55,3.53,8,10,10,9,0.8,1.4,0.8,0.8,11.4,15.2,3.4,4.6,4.6,6.6
2022-05-15,Leeds,Brighton,1,1,D,19,16,5,6,8,1,2.67,3.52,2.61,4,10,4,9,0.8,2.0,1.8,1.0,6.8,11.2,2.2,5.2,3.4,4.8
2022-05-15,Tottenham,Burnley,1,0,H,21,8,8,1,8,2,1.34,5.36,9.11,8,10,12,5,1.4,1.4,0.6,1.0,10.2,14.0,3.2,4.8,5.2,5.4
2022-05-15,Watford,Leicester,1,5,A,13,13,5,7,7,3,3.65,3.68,2.02,1,5,1,2,0.6,1.2,2.0,1.2,9.4,11.6,1.6,4.8,4.2,6.0
2022-05-15,West Ham,Man City,2,2,D,6,31,2,8,4,9,8.01,5.2,1.38,4,15,10,13,1.2,4.4,1.2,0.4,10.6,18.8,3.8,6.6,5.6,6.8
2022-05-15,Wolves,Norwich,1,1,D,17,11,4,2,5,3,1.46,4.58,7.25,1,0,6,1,0.6,0.4,2.4,3.0,9.4,9.2,2.8,3.2,4.8,4.6
2022-05-16,Newcastle,Arsenal,2,0,H,16,11,4,2,12,8,4.14,3.68,1.88,9,12,12,6,1.2,2.2,1.4,1.6,10.6,13.6,4.6,6.2,2.0,3.8
2022-05-17,Southampton,Liverpool,1,2,A,4,24,2,5,1,9,8.02,5.49,1.37,4,13,3,13,0.8,2.0,1.8,0.4,13.0,19.0,3.6,5.6,7.0,8.6
2022-05-19,Aston Villa,Burnley,1,1,D,22,10,9,5,13,6,2.05,3.56,3.7,8,9,4,4,1.4,1.2,0.8,1.0,13.2,13.8,4.8,4.8,3.2,5.0
2022-05-19,Chelsea,Leicester,1,1,D,20,2,7,1,6,0,1.38,4.91,8.66,8,7,7,5,1.4,2.0,0.8,1.2,20.0,12.0,5.2,5.6,6.8,5.8
2022-05-19,Everton,Crystal Palace,3,2,H,12,7,6,5,4,5,1.95,3.47,4.16,7,8,10,7,1.0,0.8,1.2,0.6,10.8,14.4,3.8,5.0,4.6,6.2
2022-05-22,Arsenal,Everton,5,1,H,26,6,9,2,12,2,1.37,5.15,8.69,9,10,9,4,1.4,1.6,1.6,1.2,13.0,11.4,5.8,4.8,5.2,5.2
2022-05-22,Brentford,Leeds,1,2,A,14,14,5,6,3,2,2.41,3.76,2.79,10,2,10,7,1.6,0.4,1.2,2.0,15.8,8.6,4.6,2.2,6.2,3.4
2022-05-22,Brighton,West Ham,3,1,H,18,7,7,2,5,6,2.4,3.57,2.91,8,5,5,3,2.0,1.6,1.2,1.2,12.0,10.8,5.4,4.0,4.2,5.2
2022-05-22,Burnley,Newcastle,1,2,A,12,8,5,6,8,2,2.24,3.48,3.25,7,9,9,3,1.0,1.2,1.2,1.2,12.6,10.6,4.6,4.0,4.2,3.8
2022-05-22,Chelsea,Watford,2,1,H,19,8,8,3,3,3,1.17,7.89,17.63,6,1,5,3,1.4,0.6,1.0,2.6,18.8,8.6,5.6,1.8,7.4,4.4
2022-05-22,Crystal Palace,Man United,1,0,H,6,10,3,4,3,6,3.1,3.66,2.25,8,4,9,0,1.2,1.0,1.0,2.4,13.8,9.2,5.6,3.8,6.2,4.0
2022-05-22,Leicester,Southampton,4,1,H,12,7,6,2,3,3,1.88,4.03,3.86,7,1,10,2,2.2,0.8,1.4,2.2,11.4,12.0,5.4,3.4,4.4,6.0
2022-05-22,Liverpool,Wolves,3,1,H,29,7,8,5,5,3,1.16,8.12,18.95,13,2,13,4,1.6,0.8,0.6,2.4,21.0,11.8,5.6,3.2,8.4,5.4
2022-05-22,Man City,Aston Villa,3,2,H,24,4,5,2,13,1,1.16,8.18,18.24,13,8,13,7,4.2,1.6,0.8,1.0,21.6,15.4,7.2,6.0,7.2,4.6
2022-05-22,Norwich,Tottenham,0,5,A,9,19,0,13,3,2,11.19,6.45,1.26,1,11,3,8,0.2,1.6,2.6,0.4,8.4,13.4,2.8,4.8,3.8,6.0
2022-08-05,Crystal Palace,Arsenal,0,2,A,10,10,2,2,3,5,4.39,3.59,1.88,10,9,11,6,1.4,1.8,1.0,1.6,11.6,15.4,4.8,6.2,5.6,7.4
2022-08-06,Bournemouth,Aston Villa,2,0,H,7,15,3,2,5,5,3.8,3.5,2.04,7,5,4,4,1.6,1.6,1.2,1.6,11.6,12.0,3.8,5.2,6.4,4.4
2022-08-06,Everton,Chelsea,0,1,A,8,15,4,6,4,16,5.74,3.96,1.63,7,8,10,10,1.6,1.6,2.2,1.0,10.8,18.4,4.4,6.0,5.0,6.2
2022-08-06,Fulham,Liverpool,2,2,D,9,11,3,4,4,4,10.99,6.05,1.28,1,13,0,13,0.4,1.8,2.0,0.8,12.6,23.2,2.8,6.4,5.4,6.8
2022-08-06,Leeds,Wolves,2,1,H,12,15,4,6,6,4,2.34,3.34,3.18,4,2,5,4,0.8,1.0,2.2,2.8,9.6,11.2,3.0,3.4,3.2,4.8
2022-08-06,Newcastle,Nott'm Forest,2,0,H,23,5,10,0,11,1,1.67,3.8,5.57,9,0,12,0,1.4,0.0,1.4,0.0,9.6,0.0,4.4,0.0,3.8,0.0
2022-08-06,Tottenham,Southampton,4,1,H,18,10,8,2,10,2,1.36,5.27,8.64,13,1,12,2,2.6,1.0,0.4,2.6,15.4,11.2,7.4,3.2,4.8,4.6
2022-08-07,Leicester,Brentford,2,2,D,14,8,5,3,5,6,2.03,3.66,3.64,10,7,10,9,2.8,1.4,1.0,1.4,12.6,15.4,6.2,4.6,4.4,5.8
2022-08-07,Man United,Brighton,1,2,A,17,15,5,4,6,2,1.62,4.01,5.68,4,11,11,10,1.0,2.6,1.8,0.8,10.8,15.2,4.4,6.6,4.8,4.4
2022-08-07,West Ham,Man City,0,2,A,6,14,1,2,1,4,8.32,5.25,1.37,4,13,8,11,1.6,3.8,1.6,1.0,8.0,22.2,2.8,6.6,3.8,7.6
2022-08-13,Arsenal,Leicester,4,2,H,19,6,7,2,6,2,1.55,4.37,6.04,9,11,9,5,1.8,3.0,1.4,1.0,14.8,12.2,5.2,5.4,7.0,4.2
2022-08-13,Aston Villa,Everton,2,1,H,12,15,4,4,5,8,1.82,3.56,4.87,2,4,5,4,1.0,1.2,1.8,2.2,12.6,10.4,4.2,4.4,4.4,5.6
2022-08-13,Brentford,Man United,4,0,H,13,15,7,4,8,2,3.77,3.56,2.02,7,4,10,0,1.8,1.0,1.8,1.6,14.0,11.4,4.8,4.4,4.6,4.6
2022-08-13,Brighton,Newcastle,0,0,D,13,4,7,1,7,3,2.44,3.25,3.1,13,9,8,6,2.6,1.2,0.6,1.4,16.6,11.6,6.4,5.0,3.6,5.4
2022-08-13,Man City,Bournemouth,4,0,H,19,3,7,1,11,1,1.07,12.72,37.57,13,9,13,3,3.4,2.0,1.0,1.2,21.2,11.2,5.8,4.0,7.2,5.8
2022-08-13,Southampton,Leeds,2,2,D,14,13,4,5,2,5,2.32,3.51,3.1,0,7,3,10,0.8,1.2,3.0,1.6,9.6,10.6,2.6,3.4,3.8,3.8
2022-08-13,Wolves,Fulham,0,0,D,7,9,1,3,5,3,2.4,3.28,3.15,2,2,4,2,1.2,0.8,2.6,2.0,12.0,12.4,4.4,2.8,4.2,4.6
2022-08-14,Chelsea,Tottenham,2,2,D,16,10,3,5,8,5,2.29,3.44,3.21,11,13,8,11,1.8,2.8,0.8,0.4,18.0,16.4,6.2,7.6,7.8,5.4
2022-08-14,Nott'm Forest,West Ham,1,0,H,13,19,6,5,6,7,4.21,3.64,1.9,0,4,0,3,0.0,1.6,2.0,1.8,5.0,8.0,0.0,2.6,1.0,3.8
2022-08-15,Liverpool,Crystal Palace,1,1,D,24,7,4,3,4,2,1.2,6.85,16.33,11,7,13,4,2.0,1.0,1.2,1.2,20.6,10.8,5.2,4.2,6.4,4.8
2022-08-20,Bournemouth,Arsenal,0,3,A,6,14,1,6,3,4,7.65,4.7,1.43,6,9,7,9,1.2,2.2,1.8,1.6,9.8,14.8,3.4,4.8,5.6,6.6
2022-08-20,Crystal Palace,Aston Villa,3,1,H,17,13,9,5,4,2,2.52,3.2,3.0,5,5,10,4,1.0,1.2,1.4,1.6,9.2,13.2,3.4,4.2,3.6,5.0
2022-08-20,Everton,Nott'm Forest,1,1,D,19,14,8,5,6,2,1.97,3.48,4.05,3,3,7,0,1.4,0.5,2.6,1.0,10.2,9.0,4.2,3.0,4.6,3.5
2022-08-20,Fulham,Brentford,3,2,H,18,13,9,5,6,3,2.46,3.42,2.92,3,10,1,10,0.8,2.6,1.6,1.2,10.0,14.2,2.8,5.4,3.6,4.6
2022-08-20,Leicester,Southampton,1,2,A,6,9,1,3,2,5,1.85,3.97,4.01,8,1,8,1,2.8,1.0,1.8,3.0,9.4,10.8,4.2,2.8,2.6,3.0
2022-08-20,Tottenham,Wolves,1,0,H,11,20,4,3,8,6,1.41,4.88,7.96,13,2,12,1,3.0,0.8,0.6,2.2,16.8,10.6,8.0,3.8,5.4,4.6
2022-08-21,Leeds,Chelsea,3,0,H,12,14,6,3,4,6,5.93,4.43,1.55,8,11,5,10,1.4,1.8,1.6,0.8,12.6,17.4,4.0,5.6,4.4,7.6
2022-08-21,Newcastle,Man City,3,3,D,12,21,6,10,5,5,8.67,5.11,1.37,10,13,12,13,1.2,3.2,1.2,1.0,11.6,20.8,4.8,5.4,6.0,7.8
2022-08-21,West Ham,Brighton,0,2,A,13,11,3,2,5,4,2.32,3.41,3.14,4,11,5,10,1.4,2.0,1.6,0.6,10.2,15.8,3.0,6.0,4.6,4.4
2022-08-22,Man United,Liverpool,2,1,H,12,17,4,5,6,8,5.22,4.38,1.6,3,11,8,11,0.8,2.0,2.2,1.2,13.2,21.0,4.6,5.4,4.6,5.0
2022-08-27,Arsenal,Fulham,2,1,H,22,11,8,3,9,2,1.32,5.77,9.44,12,6,12,3,2.8,1.2,1.0,1.4,16.0,11.6,5.2,4.0,7.0,3.8
2022-08-27,Brentford,Everton,1,1,D,19,14,5,7,8,5,2.06,3.47,3.77,7,4,10,4,2.4,1.2,1.8,2.2,13.2,12.0,5.4,4.8,4.4,4.8
2022-08-27,Brighton,Leeds,1,0,H,13,10,4,2,5,3,1.91,3.73,4.04,11,11,9,8,1.6,2.0,0.6,1.0,14.6,14.0,5.2,5.2,3.8,5.0
2022-08-27,Chelsea,Leicester,2,1,H,7,17,3,5,3,11,1.42,4.93,7.52,8,5,9,5,1.2,2.0,1.4,2.0,16.8,8.0,5.4,3.0,7.8,2.4
2022-08-27,Liverpool,Bournemouth,9,0,H,19,5,12,2,8,1,1.11,10.17,25.51,8,6,11,3,1.8,1.0,1.4,2.0,21.0,8.0,5.2,3.0,6.0,5.2
2022-08-27,Man City,Crystal Palace,4,2,H,18,2,5,2,6,1,1.19,7.56,15.25,11,7,15,5,2.8,1.4,1.4,1.4,21.8,9.4,6.4,4.4,8.4,3.4
2022-08-27,Southampton,Man United,0,1,A,17,11,5,6,5,3,4.27,4.06,1.8,4,3,4,0,1.4,0.6,2.6,2.4,8.8,13.8,2.6,4.4,2.6,5.2
2022-08-28,Aston Villa,West Ham,0,1,A,9,7,3,2,3,2,2.3,3.43,3.18,4,1,8,3,1.2,0.6,2.0,2.0,13.2,10.2,4.4,2.6,5.2,4.6
2022-08-28,Nott'm Forest,Tottenham,0,2,A,17,18,1,7,6,1,6.98,4.59,1.47,4,13,3,9,0.6666666666666666,2.6,1.0,0.6,10.666666666666666,15.8,3.6666666666666665,7.6,3.0,6.6
2022-08-28,Wolves,Newcastle,1,1,D,10,21,4,6,4,13,2.75,3.26,2.7,2,11,5,7,0.6,1.8,1.4,0.8,13.2,12.6,3.8,5.4,4.6,6.6
2022-08-30,Crystal Palace,Brentford,1,1,D,13,9,4,3,4,6,2.1,3.42,3.72,7,5,10,7,1.4,2.0,1.6,1.6,8.4,13.4,3.8,5.0,2.6,5.6
2022-08-30,Fulham,Brighton,2,1,H,10,7,3,4,3,3,3.21,3.35,2.33,5,13,4,10,1.2,1.6,1.6,0.4,12.2,14.0,3.6,4.8,4.0,4.6
2022-08-30,Leeds,Everton,1,1,D,14,7,5,2,10,2,2.14,3.57,3.46,10,2,7,5,1.8,0.8,1.0,2.0,12.2,12.4,4.6,5.0,4.0,5.0
2022-08-30,Southampton,Chelsea,2,1,H,9,10,7,4,5,3,5.22,4.16,1.65,4,10,4,7,1.2,1.4,2.4,1.4,11.4,14.2,3.2,4.6,3.4,7.2
2022-08-31,Arsenal,Aston Villa,2,1,H,22,4,9,3,10,3,1.47,4.63,7.0,15,3,15,4,3.2,1.0,0.8,2.0,18.2,10.6,6.4,3.2,7.2,3.2
2022-08-31,Bournemouth,Wolves,0,0,D,5,17,2,4,2,5,3.53,3.38,2.16,6,2,7,1,1.0,0.6,3.4,1.4,6.8,11.8,2.8,3.8,3.0,4.4
2022-08-31,Liverpool,Newcastle,2,1,H,23,5,6,2,13,0,1.31,5.81,9.58,8,9,11,8,3.2,1.6,1.2,1.0,20.0,13.6,6.6,5.8,5.8,6.8
2022-08-31,Man City,Nott'm Forest,6,0,H,17,8,9,1,10,1,1.08,12.84,30.99,13,4,15,1,3.2,0.5,1.4,1.25,19.2,12.25,5.8,3.0,7.8,3.75
2022-08-31,West Ham,Tottenham,1,1,D,14,13,4,4,3,4,3.63,3.74,2.01,3,13,2,9,0.4,2.8,1.6,0.6,10.4,15.2,2.6,7.4,4.2,5.2
2022-09-01,Leicester,Man United,0,1,A,10,9,2,2,1,3,3.41,3.81,2.07,4,6,7,3,2.0,0.8,2.2,1.6,11.0,13.0,3.8,4.6,4.6,4.6
2022-09-03,Aston Villa,Man City,1,1,D,3,13,1,4,1,4,8.75,5.63,1.34,3,13,5,11,0.8,3.8,1.8,1.0,10.6,17.8,3.4,6.6,3.6,7.2
2022-09-03,Brentford,Leeds,5,2,H,14,17,8,6,2,6,2.17,3.59,3.33,6,8,8,5,2.0,1.6,1.4,1.0,12.4,12.2,4.6,4.4,6.2,5.6
2022-09-03,Chelsea,West Ham,2,1,H,8,6,3,3,10,3,1.55,4.38,6.03,7,4,9,6,1.2,0.4,1.6,1.2,12.4,11.8,3.8,3.0,7.2,3.6
2022-09-03,Everton,Liverpool,0,0,D,14,23,3,8,7,9,7.77,5.06,1.4,3,8,7,10,0.8,3.0,1.2,1.2,12.6,18.8,5.0,6.2,5.0,7.4
2022-09-03,Newcastle,Crystal Palace,0,0,D,23,19,6,9,13,5,2.05,3.48,3.8,6,5,10,5,1.4,1.4,1.2,1.8,13.0,9.8,5.0,4.0,6.4,2.8
2022-09-03,Nott'm Forest,Bournemouth,2,3,A,11,8,3,3,4,6,2.02,3.47,3.89,4,4,3,3,0.4,0.4,2.2,3.2,11.4,5.2,2.6,1.8,3.2,2.4
2022-09-03,Tottenham,Fulham,2,1,H,23,9,10,3,10,3,1.49,4.62,6.54,11,8,15,2,2.0,1.6,0.8,1.4,14.0,11.4,5.6,4.2,5.6,3.6
2022-09-03,Wolves,Southampton,1,0,H,7,12,2,1,5,6,2.24,3.4,3.33,3,7,3,4,0.4,1.4,0.8,1.8,13.8,11.8,3.6,4.2,4.8,3.8
2022-09-04,Brighton,Leicester,5,2,H,23,6,11,4,10,1,1.87,3.6,4.43,10,1,11,4,1.2,1.2,0.6,2.2,11.8,10.6,4.2,3.0,4.2,4.2
2022-09-04,Man United,Arsenal,3,1,H,10,16,6,3,2,5,2.61,3.55,2.67,9,15,10,9,1.0,2.6,1.4,0.8,12.8,17.4,4.2,6.4,4.0,6.8
2022-09-16,Aston Villa,Southampton,1,0,H,11,7,3,1,6,3,2.1,3.55,3.53,4,7,6,3,1.0,1.2,1.6,1.2,8.2,12.2,3.2,4.0,2.8,4.6
2022-09-16,Nott'm Forest,Fulham,2,3,A,11,15,3,7,2,10,2.81,3.4,2.57,4,7,3,2,0.8,1.4,2.4,1.4,12.6,11.4,3.2,4.2,3.8,3.4
2022-09-17,Newcastle,Bournemouth,1,1,D,20,10,7,3,8,1,1.47,4.47,7.39,4,4,8,6,1.0,0.6,1.2,3.6,13.0,5.4,4.2,1.8,6.8,2.6
2022-09-17,Tottenham,Leicester,6,2,H,16,19,11,7,6,1,1.49,4.59,6.7,11,0,15,4,1.6,1.2,0.8,2.8,15.0,9.0,6.0,2.8,5.6,3.4
2022-09-17,Wolves,Man City,0,3,A,6,16,1,7,5,7,9.25,5.47,1.34,6,11,6,9,0.4,3.6,0.4,1.2,12.2,17.6,2.8,7.0,5.0,7.2
2022-09-18,Brentford,Arsenal,0,3,A,5,13,2,7,3,3,4.3,3.91,1.81,8,12,10,6,2.6,2.4,1.4,1.4,13.6,18.6,5.6,6.6,5.4,6.8
2022-09-18,Everton,West Ham,1,0,H,7,14,2,4,5,14,2.95,3.31,2.5,4,4,5,6,0.8,0.6,1.0,1.2,13.8,11.8,4.8,3.4,5.6,4.0
2022-10-01,Arsenal,Tottenham,3,1,H,22,7,9,3,5,2,2.08,3.7,3.48,12,13,15,9,2.2,2.4,1.0,0.8,17.4,16.2,6.6,7.2,6.2,5.8
2022-10-01,Bournemouth,Brentford,0,0,D,7,13,1,4,7,8,3.36,3.44,2.21,5,5,7,5,0.8,1.8,3.0,2.0,6.8,12.0,2.2,4.6,2.6,4.4
2022-10-01,Crystal Palace,Chelsea,1,2,A,7,13,3,3,5,2,4.29,3.57,1.9,6,7,10,6,1.4,1.4,1.4,1.8,11.6,11.0,5.4,3.2,3.2,6.0
2022-10-01,Fulham,Newcastle,1,4,A,3,19,1,10,1,8,3.04,3.46,2.37,9,4,7,5,2.0,1.2,1.8,1.4,12.6,16.2,5.0,5.4,4.8,7.8
2022-10-01,Liverpool,Brighton,3,3,D,15,6,7,6,9,2,1.37,5.33,8.25,8,10,11,10,2.6,1.8,0.8,0.8,21.2,13.4,7.0,5.6,8.4,5.8
2022-10-01,Southampton,Everton,1,2,A,22,12,6,5,7,6,2.19,3.41,3.44,6,7,4,3,0.8,0.8,1.0,0.6,10.8,12.2,3.4,4.4,4.8,5.0
2022-10-01,West Ham,Wolves,2,0,H,18,15,5,4,1,6,1.96,3.48,4.12,4,5,2,2,0.6,0.4,1.2,1.0,10.8,12.0,3.2,2.8,5.4,5.0
2022-10-02,Leeds,Aston Villa,0,0,D,9,19,1,7,2,9,2.36,3.46,3.03,5,4,8,3,1.6,0.8,1.8,1.4,13.2,8.0,4.8,3.0,5.6,3.0
2022-10-02,Man City,Man United,6,3,H,22,12,10,8,5,1,1.35,5.7,8.0,11,12,15,6,3.4,1.4,1.2,1.2,17.0,11.4,7.0,4.4,6.4,3.2
2022-10-03,Leicester,Nott'm Forest,4,0,H,17,10,7,3,6,6,1.76,4.05,4.41,0,1,7,1,1.2,1.0,3.2,3.0,11.6,12.2,3.8,2.6,3.2,3.0
2022-10-08,Bournemouth,Leicester,2,1,H,10,9,4,5,7,2,3.53,3.63,2.09,6,3,5,1,0.8,1.8,2.4,2.8,7.0,13.8,2.2,5.0,3.4,4.0
2022-10-08,Brighton,Tottenham,0,1,A,14,8,4,3,6,2,2.76,3.47,2.58,10,10,13,8,2.4,2.4,1.4,1.4,12.0,15.4,5.4,7.0,4.8,4.6
2022-10-08,Chelsea,Wolves,3,0,H,20,8,7,2,4,2,1.4,4.82,8.5,9,5,11,1,1.4,0.4,1.6,1.2,10.4,11.0,3.2,3.0,4.8,5.0
2022-10-08,Man City,Southampton,4,0,H,21,5,8,0,9,1,1.12,10.3,21.15,13,3,15,3,4.0,0.6,1.2,1.2,17.2,13.4,7.0,4.0,6.4,5.2
2022-10-08,Newcastle,Brentford,5,1,H,16,6,6,3,9,5,1.8,3.92,4.38,6,6,9,6,1.4,1.4,1.0,1.4,17.6,12.0,6.2,4.4,8.4,5.4
2022-10-09,Arsenal,Liverpool,3,2,H,11,8,7,3,4,3,2.58,3.72,2.62,12,8,15,8,2.2,3.0,1.2,1.2,19.0,19.4,7.2,7.6,6.4,9.4
2022-10-09,Crystal Palace,Leeds,2,1,H,13,10,5,4,5,3,2.07,3.62,3.57,5,5,7,4,1.4,1.2,1.6,1.4,11.6,12.4,5.4,4.0,3.8,5.0
2022-10-09,Everton,Man United,1,2,A,11,12,2,4,5,4,3.56,3.58,2.09,9,12,8,6,1.0,2.0,0.6,1.6,10.8,10.8,3.8,5.2,5.0,3.0
2022-10-09,West Ham,Fulham,3,1,H,17,8,8,2,4,2,1.78,3.9,4.56,7,6,5,5,1.0,1.6,0.8,2.2,11.8,9.6,3.6,3.4,4.6,3.8
2022-10-10,Nott'm Forest,Aston Villa,1,1,D,6,12,3,2,1,4,3.35,3.49,2.19,0,5,3,1,0.8,0.6,3.6,0.8,11.4,9.2,2.2,3.4,3.8,4.4
2022-10-14,Brentford,Brighton,2,0,H,7,21,3,7,2,11,3.21,3.44,2.3,5,7,7,8,1.4,2.0,2.2,1.6,9.4,12.6,4.0,5.8,4.8,5.2
2022-10-15,Fulham,Bournemouth,2,2,D,19,10,4,6,5,6,1.89,3.72,4.13,6,9,7,7,1.6,1.2,2.4,0.8,9.0,8.0,3.2,2.6,3.8,4.6
2022-10-15,Leicester,Crystal Palace,0,0,D,14,8,5,1,9,2,2.31,3.49,3.12,3,5,7,3,1.8,1.2,2.8,1.6,12.2,10.8,5.0,4.6,2.2,4.0
2022-10-15,Tottenham,Everton,2,0,H,21,4,7,0,7,1,1.49,4.56,6.81,10,8,15,5,2.2,1.0,1.4,0.8,13.4,10.2,6.2,2.8,4.8,5.0
2022-10-15,Wolves,Nott'm Forest,1,0,H,9,10,2,2,4,5,1.72,3.81,5.13,4,1,6,1,0.2,1.0,1.6,3.4,10.6,9.2,2.6,2.6,4.6,2.8
2022-10-16,Aston Villa,Chelsea,0,2,A,18,8,7,4,7,1,4.54,3.69,1.82,6,12,8,9,0.8,2.0,0.8,1.0,9.8,11.6,3.2,4.0,4.6,4.4
2022-10-16,Leeds,Arsenal,0,1,A,16,9,4,4,6,3,5.83,4.41,1.56,2,12,9,9,0.8,2.4,1.8,1.4,12.0,16.8,3.6,7.0,4.8,5.4
2022-10-16,Liverpool,Man City,1,0,H,13,16,2,6,5,6,3.74,4.06,1.91,8,13,11,9,3.2,4.0,1.4,0.8,17.6,17.8,7.2,7.6,8.4,7.0
2022-10-16,Man United,Newcastle,0,0,D,15,9,2,2,4,4,2.0,3.78,3.65,12,8,10,8,2.0,2.2,1.6,1.0,10.8,16.6,5.2,6.2,2.6,7.6
2022-10-16,Southampton,West Ham,1,1,D,10,25,8,4,4,14,2.96,3.42,2.44,3,7,4,3,0.6,1.4,1.8,1.0,11.0,13.8,3.0,4.8,4.4,5.0
2022-10-18,Brighton,Nott'm Forest,0,0,D,19,3,7,0,9,1,1.4,4.91,8.19,4,1,10,1,1.8,1.0,2.0,2.4,14.2,9.6,6.4,2.8,6.4,3.6
2022-10-18,Crystal Palace,Wolves,2,1,H,14,10,4,4,4,3,2.29,3.19,3.46,6,6,7,1,0.8,0.4,0.8,1.6,12.0,9.0,4.4,2.2,4.2,4.4
2022-10-19,Bournemouth,Southampton,0,1,A,15,9,3,3,7,3,2.72,3.33,2.69,9,1,8,3,1.6,0.4,1.2,1.8,9.0,11.2,3.4,3.2,5.4,4.2
2022-10-19,Brentford,Chelsea,0,0,D,8,14,5,5,6,2,4.79,3.92,1.74,7,12,10,9,1.6,2.0,2.0,0.8,9.0,11.8,4.0,4.2,4.0,4.0
2022-10-19,Liverpool,West Ham,1,0,H,22,8,7,3,8,3,1.44,5.01,6.96,8,7,11,4,1.6,1.4,1.4,1.0,16.4,16.0,5.2,4.8,7.8,7.2
2022-10-19,Man United,Tottenham,2,0,H,28,9,10,2,8,3,2.45,3.57,2.86,10,12,10,8,1.8,2.4,1.6,1.2,11.6,15.0,4.4,6.8,2.8,5.4
2022-10-19,Newcastle,Everton,1,0,H,16,1,4,0,8,2,1.64,4.05,5.46,9,7,9,5,2.0,0.8,0.6,1.0,17.4,9.6,6.2,2.4,8.4,4.8
2022-10-20,Fulham,Aston Villa,3,0,H,18,12,8,6,9,7,2.88,3.42,2.51,4,6,8,2,1.6,0.6,2.6,0.8,10.8,12.6,3.4,4.0,4.2,5.4
2022-10-20,Leicester,Leeds,2,0,H,5,14,1,2,2,9,2.32,3.58,3.03,4,2,5,4,1.8,0.8,2.6,1.8,13.0,13.2,5.6,4.0,3.8,5.4
2022-10-22,Chelsea,Man United,1,1,D,6,13,2,6,6,4,2.14,3.51,3.5,13,10,13,9,1.8,2.0,0.4,1.6,12.6,15.4,4.4,6.0,3.8,3.8
2022-10-22,Everton,Crystal Palace,3,0,H,9,9,6,2,3,4,2.58,3.18,2.96,6,8,5,3,0.8,1.0,1.2,0.8,7.0,12.2,1.8,4.4,3.8,4.2
2022-10-22,Man City,Brighton,3,1,H,10,8,4,2,7,3,1.21,6.94,14.36,10,5,15,7,2.8,1.6,1.0,1.6,17.6,16.6,7.0,7.0,6.2,7.6
2022-10-22,Nott'm Forest,Liverpool,1,0,H,10,15,7,7,2,11,11.31,6.19,1.26,2,8,4,5,0.6,1.4,1.8,1.2,8.0,16.2,2.2,5.4,3.0,6.8
2022-10-23,Aston Villa,Brentford,4,0,H,19,12,11,3,7,6,2.14,3.5,3.49,5,5,7,3,0.4,0.6,1.2,1.6,14.4,7.8,5.0,3.4,6.6,4.8
2022-10-23,Leeds,Fulham,2,3,A,14,11,5,5,3,6,2.06,3.62,3.59,1,7,8,4,0.6,2.0,2.0,2.2,13.2,12.6,3.4,4.4,5.2,5.4
2022-10-23,Southampton,Arsenal,1,1,D,10,12,3,3,9,4,5.78,4.27,1.58,4,12,5,12,0.6,2.2,1.6,1.2,10.6,14.2,3.6,6.0,3.6,4.0
2022-10-23,Tottenham,Newcastle,1,2,A,17,13,5,5,6,7,2.09,3.58,3.53,9,11,15,6,2.0,2.2,1.4,0.6,12.2,16.0,5.2,5.8,4.0,7.4
2022-10-23,Wolves,Leicester,0,4,A,21,5,5,4,9,2,2.3,3.38,3.24,3,7,8,0,0.4,1.8,2.0,1.6,9.6,12.8,2.6,5.0,4.0,4.0
2022-10-24,West Ham,Bournemouth,2,0,H,20,5,4,3,5,0,1.55,4.16,6.2,7,6,7,5,1.2,1.0,0.8,1.0,16.4,10.4,4.8,3.4,7.2,5.6
2022-10-29,Bournemouth,Tottenham,2,3,A,6,23,4,7,2,19,5.1,3.91,1.69,5,6,5,7,0.8,1.0,1.2,1.4,9.4,12.4,3.4,4.0,5.4,4.0
2022-10-29,Brentford,Wolves,1,1,D,12,14,3,4,3,6,2.2,3.46,3.33,5,3,8,1,0.6,0.4,1.8,2.2,9.2,12.6,3.6,3.4,5.4,4.8
2022-10-29,Brighton,Chelsea,4,1,H,19,15,9,7,8,7,3.03,3.34,2.41,2,11,8,7,0.8,1.6,1.8,0.4,13.6,12.2,5.2,4.2,6.2,3.0
2022-10-29,Crystal Palace,Southampton,1,0,H,12,14,3,4,8,4,1.95,3.57,4.03,7,5,10,6,1.0,0.8,1.4,1.6,10.2,11.2,3.0,4.0,4.0,4.8
2022-10-29,Fulham,Everton,0,0,D,24,9,6,4,13,4,2.36,3.43,3.07,7,6,10,5,2.0,1.2,2.2,1.2,11.8,7.4,4.0,2.6,4.6,3.4
2022-10-29,Leicester,Man City,0,1,A,10,15,5,5,3,10,9.66,6.09,1.29,10,12,7,8,2.2,3.2,0.4,1.0,10.0,17.0,4.4,7.0,4.2,6.8
2022-10-29,Liverpool,Leeds,1,2,A,22,14,10,6,14,5,1.3,6.07,9.16,7,1,13,1,1.4,0.6,1.4,1.6,14.6,12.6,5.2,3.2,7.2,4.6
2022-10-29,Newcastle,Aston Villa,4,0,H,20,3,7,0,3,0,1.83,3.73,4.41,13,5,9,2,2.4,1.0,0.6,1.2,14.6,16.0,5.4,6.6,7.2,6.8
2022-10-30,Arsenal,Nott'm Forest,5,0,H,24,5,10,2,9,4,1.2,6.96,14.82,13,5,15,2,2.2,0.4,0.8,1.2,13.4,7.8,6.0,3.0,3.8,3.0
2022-10-30,Man United,West Ham,1,0,H,16,13,3,5,5,10,1.7,4.02,4.85,8,10,10,4,1.6,1.6,1.6,0.6,16.0,17.6,6.0,4.8,4.2,5.4
2022-11-05,Everton,Leicester,0,2,A,12,22,2,8,8,3,2.43,3.33,3.03,4,7,8,3,0.8,1.4,1.0,0.6,6.8,8.6,2.4,4.0,3.0,3.6
2022-11-05,Leeds,Bournemouth,4,3,H,18,9,4,6,13,3,1.74,3.93,4.73,3,4,5,5,1.0,1.2,1.8,1.8,13.6,9.2,4.2,4.0,5.2,4.4
2022-11-05,Man City,Fulham,2,1,H,16,4,5,2,9,0,1.13,9.74,19.8,12,8,15,6,2.8,1.8,1.0,1.4,16.8,16.0,6.6,5.0,7.4,7.0
2022-11-05,Nott'm Forest,Brentford,2,2,D,15,6,7,2,3,3,2.78,3.39,2.59,5,5,4,2,0.4,0.8,1.4,2.0,6.8,9.0,2.8,3.4,2.6,4.4
2022-11-05,Wolves,Brighton,2,3,A,8,19,5,8,4,9,3.39,3.33,2.24,4,4,7,4,0.6,1.0,2.0,1.4,12.4,16.2,3.4,5.8,4.8,7.4
2022-11-06,Aston Villa,Man United,3,1,H,6,8,4,3,3,5,3.39,3.54,2.15,4,11,7,10,1.0,1.2,2.0,0.4,12.8,16.8,5.2,5.0,5.0,5.0
2022-11-06,Chelsea,Arsenal,0,1,A,5,14,1,2,4,6,2.64,3.42,2.7,8,13,11,10,1.4,2.6,1.0,0.8,12.6,15.6,5.0,6.6,4.0,5.0
2022-11-06,Southampton,Newcastle,1,4,A,16,7,5,4,8,2,4.02,3.66,1.92,5,13,5,8,0.6,2.4,1.4,0.4,9.6,14.8,3.6,4.8,4.2,6.2
2022-11-06,Tottenham,Liverpool,1,2,A,14,13,5,6,5,3,3.28,3.67,2.16,9,6,12,2,1.4,1.0,1.2,1.2,15.6,16.0,4.8,5.8,7.4,8.2
2022-11-06,West Ham,Crystal Palace,1,2,A,5,15,2,6,2,5,1.94,3.49,4.18,7,10,10,3,1.2,1.0,0.8,1.0,16.6,11.2,4.8,3.0,7.2,4.6
2022-11-12,Bournemouth,Everton,3,0,H,16,15,9,3,3,5,2.86,3.25,2.6,1,4,5,5,1.4,0.6,2.4,1.0,9.0,7.0,4.4,2.4,3.6,3.6
2022-11-12,Liverpool,Southampton,3,1,H,15,9,7,5,6,0,1.25,6.52,11.38,9,5,10,3,1.0,0.8,0.8,1.4,17.0,11.8,6.4,4.6,8.2,5.6
2022-11-12,Man City,Brentford,1,2,A,29,10,6,8,10,2,1.14,8.92,19.14,12,6,15,3,2.0,1.0,0.6,1.4,15.6,9.0,5.6,3.2,8.2,4.0
2022-11-12,Newcastle,Chelsea,1,0,H,10,5,3,2,5,3,2.33,3.44,3.11,13,5,11,7,2.2,0.8,0.4,1.2,13.0,9.6,4.4,3.8,4.8,4.0
2022-11-12,Nott'm Forest,Crystal Palace,1,0,H,9,8,2,0,1,5,3.12,3.24,2.43,5,10,5,5,0.6,1.0,1.6,1.0,8.6,11.6,3.6,3.2,3.0,4.6
2022-11-12,Tottenham,Leeds,4,3,H,14,12,8,5,9,2,1.64,4.26,5.04,6,6,9,3,1.4,1.6,1.6,2.0,16.8,15.2,5.2,4.2,8.0,7.2
2022-11-12,West Ham,Leicester,0,2,A,18,9,6,6,7,2,2.09,3.51,3.6,4,10,10,6,0.8,1.6,1.0,0.2,14.2,11.2,3.6,4.6,6.8,3.8
2022-11-12,Wolves,Arsenal,0,2,A,11,14,2,4,6,4,6.15,4.26,1.55,4,13,6,10,1.0,2.2,2.0,0.6,12.4,14.0,4.0,5.2,5.2,5.2
2022-11-13,Brighton,Aston Villa,1,2,A,7,8,2,2,11,4,1.86,3.71,4.21,7,6,10,2,1.6,1.4,1.6,2.0,17.2,11.6,6.6,5.6,8.0,4.8
2022-11-13,Fulham,Man United,1,2,A,14,14,7,9,10,3,3.91,3.88,1.89,8,8,8,7,1.8,1.0,1.2,0.8,15.2,16.0,5.0,4.8,6.6,5.2
2022-12-26,Arsenal,West Ham,3,1,H,16,8,5,4,7,5,1.51,4.39,6.52,13,3,15,1,2.0,0.6,0.2,1.2,14.6,12.8,4.6,4.0,5.2,5.4
2022-12-26,Aston Villa,Liverpool,1,3,A,12,16,6,9,0,6,4.51,4.04,1.75,9,9,10,4,1.8,1.4,1.8,1.0,9.6,17.4,4.6,7.4,4.2,8.4
2022-12-26,Brentford,Tottenham,2,2,D,9,16,5,8,6,5,3.85,3.74,1.95,6,6,8,7,1.0,1.8,1.6,2.2,9.6,15.4,4.2,5.4,4.0,8.4
2022-12-26,Crystal Palace,Fulham,0,3,A,4,23,0,11,1,8,2.07,3.55,3.58,9,7,10,6,1.0,1.6,1.2,1.2,11.6,14.2,3.0,5.6,5.2,7.6
2022-12-26,Everton,Wolves,1,2,A,12,7,6,4,2,2,2.35,3.25,3.24,4,1,7,2,0.6,0.8,1.2,2.4,9.2,12.8,3.0,4.0,4.4,5.6
2022-12-26,Leicester,Newcastle,0,3,A,8,12,2,5,5,5,3.24,3.54,2.21,12,15,7,10,2.0,2.4,0.2,0.4,10.2,13.2,4.8,4.6,2.4,5.0
2022-12-26,Southampton,Brighton,1,3,A,14,7,4,4,4,2,3.4,3.51,2.15,4,7,5,4,0.8,1.8,1.8,1.6,11.6,14.4,4.0,5.6,4.8,8.0
2022-12-27,Chelsea,Bournemouth,2,0,H,15,9,5,4,6,8,1.32,5.46,9.72,2,3,10,5,0.4,1.6,1.4,2.0,9.0,10.2,3.4,5.0,4.4,3.0
2022-12-27,Man United,Nott'm Forest,3,0,H,17,8,8,3,9,9,1.31,5.51,10.4,10,8,13,1,1.4,0.8,1.0,1.4,15.8,8.4,6.2,3.6,5.0,2.2
2022-12-28,Leeds,Man City,1,3,A,9,26,1,9,3,5,9.46,5.99,1.3,6,9,5,8,2.2,1.4,2.6,1.0,14.4,17.2,4.4,5.2,6.4,8.4
2022-12-30,Liverpool,Leicester,2,1,H,21,7,5,2,4,5,1.3,6.03,9.64,9,9,10,9,1.8,1.6,1.2,0.8,16.2,10.8,7.8,5.0,8.0,3.0
2022-12-30,West Ham,Brentford,0,2,A,20,9,5,6,8,1,2.06,3.59,3.64,3,6,9,5,0.8,1.4,1.6,2.0,12.8,9.8,4.2,4.2,5.8,4.0
2022-12-31,Bournemouth,Crystal Palace,0,2,A,6,15,2,6,2,7,2.91,3.27,2.55,3,6,7,5,1.6,0.6,2.2,1.6,9.0,9.6,5.2,2.2,3.2,4.6
2022-12-31,Brighton,Arsenal,2,4,A,9,14,5,7,7,4,3.46,3.56,2.12,9,13,7,13,2.4,2.4,1.8,0.4,12.0,16.0,5.0,4.8,6.6,6.0
2022-12-31,Fulham,Southampton,2,1,H,8,9,2,3,4,4,2.02,3.57,3.77,7,1,5,3,1.6,0.8,1.2,2.4,15.2,12.6,6.2,4.2,7.4,5.0
2022-12-31,Man City,Everton,1,1,D,16,2,3,1,7,1,1.14,8.61,21.51,12,4,12,4,2.0,0.8,1.0,1.4,19.2,11.4,5.8,4.2,8.2,4.4
2022-12-31,Newcastle,Leeds,0,0,D,16,8,5,1,9,3,1.47,4.73,6.73,15,6,13,3,2.8,2.4,0.4,2.8,12.4,13.4,4.8,4.2,4.4,5.2
2022-12-31,Wolves,Man United,0,1,A,10,16,3,6,7,5,4.09,3.64,1.92,4,10,3,7,1.0,1.6,2.2,1.0,12.2,13.6,4.0,5.8,5.4,5.2
2023-01-01,Nott'm Forest,Chelsea,1,1,D,12,7,5,2,1,2,5.21,3.88,1.69,7,4,8,7,0.8,0.8,2.0,1.4,9.4,9.2,4.2,3.4,3.8,5.2
2023-01-01,Tottenham,Aston Villa,0,2,A,6,13,2,4,5,3,1.68,4.06,4.94,7,9,9,5,2.2,2.0,2.2,1.8,16.8,9.6,6.6,4.6,8.8,2.8
2023-01-02,Brentford,Liverpool,3,1,H,10,16,7,6,4,9,5.65,4.52,1.56,9,12,6,7,1.8,2.2,1.2,1.2,9.2,17.4,4.8,7.4,3.0,6.6
2023-01-03,Arsenal,Newcastle,0,0,D,17,8,4,1,5,5,1.82,3.83,4.39,15,13,15,13,3.0,2.4,0.6,0.2,16.4,13.0,5.6,4.8,6.0,4.8
2023-01-03,Everton,Brighton,1,4,A,10,19,4,8,5,2,3.56,3.46,2.13,2,9,6,7,0.4,2.6,1.6,2.0,10.0,12.2,3.2,5.6,4.0,7.4
2023-01-03,Leicester,Fulham,0,1,A,15,11,6,2,6,3,2.23,3.63,3.16,6,7,7,9,1.0,1.4,1.2,1.0,11.2,14.6,4.6,5.6,3.6,7.0
2023-01-03,Man United,Bournemouth,3,0,H,18,7,6,4,6,5,1.29,5.94,10.56,12,3,13,2,1.6,1.6,0.8,2.2,14.2,9.2,5.8,5.0,5.4,3.6
2023-01-04,Aston Villa,Wolves,1,1,D,13,10,4,3,7,8,1.99,3.57,3.86,9,4,9,4,1.6,1.0,1.8,1.6,8.4,10.0,3.2,3.6,2.0,5.0
2023-01-04,Crystal Palace,Tottenham,0,4,A,19,14,4,6,10,4,3.34,3.48,2.19,9,7,9,7,1.0,2.0,1.0,2.2,10.8,14.6,3.0,6.0,5.2,8.6
2023-01-04,Leeds,West Ham,2,2,D,14,15,6,2,8,1,2.62,3.52,2.65,7,0,4,1,2.0,0.4,2.2,2.0,12.2,12.8,3.4,4.4,5.2,6.4
2023-01-04,Southampton,Nott'm Forest,0,1,A,8,11,0,1,6,2,2.03,3.46,3.82,0,5,2,1,0.8,0.8,2.6,2.2,12.4,9.8,4.2,3.8,4.0,3.6
2023-01-05,Chelsea,Man City,0,1,A,8,12,2,3,3,2,5.17,4.03,1.66,4,10,10,10,0.8,1.6,1.4,1.0,9.4,20.4,3.4,5.6,4.4,8.2
2023-01-12,Fulham,Chelsea,2,1,H,8,20,3,10,5,7,3.36,3.54,2.18,9,4,8,5,1.6,0.6,1.0,0.8,12.0,8.0,4.8,2.4,5.0,3.6
2023-01-13,Aston Villa,Leeds,2,1,H,11,16,5,4,0,11,1.94,3.63,4.02,10,5,7,4,1.8,2.0,1.2,2.4,10.4,12.2,4.0,3.4,3.4,5.8
2023-01-14,Brentford,Bournemouth,2,0,H,12,7,4,2,5,3,1.66,4.09,5.2,11,3,9,1,2.2,1.2,1.2,2.2,8.8,9.4,5.6,5.0,3.2,4.2
2023-01-14,Brighton,Liverpool,3,0,H,16,6,9,2,7,1,3.31,3.76,2.12,9,12,4,6,2.6,2.2,2.0,1.4,12.2,16.2,5.4,6.6,6.2,5.6
2023-01-14,Everton,Southampton,1,2,A,12,13,4,5,6,4,2.25,3.39,3.32,1,0,3,3,0.6,0.8,2.4,2.6,10.2,11.2,3.2,3.4,4.2,4.4
2023-01-14,Man United,Man City,2,1,H,8,5,4,1,1,2,4.21,3.9,1.84,12,10,13,12,2.0,1.6,0.8,1.0,14.6,19.8,6.4,5.2,5.6,6.6
2023-01-14,Nott'm Forest,Leicester,2,0,H,15,6,5,1,3,5,2.72,3.4,2.65,8,6,9,9,1.0,1.0,1.2,1.2,11.0,12.2,3.6,4.8,3.2,4.2
2023-01-14,Wolves,West Ham,1,0,H,17,16,4,4,4,3,2.7,3.27,2.75,4,1,3,2,1.0,0.8,1.6,2.2,9.2,13.2,3.4,3.8,5.4,4.6
2023-01-15,Chelsea,Crystal Palace,1,0,H,15,10,5,5,11,7,1.66,3.93,5.47,4,6,7,7,0.8,0.8,1.0,1.8,11.0,12.2,4.2,3.2,4.2,5.6
2023-01-15,Newcastle,Fulham,1,0,H,20,5,5,0,10,5,1.52,4.42,6.32,11,12,13,9,1.6,1.8,0.2,0.8,10.6,12.8,3.6,5.0,5.2,6.0
2023-01-15,Tottenham,Arsenal,0,2,A,17,14,7,5,4,3,3.24,3.63,2.18,7,13,6,13,2.2,2.0,1.8,0.6,12.8,15.0,5.8,4.4,5.6,5.2
2023-01-18,Crystal Palace,Man United,1,1,D,10,15,5,4,3,3,4.56,3.78,1.8,3,15,9,10,0.4,2.2,1.8,0.4,11.2,14.6,3.0,6.6,6.0,4.8
2023-01-19,Man City,Tottenham,4,2,H,16,9,6,3,8,3,1.37,5.41,8.06,7,7,10,10,1.4,2.0,1.2,1.8,17.6,13.4,4.4,6.2,5.2,5.4
2023-01-21,Bournemouth,Nott'm Forest,1,1,D,16,20,4,5,4,6,2.76,3.18,2.76,3,10,6,4,0.6,1.0,1.8,0.8,9.0,11.0,4.2,3.2,4.2,3.2
2023-01-21,Crystal Palace,Newcastle,0,0,D,6,16,1,7,3,15,4.4,3.58,1.88,4,11,7,11,0.6,1.0,1.8,0.0,11.6,13.2,4.0,3.8,5.6,6.8
2023-01-21,Leicester,Brighton,2,2,D,9,13,2,4,5,6,3.51,3.65,2.08,3,9,4,9,0.6,2.6,1.6,1.6,9.0,11.6,3.4,5.6,4.6,5.8
2023-01-21,Liverpool,Chelsea,0,0,D,15,11,3,2,5,5,1.89,3.82,4.08,9,7,12,2,1.8,1.0,1.8,0.8,14.8,13.0,5.8,4.8,5.2,5.8
2023-01-21,Southampton,Aston Villa,0,1,A,8,16,5,5,2,2,2.88,3.38,2.53,3,10,2,7,1.0,1.6,2.0,1.2,10.6,11.4,3.4,4.2,3.6,2.8
2023-01-21,West Ham,Everton,2,0,H,11,5,4,2,4,9,1.8,3.68,4.76,1,1,6,2,0.6,0.8,2.0,2.4,15.4,10.2,4.2,3.6,4.8,3.8
2023-01-22,Arsenal,Man United,3,2,H,25,6,5,4,12,4,1.86,3.86,4.08,13,13,13,8,2.2,2.0,0.6,0.4,15.0,14.8,5.0,5.6,4.6,4.8
2023-01-22,Leeds,Brentford,0,0,D,9,6,5,0,2,3,2.38,3.67,2.89,2,13,4,7,1.4,2.2,2.2,0.8,11.8,10.0,3.4,6.0,5.4,3.6
2023-01-22,Man City,Wolves,3,0,H,13,10,7,1,5,7,1.2,7.38,14.81,10,7,10,5,2.0,0.8,1.2,1.0,15.0,11.0,4.4,3.2,4.8,5.4
2023-01-23,Fulham,Tottenham,0,1,A,10,10,5,3,3,8,3.25,3.75,2.13,12,4,10,7,1.6,1.6,0.6,2.0,11.0,12.4,3.6,5.2,5.0,4.2
2023-02-03,Chelsea,Fulham,0,0,D,12,10,3,4,6,2,1.64,4.05,5.55,5,9,7,9,0.6,1.0,0.8,0.8,12.2,8.4,4.2,2.4,5.6,4.0
2023-02-04,Aston Villa,Leicester,2,4,A,19,9,4,5,11,3,1.99,3.64,3.83,10,1,10,9,1.4,0.6,1.0,2.0,13.0,9.0,4.8,2.6,2.4,5.2
2023-02-04,Brentford,Southampton,3,0,H,14,14,4,6,4,4,1.89,3.64,4.21,11,3,9,6,1.8,0.8,0.6,1.6,9.2,10.4,4.4,3.4,3.8,4.0
2023-02-04,Brighton,Bournemouth,1,0,H,20,12,6,2,7,3,1.35,5.22,9.18,10,1,7,0,2.8,0.2,1.6,2.0,12.8,9.0,6.0,3.2,4.8,4.4
2023-02-04,Everton,Arsenal,1,0,H,12,15,4,3,7,5,8.22,4.75,1.41,1,13,3,13,0.8,2.4,2.2,1.0,8.2,17.2,3.4,5.2,4.6,6.2
2023-02-04,Man United,Crystal Palace,2,1,H,14,10,5,3,5,5,1.4,4.83,8.33,10,5,15,6,1.8,0.6,1.0,1.2,12.6,12.0,4.8,4.2,3.8,6.0
2023-02-04,Newcastle,West Ham,1,1,D,8,10,2,1,4,2,1.62,3.92,6.03,9,4,13,1,0.8,1.0,0.0,1.6,14.4,14.0,4.6,3.8,8.8,4.2
2023-02-04,Wolves,Liverpool,3,0,H,12,22,6,4,2,7,4.02,3.85,1.88,7,7,3,6,0.8,1.2,1.2,1.6,10.8,14.8,3.0,5.0,5.6,5.0
2023-02-05,Nott'm Forest,Leeds,1,0,H,6,10,2,4,0,2,2.64,3.43,2.71,8,3,11,4,1.0,0.8,1.0,1.4,13.2,11.2,3.8,3.4,4.2,5.4
2023-02-05,Tottenham,Man City,1,0,H,12,15,3,5,4,6,4.43,4.16,1.75,6,10,3,9,1.4,2.0,1.6,1.0,11.2,12.4,4.2,4.0,4.8,4.8
2023-02-08,Man United,Leeds,2,2,D,24,8,7,2,6,5,1.47,4.83,6.54,10,3,15,4,2.0,0.6,1.2,1.0,12.2,11.4,4.6,4.0,3.8,5.2
2023-02-11,Arsenal,Brentford,1,1,D,23,9,7,2,7,4,1.45,4.72,7.52,10,13,13,8,1.8,2.0,1.0,0.2,17.0,10.2,4.8,4.2,5.8,3.4
2023-02-11,Bournemouth,Newcastle,1,1,D,11,15,5,7,4,6,6.39,4.06,1.57,1,7,4,11,0.2,0.4,1.8,0.2,9.6,13.6,2.8,4.0,3.4,8.6
2023-02-11,Crystal Palace,Brighton,1,1,D,6,17,1,7,1,6,3.81,3.51,2.04,2,10,5,10,0.4,2.4,1.6,1.4,11.0,15.4,3.6,6.4,5.6,5.8
2023-02-11,Fulham,Nott'm Forest,2,0,H,16,10,3,1,5,4,1.93,3.56,4.22,7,11,7,5,0.6,1.2,0.6,0.4,8.8,12.8,2.8,3.6,3.6,2.4
2023-02-11,Leicester,Tottenham,4,1,H,15,11,7,4,1,5,3.39,3.64,2.13,4,9,4,10,1.4,1.6,1.8,1.2,9.2,12.4,3.2,4.4,4.8,4.6
2023-02-11,Southampton,Wolves,1,2,A,17,11,2,2,5,2,3.03,3.18,2.54,3,7,1,5,0.6,1.0,1.6,1.0,10.4,11.8,3.8,3.4,4.0,5.6
2023-02-11,West Ham,Chelsea,1,1,D,10,12,2,4,5,6,3.4,3.29,2.27,5,5,6,2,1.0,0.4,1.2,0.6,14.4,13.2,3.2,4.4,3.6,6.4
2023-02-12,Leeds,Man United,0,2,A,16,11,6,5,7,3,3.86,3.85,1.92,3,8,5,7,1.0,1.8,1.4,1.6,11.4,13.4,4.2,4.8,5.6,3.8
2023-02-12,Man City,Aston Villa,3,1,H,17,6,9,2,8,4,1.25,6.59,11.89,9,10,10,9,1.8,1.6,1.0,1.2,12.2,14.4,4.4,4.4,4.6,4.6
2023-02-13,Liverpool,Everton,2,0,H,15,6,6,1,3,3,1.53,4.38,6.23,4,4,10,2,0.6,0.8,2.0,1.8,16.0,8.2,4.0,3.0,5.2,5.6
2023-02-15,Arsenal,Man City,1,3,A,10,9,1,6,1,3,2.93,3.51,2.42,8,9,11,9,1.2,2.2,0.8,1.2,18.8,13.2,4.8,5.6,6.4,5.8
2023-02-18,Aston Villa,Arsenal,2,4,A,7,20,5,5,2,9,4.43,3.71,1.84,7,7,7,12,1.4,1.4,1.8,1.4,13.0,17.4,4.0,4.2,4.8,5.6
2023-02-18,Brentford,Crystal Palace,1,1,D,12,10,5,4,2,6,1.86,3.54,4.59,11,3,11,6,1.8,0.6,0.4,1.0,10.2,8.4,3.4,3.0,4.0,3.8
2023-02-18,Brighton,Fulham,0,1,A,21,5,7,2,10,2,1.67,4.06,5.15,11,7,9,7,2.2,0.8,0.8,0.6,17.0,9.8,6.8,3.0,5.6,4.0
2023-02-18,Chelsea,Southampton,0,1,A,17,8,5,5,8,2,1.38,4.76,9.42,6,3,7,3,0.6,0.6,0.6,1.6,14.0,12.0,4.8,3.6,7.0,4.2
2023-02-18,Everton,Leeds,1,0,H,15,8,6,0,6,4,2.48,3.31,2.99,3,2,3,2,0.6,0.6,2.0,1.4,9.0,11.8,3.0,4.2,6.0,5.4
2023-02-18,Newcastle,Liverpool,0,2,A,14,13,4,7,6,7,2.57,3.51,2.75,7,4,11,6,0.6,0.6,0.4,1.8,13.4,14.8,4.4,4.2,8.0,5.0
2023-02-18,Nott'm Forest,Man City,1,1,D,4,26,1,6,0,10,10.01,5.62,1.31,10,12,11,9,1.0,2.6,0.6,1.0,12.4,14.0,2.8,6.6,3.0,6.0
2023-02-18,Wolves,Bournemouth,0,1,A,15,5,4,1,12,2,1.68,3.81,5.53,10,2,6,0,1.4,0.4,1.0,1.6,12.0,10.6,3.2,3.4,4.6,3.8
2023-02-19,Man United,Leicester,3,0,H,26,19,8,3,6,6,1.62,4.32,5.22,8,7,13,9,1.8,2.0,1.4,1.6,14.0,10.8,5.0,4.2,4.2,4.0
2023-02-19,Tottenham,West Ham,2,0,H,16,6,6,1,4,7,1.83,3.76,4.39,6,6,6,2,1.0,1.2,2.0,1.0,11.8,12.4,4.0,2.6,4.8,3.0
2023-02-24,Fulham,Wolves,1,1,D,10,8,5,2,4,3,2.54,3.22,3.0,7,9,9,8,0.6,1.2,0.4,1.0,9.2,13.0,2.8,3.4,3.4,5.4
2023-02-25,Bournemouth,Man City,1,4,A,13,20,2,5,4,6,10.21,5.81,1.3,5,10,5,7,0.6,2.0,1.0,0.8,10.2,16.0,2.8,6.6,3.2,6.4
2023-02-25,Crystal Palace,Liverpool,0,0,D,6,12,0,4,5,3,4.7,3.93,1.74,4,7,3,6,0.8,0.8,1.0,1.2,8.4,14.2,2.8,4.4,3.6,4.6
2023-02-25,Everton,Aston Villa,0,2,A,15,9,5,5,5,1,2.54,3.21,2.98,6,6,6,9,0.6,1.6,1.2,2.4,10.0,11.8,3.4,4.2,6.2,3.8
2023-02-25,Leeds,Southampton,1,0,H,14,8,4,2,9,2,1.99,3.57,3.89,2,6,5,6,0.4,0.8,1.2,1.4,10.2,12.0,3.4,4.6,4.0,3.4
2023-02-25,Leicester,Arsenal,0,1,A,1,10,0,2,0,8,4.73,4.09,1.71,7,7,4,12,2.0,1.8,2.0,1.8,11.6,18.6,3.6,4.2,4.0,6.8
2023-02-25,West Ham,Nott'm Forest,4,0,H,18,8,5,3,12,3,1.78,3.61,4.97,5,8,4,4,0.8,1.0,1.0,0.8,10.6,11.0,2.4,2.8,4.2,2.6
2023-02-26,Tottenham,Chelsea,2,0,H,8,10,3,2,4,4,2.54,3.33,2.91,9,6,9,3,1.4,0.4,1.6,0.4,11.6,13.4,3.8,3.8,4.8,7.2
2023-03-01,Arsenal,Everton,4,0,H,15,8,5,5,5,1,1.36,5.04,9.33,7,6,8,2,1.4,0.4,1.4,1.2,15.6,10.6,3.6,3.6,6.0,6.0
2023-03-01,Liverpool,Wolves,2,0,H,15,4,6,1,5,2,1.49,4.59,6.6,8,7,10,8,0.8,1.2,0.6,1.2,15.4,11.2,4.8,3.0,5.0,5.2
2023-03-04,Arsenal,Bournemouth,3,2,H,31,4,9,4,17,1,1.22,6.82,13.83,10,5,8,3,2.2,0.8,1.2,1.4,15.6,11.4,4.0,2.8,6.0,3.4
2023-03-04,Aston Villa,Crystal Palace,1,0,H,8,3,1,0,2,4,2.07,3.32,3.88,6,4,4,4,1.6,0.6,2.2,0.8,11.4,7.6,4.2,1.8,4.0,4.0
2023-03-04,Brighton,West Ham,4,0,H,20,3,9,2,7,3,1.79,3.8,4.61,8,8,6,2,1.4,1.6,0.8,0.8,17.4,11.0,6.6,2.6,7.2,6.0
2023-03-04,Chelsea,Leeds,1,0,H,13,11,3,2,5,7,1.64,4.02,5.52,3,4,7,2,0.2,0.6,0.8,1.2,12.4,11.2,3.2,3.2,5.8,5.4
2023-03-04,Man City,Newcastle,2,0,H,11,5,3,2,8,4,1.48,4.59,6.76,10,6,10,9,2.2,0.6,1.0,0.8,17.4,14.6,6.2,5.0,6.6,8.2
2023-03-04,Southampton,Leicester,1,0,H,11,11,5,0,3,4,2.77,3.31,2.64,3,7,0,6,0.4,2.0,1.4,1.8,11.0,10.6,4.0,3.4,3.0,3.0
2023-03-04,Wolves,Tottenham,1,0,H,8,21,5,6,4,8,3.31,3.36,2.27,7,12,6,7,1.2,1.4,1.0,0.8,10.0,11.4,3.0,3.8,4.2,5.0
2023-03-05,Liverpool,Man United,7,0,H,18,8,8,4,4,3,2.4,3.68,2.85,10,10,13,10,1.2,2.2,0.6,1.2,15.4,16.2,5.4,5.8,5.0,4.8
2023-03-05,Nott'm Forest,Everton,2,2,D,10,10,4,3,3,3,2.68,3.08,2.92,5,6,11,1,0.6,0.4,1.6,1.6,9.6,11.2,2.4,4.2,2.6,4.4
2023-03-06,Brentford,Fulham,3,2,H,14,9,6,5,2,3,2.0,3.65,3.71,9,8,11,10,1.4,0.8,0.4,0.4,10.6,10.2,3.0,3.8,3.6,3.2
2023-03-11,Bournemouth,Liverpool,1,0,H,5,15,2,6,3,8,7.07,4.95,1.43,4,13,5,4,1.0,2.6,1.8,0.0,9.0,14.6,2.8,6.2,2.8,4.4
2023-03-11,Crystal Palace,Man City,0,1,A,4,14,0,4,2,6,9.05,5.12,1.36,3,13,4,7,0.6,2.6,1.0,0.8,7.0,16.6,1.6,5.8,4.2,7.0
2023-03-11,Everton,Brentford,1,0,H,13,12,6,4,5,8,2.71,3.2,2.76,4,9,6,9,0.6,1.6,2.0,0.8,10.8,11.0,4.0,3.4,3.6,3.0
2023-03-11,Leeds,Brighton,2,2,D,12,14,4,2,4,7,3.84,3.67,1.97,4,8,5,11,0.6,1.6,1.2,0.8,11.4,18.2,2.8,6.6,6.4,7.2
2023-03-11,Leicester,Chelsea,1,3,A,17,12,7,6,2,5,3.83,3.56,2.0,6,5,4,3,1.6,0.4,1.6,0.8,11.0,12.8,3.0,3.4,2.8,5.8
2023-03-11,Tottenham,Nott'm Forest,3,1,H,15,9,7,5,2,10,1.44,4.62,7.52,9,5,9,4,1.2,0.8,1.0,1.8,13.6,7.6,4.4,2.2,5.0,2.0
2023-03-12,Fulham,Arsenal,0,3,A,12,15,2,7,4,8,5.74,4.17,1.59,8,12,10,12,1.2,2.6,0.8,1.4,10.0,17.2,3.8,4.4,3.2,8.0
2023-03-12,Man United,Southampton,0,0,D,10,17,4,4,7,8,1.34,5.26,9.22,10,6,13,6,1.8,0.6,2.0,1.2,16.6,11.6,5.8,4.0,4.6,3.2
2023-03-12,Newcastle,Wolves,2,1,H,19,7,8,4,10,3,1.67,3.81,5.47,3,7,8,5,0.4,0.8,1.2,1.0,11.6,9.2,4.4,2.8,7.0,4.6
2023-03-12,West Ham,Aston Villa,1,1,D,17,12,6,4,13,2,2.23,3.37,3.36,5,6,7,12,1.2,1.6,1.6,2.2,9.4,9.8,2.2,3.4,5.8,4.0
2023-03-15,Brighton,Crystal Palace,1,0,H,11,11,5,3,1,4,1.46,4.44,7.58,8,3,9,4,1.6,0.4,0.8,0.8,18.4,5.8,6.2,1.0,7.4,3.6
2023-03-15,Southampton,Brentford,0,2,A,7,11,1,5,3,3,2.97,3.31,2.46,7,8,3,8,0.6,1.6,0.6,1.0,12.2,12.2,3.6,4.2,4.0,4.0
2023-03-17,Nott'm Forest,Newcastle,1,2,A,5,15,3,4,3,7,5.58,3.83,1.67,2,5,9,6,0.8,0.8,2.4,1.4,8.2,12.2,2.8,4.6,4.0,6.0
2023-03-18,Aston Villa,Bournemouth,3,0,H,20,10,9,3,9,6,1.72,3.85,4.99,7,7,7,3,1.4,1.2,1.6,1.6,8.4,7.6,3.4,2.8,2.2,2.8
2023-03-18,Brentford,Leicester,1,1,D,11,14,2,1,8,4,1.95,3.7,3.85,8,3,13,3,1.4,1.0,1.0,1.8,11.6,12.6,4.4,3.4,3.8,2.6
2023-03-18,Chelsea,Everton,2,2,D,20,12,7,3,8,2,1.49,4.18,7.62,7,7,7,2,1.0,0.8,1.0,1.6,12.8,12.2,4.0,5.0,5.6,4.0
2023-03-18,Southampton,Tottenham,3,3,D,19,17,7,3,10,3,4.56,3.68,1.82,7,9,3,6,0.4,1.6,0.6,1.2,10.2,14.2,3.4,5.2,3.6,4.6
2023-03-18,Wolves,Leeds,2,4,A,23,11,8,4,5,4,2.28,3.23,3.41,4,4,9,1,0.6,0.6,1.2,1.2,8.4,12.2,3.2,3.2,4.8,6.2
2023-03-19,Arsenal,Crystal Palace,4,1,H,15,8,5,4,5,4,1.26,5.93,12.83,15,2,10,1,3.0,0.2,0.8,0.8,18.2,6.8,5.6,1.4,9.4,4.2
2023-04-01,Arsenal,Leeds,4,1,H,13,7,6,5,4,3,1.29,5.84,10.48,15,7,10,4,3.0,1.4,0.6,1.2,17.2,11.2,5.6,2.8,8.6,5.6
2023-04-01,Bournemouth,Fulham,2,1,H,12,10,7,2,4,3,2.56,3.34,2.84,6,7,5,7,1.0,1.2,2.0,1.4,7.4,10.4,2.4,3.4,3.2,3.6
2023-04-01,Brighton,Brentford,3,3,D,33,7,15,5,14,0,1.67,4.08,5.05,8,8,12,8,1.6,1.4,0.8,1.0,16.6,12.0,6.0,4.4,6.2,4.6
2023-04-01,Chelsea,Aston Villa,0,2,A,27,5,8,2,13,2,1.68,3.83,5.4,7,10,8,10,1.2,1.8,1.2,1.0,14.4,11.2,4.6,4.8,6.0,3.2
2023-04-01,Crystal Palace,Leicester,2,1,H,31,3,9,2,10,1,2.54,3.24,2.94,1,1,4,4,0.2,0.4,1.4,1.8,6.4,12.4,1.4,2.2,3.8,3.2
2023-04-01,Man City,Liverpool,4,1,H,17,4,8,1,7,1,1.64,4.2,5.19,13,10,13,4,2.2,2.2,0.6,0.2,16.0,14.6,4.8,6.2,6.6,5.4
2023-04-01,Nott'm Forest,Wolves,1,1,D,17,8,7,1,4,3,2.96,3.13,2.61,2,4,8,4,1.0,1.0,2.4,1.8,7.2,10.0,3.2,4.0,3.8,3.4
2023-04-02,Newcastle,Man United,2,0,H,22,6,6,1,7,4,2.41,3.45,2.96,7,8,8,7,1.0,1.4,1.4,1.8,13.6,15.8,5.0,5.6,6.6,5.0
2023-04-02,West Ham,Southampton,1,0,H,12,9,2,3,5,3,1.76,3.74,4.87,5,5,8,7,1.2,0.8,1.6,1.2,10.8,12.4,3.2,3.8,8.0,5.2
2023-04-03,Everton,Tottenham,1,1,D,15,8,6,2,3,3,3.41,3.36,2.21,5,10,9,4,1.0,2.0,2.0,1.0,11.6,15.4,4.4,5.0,3.2,4.2
2023-04-04,Bournemouth,Brighton,0,2,A,14,16,3,6,5,5,5.94,4.29,1.57,6,8,8,9,1.2,2.0,2.2,1.2,8.8,19.8,3.6,7.6,3.6,7.8
2023-04-04,Chelsea,Liverpool,0,0,D,12,7,3,4,3,5,2.25,3.46,3.28,7,7,5,4,1.2,2.0,1.4,1.0,16.4,12.8,5.2,5.0,7.0,4.2
2023-04-04,Leeds,Nott'm Forest,2,1,H,21,13,6,1,11,4,1.73,3.83,5.05,7,2,6,4,1.6,1.0,1.8,2.4,11.0,9.8,3.8,4.4,5.4,4.6
2023-04-04,Leicester,Aston Villa,1,2,A,9,15,4,5,4,8,2.58,3.41,2.79,1,13,4,10,0.6,1.8,1.6,0.2,9.2,10.8,2.0,4.2,2.2,3.2
2023-04-05,Man United,Brentford,1,0,H,18,6,3,1,12,3,1.65,4.17,5.07,7,8,11,6,1.0,1.8,1.8,1.4,12.2,11.0,4.4,4.4,4.6,4.2
2023-04-05,West Ham,Newcastle,1,5,A,7,15,2,8,7,6,3.53,3.41,2.15,7,9,11,6,1.2,1.2,1.4,1.2,11.2,15.0,3.2,4.8,8.0,6.8
2023-04-08,Aston Villa,Nott'm Forest,2,0,H,8,6,3,2,1,8,1.62,4.09,5.55,13,2,9,1,1.8,1.2,0.4,2.0,12.0,10.8,4.2,4.0,4.6,4.8
2023-04-08,Brentford,Newcastle,1,2,A,12,10,6,4,6,5,3.57,3.46,2.1,5,12,11,8,1.2,2.2,1.2,1.0,9.4,15.2,3.4,5.6,4.4,6.8
2023-04-08,Fulham,West Ham,0,1,A,16,9,3,5,11,4,2.79,3.24,2.66,4,7,7,2,1.0,1.4,1.8,2.0,9.2,11.4,3.2,3.4,3.2,8.0
2023-04-08,Leicester,Bournemouth,0,1,A,14,19,4,7,6,6,1.88,3.72,4.11,1,6,4,3,0.8,1.0,1.8,1.8,10.8,9.0,2.8,3.8,3.0,3.8
2023-04-08,Man United,Everton,2,0,H,29,15,11,1,10,4,1.5,4.37,6.75,7,6,11,2,0.8,1.2,1.8,1.8,13.6,11.6,4.0,4.6,6.4,2.8
2023-04-08,Southampton,Man City,1,4,A,4,13,1,8,0,10,12.48,6.19,1.25,5,13,4,10,0.8,2.4,1.2,0.6,12.6,17.6,4.0,5.2,5.4,7.4
2023-04-08,Tottenham,Brighton,2,1,H,9,17,3,4,3,7,2.56,3.56,2.69,8,11,12,9,1.8,2.4,1.2,1.0,13.8,18.8,4.2,7.4,4.0,6.8
2023-04-08,Wolves,Chelsea,1,0,H,9,13,4,1,8,8,4.14,3.47,1.95,4,8,9,5,1.0,1.2,1.8,1.0,10.0,16.8,3.8,5.4,3.4,6.8
2023-04-09,Leeds,Crystal Palace,1,5,A,11,16,7,8,2,4,2.11,3.41,3.59,7,3,8,1,1.8,0.6,2.0,1.6,12.4,11.4,4.2,3.2,5.8,4.8
2023-04-09,Liverpool,Arsenal,2,2,D,21,9,6,5,5,4,2.79,3.69,2.41,7,15,13,12,2.0,3.6,1.0,0.8,11.8,17.8,5.0,6.4,4.6,7.8
2023-04-15,Aston Villa,Newcastle,3,0,H,16,8,6,2,7,2,3.61,3.42,2.13,13,15,9,10,2.0,2.6,0.4,0.8,12.0,16.2,4.6,6.0,4.4,7.0
2023-04-15,Chelsea,Brighton,1,2,A,8,26,2,10,2,8,2.67,3.42,2.68,5,8,5,6,1.0,1.8,1.2,1.4,16.8,18.2,5.0,6.4,7.4,6.8
2023-04-15,Everton,Fulham,1,3,A,15,21,7,7,4,8,2.07,3.39,3.78,6,1,10,4,1.2,0.8,1.4,2.0,13.0,11.4,3.8,3.4,3.4,5.0
2023-04-15,Man City,Leicester,3,1,H,12,10,4,4,6,2,1.16,8.49,17.32,15,1,15,4,3.0,0.8,0.6,1.8,15.0,11.4,5.6,3.6,7.4,3.4
2023-04-15,Southampton,Crystal Palace,0,2,A,11,9,4,2,6,2,2.82,3.2,2.68,2,6,4,4,0.8,1.6,2.0,1.6,11.2,14.0,3.2,4.8,4.8,4.8
2023-04-15,Tottenham,Bournemouth,2,3,A,24,6,8,6,8,1,1.47,4.6,6.83,8,9,15,6,1.8,0.8,1.4,1.2,14.0,12.0,4.2,4.4,3.8,4.8
2023-04-15,Wolves,Brentford,2,0,H,11,10,9,3,5,2,2.52,3.23,3.0,7,5,9,5,1.2,1.4,1.4,1.4,11.0,9.4,4.4,3.8,4.6,4.0
2023-04-16,Nott'm Forest,Man United,0,2,A,6,22,0,8,4,9,5.0,3.96,1.69,1,7,6,4,0.8,0.6,2.0,1.8,10.0,14.2,3.6,4.6,5.8,7.2
2023-04-16,West Ham,Arsenal,2,2,D,16,11,3,5,7,2,5.92,4.22,1.57,7,13,8,10,0.8,3.2,2.0,1.2,9.6,16.6,3.4,6.4,6.4,7.6
2023-04-17,Leeds,Liverpool,1,6,A,13,13,3,7,4,2,4.35,4.22,1.73,7,5,7,5,2.0,2.0,2.8,1.4,12.4,13.0,5.2,5.0,4.8,4.6
2023-04-21,Arsenal,Southampton,3,3,D,25,8,6,6,7,2,1.2,7.18,14.72,11,1,12,4,3.0,0.8,1.2,2.4,12.6,10.0,5.6,3.2,4.6,4.4
2023-04-22,Brentford,Aston Villa,1,1,D,6,14,5,2,8,4,2.53,3.38,2.84,2,15,8,10,1.0,2.4,1.8,0.2,9.2,12.8,3.4,5.0,3.8,5.4
2023-04-22,Crystal Palace,Everton,0,0,D,12,10,2,5,8,1,2.11,3.25,3.83,9,5,6,2,2.0,1.0,1.4,1.6,15.0,14.0,5.2,4.6,4.8,3.6
2023-04-22,Fulham,Leeds,2,1,H,12,10,5,2,8,6,2.38,3.44,3.01,3,6,4,4,1.2,1.8,2.0,3.6,13.6,12.6,3.8,5.0,5.8,4.8
2023-04-22,Leicester,Wolves,2,1,H,15,16,8,3,1,7,2.45,3.27,3.05,1,7,3,5,0.8,1.4,1.8,1.4,10.0,11.6,3.0,5.2,3.4,4.8
2023-04-22,Liverpool,Nott'm Forest,3,2,H,18,11,6,5,9,3,1.18,7.64,16.06,5,1,11,0,1.8,0.6,1.6,1.8,12.0,9.4,4.8,2.6,4.2,4.6
2023-04-23,Bournemouth,West Ham,0,4,A,17,18,5,10,8,5,2.83,3.25,2.61,9,8,7,4,1.2,1.2,1.6,1.6,12.2,12.2,5.2,3.6,4.4,7.2
2023-04-23,Newcastle,Tottenham,6,1,H,25,11,8,3,9,3,1.85,3.81,4.22,12,8,10,5,2.2,2.2,1.2,1.8,14.0,14.6,4.8,4.6,5.4,3.8
2023-04-25,Aston Villa,Fulham,1,0,H,14,1,3,0,8,2,1.8,3.87,4.43,13,6,12,7,2.0,1.2,0.4,1.6,11.6,14.2,3.6,3.8,4.4,6.8
2023-04-25,Leeds,Leicester,1,1,D,13,15,3,3,3,6,2.37,3.54,2.98,3,3,7,1,1.2,1.0,3.6,1.8,12.4,10.2,4.6,4.4,5.2,2.8
2023-04-25,Wolves,Crystal Palace,2,0,H,9,14,3,4,6,11,2.52,3.14,3.09,7,10,9,6,1.4,2.0,1.4,1.2,13.4,15.2,5.0,5.0,5.6,5.6
2023-04-26,Chelsea,Brentford,0,2,A,15,7,4,1,5,2,1.71,3.89,5.02,2,2,5,4,0.6,1.0,1.4,1.8,16.0,8.2,4.2,4.0,6.8,3.8
2023-04-26,Man City,Arsenal,4,1,H,14,8,9,2,1,3,1.56,4.49,5.7,15,9,15,11,2.8,3.0,0.6,1.8,13.4,14.6,5.4,5.4,7.4,4.4
2023-04-26,Nott'm Forest,Brighton,3,1,H,12,17,5,7,2,7,6.08,4.36,1.54,1,10,3,8,0.8,1.8,2.0,1.2,10.6,20.6,3.0,8.0,4.6,7.0
2023-04-26,West Ham,Liverpool,1,2,A,7,20,2,4,3,6,3.96,3.86,1.88,10,8,8,5,1.8,2.4,1.4,1.8,12.4,12.6,4.4,4.8,5.6,4.4
2023-04-27,Everton,Newcastle,1,4,A,13,15,5,8,3,14,4.84,3.7,1.77,3,12,7,9,0.8,3.0,1.6,1.2,13.4,16.0,4.4,5.6,2.8,5.8
2023-04-27,Southampton,Bournemouth,0,1,A,11,16,2,2,6,4,2.3,3.43,3.15,2,9,4,9,1.4,1.2,2.6,1.8,10.2,13.6,4.2,5.6,4.2,4.8
2023-04-27,Tottenham,Man United,2,2,D,18,17,7,8,6,8,2.79,3.65,2.44,5,10,12,6,1.8,1.0,2.8,0.4,13.8,17.0,3.8,5.4,4.0,8.4
2023-04-29,Brentford,Nott'm Forest,2,1,H,14,5,8,3,6,0,1.66,3.88,5.5,4,3,6,0,0.8,1.2,1.2,2.0,8.2,9.6,3.2,2.6,4.2,4.2
2023-04-29,Brighton,Wolves,6,0,H,22,10,8,2,2,5,1.51,4.37,6.69,7,10,10,2,1.8,1.4,1.8,0.6,21.8,10.6,8.4,4.0,8.2,5.8
2023-04-29,Crystal Palace,West Ham,4,3,H,16,8,6,4,8,5,2.7,3.18,2.81,10,7,6,7,1.8,1.8,0.8,1.8,16.4,11.4,5.0,4.4,7.0,5.2
2023-04-30,Bournemouth,Leeds,4,1,H,12,15,7,6,2,6,2.61,3.5,2.68,9,4,6,3,1.0,1.2,1.6,3.0,14.4,13.6,4.6,4.2,4.8,5.2
2023-04-30,Fulham,Man City,1,2,A,4,12,1,9,2,5,11.95,6.23,1.25,6,15,7,13,1.2,3.2,1.2,0.8,12.0,14.0,3.4,6.6,6.4,6.0
2023-04-30,Liverpool,Tottenham,4,3,H,12,10,4,7,5,2,1.54,4.69,5.68,11,5,13,2,2.6,1.6,1.2,2.6,15.8,14.0,5.4,4.6,5.4,4.6
2023-04-30,Man United,Aston Villa,1,0,H,14,7,6,1,1,4,1.78,3.94,4.35,10,13,11,11,1.4,1.8,0.8,0.4,18.4,13.4,6.2,3.8,8.6,5.6
2023-04-30,Newcastle,Southampton,3,1,H,22,4,5,3,11,2,1.32,5.46,9.9,12,1,10,5,3.4,0.8,1.4,2.2,14.6,8.6,6.0,3.2,7.2,3.4
2023-05-01,Leicester,Everton,2,2,D,15,23,6,8,2,9,2.04,3.45,3.79,4,2,3,3,1.0,0.6,1.6,2.0,12.6,13.6,4.6,4.8,3.8,3.0
2023-05-02,Arsenal,Chelsea,3,1,H,16,7,10,4,7,2,1.59,4.22,5.75,6,1,13,5,2.4,0.2,2.4,1.4,13.2,15.0,4.8,3.6,4.0,6.2
2023-05-03,Liverpool,Fulham,1,0,H,15,9,3,3,7,5,1.26,6.39,10.73,13,6,13,6,3.4,1.2,1.8,1.2,16.8,10.8,5.4,3.2,5.4,6.2
2023-05-03,Man City,West Ham,3,0,H,16,6,7,2,6,3,1.2,7.21,13.79,15,7,15,6,3.4,2.2,1.0,1.6,13.6,11.6,7.6,4.8,5.8,4.8
2023-05-04,Brighton,Man United,1,0,H,22,16,6,5,8,6,2.03,3.82,3.5,9,13,10,7,2.4,1.6,1.2,0.4,19.6,20.0,7.0,7.2,5.8,8.0
2023-05-06,Bournemouth,Chelsea,1,3,A,10,11,4,5,7,7,3.42,3.47,2.17,12,1,9,4,1.8,0.4,1.4,1.6,14.0,11.0,5.4,2.8,4.2,4.0
2023-05-06,Liverpool,Brentford,1,0,H,15,5,5,1,7,3,1.48,4.91,6.16,15,7,13,7,3.2,1.2,1.4,1.2,15.6,9.8,4.8,4.6,5.8,4.8
2023-05-06,Man City,Leeds,2,1,H,18,4,6,2,10,1,1.17,8.41,15.94,15,1,15,3,3.2,1.0,0.8,3.6,13.4,12.4,7.4,4.2,5.6,4.2
2023-05-06,Tottenham,Crystal Palace,1,0,H,8,7,3,2,8,4,1.82,3.92,4.21,4,10,10,6,2.0,2.2,3.2,1.2,14.4,13.4,5.6,4.4,4.4,6.6
2023-05-06,Wolves,Aston Villa,1,0,H,6,16,2,3,5,6,2.98,3.26,2.51,9,10,12,8,1.2,1.4,1.6,0.4,11.0,11.8,4.2,3.0,6.2,4.8
2023-05-07,Newcastle,Arsenal,0,2,A,12,10,5,6,9,4,2.49,3.73,2.71,12,6,12,8,3.0,2.2,1.4,2.4,16.0,13.8,5.4,5.6,8.2,4.6
2023-05-07,West Ham,Man United,1,0,H,15,19,4,4,5,6,3.43,3.74,2.08,4,10,5,4,2.0,1.4,2.2,0.6,11.0,19.6,4.2,7.6,4.6,6.8
2023-05-08,Brighton,Everton,1,5,A,23,10,5,5,15,1,1.35,5.3,8.47,9,2,13,4,2.2,0.8,1.2,2.2,20.8,15.2,7.0,5.2,6.4,4.2
2023-05-08,Fulham,Leicester,5,3,H,17,18,7,9,2,7,2.67,3.53,2.6,6,5,4,2,1.2,1.2,1.2,1.6,9.4,13.8,3.2,5.0,5.0,3.4
2023-05-08,Nott'm Forest,Southampton,4,3,H,9,19,4,5,2,11,2.13,3.52,3.46,3,1,5,2,1.2,1.0,2.0,2.6,8.0,7.6,3.0,3.2,3.4,3.2
2023-05-13,Aston Villa,Tottenham,2,1,H,8,5,4,2,8,3,2.3,3.6,3.03,7,4,15,2,1.0,1.8,0.6,3.0,13.4,14.2,3.0,5.6,5.8,5.4
2023-05-13,Chelsea,Nott'm Forest,2,2,D,14,11,6,2,2,5,1.51,4.4,6.68,3,6,2,0,1.0,2.0,1.8,2.2,10.8,8.6,3.2,3.4,4.8,2.2
2023-05-13,Crystal Palace,Bournemouth,2,0,H,17,5,5,0,11,2,1.88,3.7,4.18,7,9,8,9,1.2,1.8,1.2,2.0,11.6,12.2,3.2,4.8,6.6,4.4
2023-05-13,Leeds,Newcastle,2,2,D,9,18,4,5,2,6,4.62,4.2,1.71,1,9,5,12,1.0,2.6,3.0,1.6,11.0,16.4,3.2,5.6,4.0,9.0
2023-05-13,Man United,Wolves,2,0,H,27,5,9,0,11,7,1.38,5.1,8.37,7,9,13,1,1.0,1.2,0.8,1.6,17.6,10.4,6.2,3.8,6.0,5.6
2023-05-13,Southampton,Fulham,0,2,A,5,9,1,4,1,8,2.82,3.44,2.51,1,6,1,3,1.4,1.6,2.6,1.6,10.6,8.6,4.0,3.2,5.4,3.8
2023-05-14,Arsenal,Brighton,0,3,A,14,12,2,6,5,2,1.77,4.19,4.21,8,9,13,7,2.2,2.2,2.0,1.8,14.0,22.0,5.8,7.2,4.6,8.0
2023-05-14,Brentford,West Ham,2,0,H,24,4,10,4,7,5,2.05,3.56,3.66,7,6,8,6,1.0,1.8,1.0,1.8,8.4,10.8,3.6,4.4,4.2,4.2
2023-05-14,Everton,Man City,0,3,A,7,9,3,4,8,6,8.86,5.21,1.36,5,15,4,13,1.8,2.8,2.0,0.8,14.2,14.4,6.0,7.0,3.6,5.6
2023-05-15,Leicester,Liverpool,0,3,A,4,16,4,5,4,4,5.11,4.59,1.59,5,15,4,7,1.8,2.2,2.4,1.2,14.6,16.0,6.0,4.4,3.6,6.8
2023-05-18,Newcastle,Brighton,4,1,H,22,8,9,2,6,1,2.02,3.86,3.49,10,9,12,9,3.0,2.4,1.4,1.6,18.4,19.2,6.2,6.4,9.8,6.8
2023-05-20,Bournemouth,Man United,0,1,A,10,20,4,5,3,6,6.06,4.77,1.51,6,7,6,4,1.2,1.0,2.0,0.8,12.0,18.6,3.6,6.4,4.6,6.4
2023-05-20,Fulham,Crystal Palace,2,2,D,11,11,4,5,7,4,2.45,3.4,2.97,6,7,6,6,1.6,1.2,1.4,1.2,8.0,13.2,3.0,3.8,3.8,8.4
2023-05-20,Liverpool,Aston Villa,1,1,D,10,6,5,3,9,4,1.49,4.86,6.16,15,7,13,7,2.2,0.8,0.8,0.8,15.6,11.8,4.2,2.6,5.8,6.0
2023-05-20,Nott'm Forest,Arsenal,1,0,H,6,11,2,3,3,6,5.37,4.45,1.59,7,7,7,8,2.4,1.8,2.2,2.2,9.6,14.6,3.8,5.2,2.4,5.2
2023-05-20,Tottenham,Brentford,1,3,A,22,11,8,4,8,2,1.85,3.88,4.13,4,10,10,4,1.6,1.4,2.8,0.6,10.4,11.2,4.4,5.0,4.4,5.2
2023-05-20,Wolves,Everton,1,1,D,13,19,5,4,1,7,2.77,3.35,2.63,6,5,12,6,0.8,1.6,2.0,2.0,9.2,12.6,2.0,5.2,6.0,4.4
2023-05-21,Brighton,Southampton,3,1,H,26,5,8,1,4,3,1.23,6.91,12.43,9,1,10,2,2.4,1.4,1.8,2.6,17.4,9.4,5.4,3.4,5.6,4.4
2023-05-21,Man City,Chelsea,1,0,H,15,13,2,6,5,2,1.26,6.41,11.48,15,4,15,6,2.8,1.4,0.6,2.0,13.8,11.0,7.0,4.2,5.6,3.6
2023-05-21,West Ham,Leeds,3,1,H,19,12,9,3,9,5,2.45,3.56,2.84,3,2,7,3,1.0,1.2,2.2,2.2,8.0,10.2,3.2,3.4,4.2,3.6
2023-05-22,Newcastle,Leicester,0,0,D,23,1,4,1,12,1,1.38,5.39,7.66,10,5,12,2,2.6,1.6,1.4,2.4,17.8,13.4,6.4,6.0,9.2,4.0
2023-05-24,Brighton,Man City,1,1,D,20,13,7,4,5,1,3.97,4.22,1.81,9,15,10,15,1.8,2.2,2.0,0.4,18.2,14.0,5.4,5.6,6.0,6.4
2023-05-25,Man United,Chelsea,4,1,H,18,14,9,5,3,4,1.63,4.35,5.12,9,4,13,6,0.8,1.2,0.4,1.8,19.2,12.0,5.8,5.0,6.0,3.6
2023-05-28,Arsenal,Wolves,5,0,H,14,6,8,0,8,4,1.37,5.33,7.87,6,7,10,1,1.2,0.8,1.8,1.8,11.8,8.6,4.6,2.4,5.0,4.8
2023-05-28,Aston Villa,Brighton,2,1,H,12,8,5,4,4,3,2.04,3.88,3.37,7,7,15,6,0.8,1.8,0.8,2.2,10.2,17.8,2.8,5.6,6.0,5.4
2023-05-28,Brentford,Man City,1,0,H,11,17,4,3,3,4,3.88,4.01,1.87,12,13,8,13,1.8,2.0,0.6,0.4,12.2,14.2,4.8,4.6,4.0,5.6
2023-05-28,Chelsea,Newcastle,1,1,D,22,13,5,4,10,3,2.87,3.64,2.38,4,8,2,10,1.4,1.8,2.2,1.2,11.8,19.4,5.2,5.6,3.4,8.8
2023-05-28,Crystal Palace,Nott'm Forest,1,1,D,16,7,4,4,5,4,1.69,4.15,4.77,7,10,10,1,1.6,2.2,1.6,1.6,13.0,8.6,4.4,3.2,7.6,2.4
2023-05-28,Everton,Bournemouth,1,0,H,13,7,6,2,9,3,1.49,4.61,6.58,5,6,4,9,1.8,1.2,2.2,1.4,14.4,10.6,5.0,3.4,5.6,3.6
2023-05-28,Leeds,Tottenham,1,4,A,19,11,2,7,12,3,2.77,3.84,2.37,2,4,5,2,1.2,1.6,2.4,2.2,10.6,12.6,3.6,5.4,3.4,5.4
2023-05-28,Leicester,West Ham,2,1,H,13,16,4,3,3,5,1.94,3.92,3.65,3,6,4,6,1.2,1.4,2.2,2.0,10.6,10.4,4.6,4.6,4.0,5.4
2023-05-28,Man United,Fulham,2,1,H,21,10,8,3,5,4,1.53,4.59,5.76,9,7,15,6,1.4,2.0,0.6,1.6,20.0,10.0,6.4,3.8,6.4,4.8
2023-05-28,Southampton,Liverpool,4,4,D,15,30,10,8,2,9,6.74,5.2,1.42,0,13,1,10,1.0,2.0,2.6,0.8,8.8,13.6,2.4,4.4,4.6,6.4
2023-08-11,Burnley,Man City,0,3,A,6,17,1,8,6,5,9.02,5.35,1.35,4,10,9,10,1.0,1.4,1.6,0.6,12.2,14.4,4.6,3.8,5.2,5.2
2023-08-12,Arsenal,Nott'm Forest,2,1,H,15,6,7,2,8,3,1.18,7.64,15.67,9,8,10,2,2.0,1.8,1.0,1.6,13.0,7.6,5.8,3.0,6.0,2.8
2023-08-12,Bournemouth,West Ham,1,1,D,14,16,5,3,10,4,2.69,3.44,2.64,3,6,3,3,1.0,1.0,1.6,1.6,8.8,12.0,3.4,4.4,3.4,5.4
2023-08-12,Brighton,Luton,4,1,H,27,9,12,3,6,7,1.33,5.52,9.61,7,0,10,0,1.8,0.0,1.6,0.0,14.8,0.0,5.4,0.0,3.0,0.0
2023-08-12,Everton,Fulham,0,1,A,19,9,9,2,10,4,2.24,3.43,3.3,8,7,4,6,1.8,2.0,1.4,1.6,14.4,11.2,5.2,4.2,6.8,5.2
2023-08-12,Newcastle,Aston Villa,5,1,H,17,16,13,6,6,5,1.76,3.88,4.61,6,7,10,5,1.4,1.0,1.2,1.0,17.6,9.8,5.4,3.2,7.2,5.2
2023-08-12,Sheffield United,Crystal Palace,0,1,A,8,24,1,8,5,5,3.12,3.24,2.41,6,8,6,7,0.4,1.8,1.4,1.4,9.6,13.4,1.6,4.4,5.0,6.4
2023-08-13,Brentford,Tottenham,2,2,D,11,18,6,6,3,6,2.73,3.63,2.5,12,6,10,4,1.6,2.0,0.6,2.0,13.0,11.2,5.4,5.4,4.2,4.8
2023-08-13,Chelsea,Liverpool,1,1,D,10,13,4,1,4,4,2.87,3.64,2.39,5,11,3,11,1.4,2.0,1.8,1.0,14.8,17.2,5.4,5.2,5.0,7.2
2023-08-14,Man United,Wolves,1,0,H,15,23,3,6,8,7,1.31,5.65,9.85,12,4,15,1,1.8,0.4,0.6,2.8,21.0,8.0,7.0,1.8,6.2,4.4
2023-08-18,Nott'm Forest,Sheffield United,2,1,H,16,7,4,3,6,7,1.95,3.43,4.25,8,6,10,3,1.8,0.4,1.6,0.8,7.8,9.6,2.8,1.6,3.4,4.8
2023-08-19,Fulham,Brentford,0,3,A,10,17,2,8,5,5,2.72,3.4,2.63,10,10,7,6,2.2,1.6,1.4,0.8,11.2,12.4,4.0,5.0,5.0,3.6
2023-08-19,Liverpool,Bournemouth,3,1,H,26,13,10,5,10,2,1.23,6.86,11.82,9,1,13,9,2.0,0.4,1.2,1.6,16.8,9.2,4.8,3.0,6.6,5.0
2023-08-19,Man City,Newcastle,1,0,H,14,7,4,1,3,0,1.7,4.07,4.83,10,9,15,8,1.6,2.4,0.4,1.0,14.2,18.6,4.2,7.0,4.2,6.6
2023-08-19,Tottenham,Man United,2,0,H,17,22,6,6,5,6,2.84,3.75,2.37,7,15,7,7,1.8,2.0,1.6,0.4,12.8,20.2,5.2,6.8,5.6,6.6
2023-08-19,Wolves,Brighton,1,4,A,16,16,5,8,5,3,4.0,3.81,1.89,4,7,13,6,0.4,2.0,1.8,1.8,10.6,17.8,2.6,6.6,4.8,3.8
2023-08-20,Aston Villa,Everton,4,0,H,13,9,7,2,7,6,1.7,3.91,5.0,7,7,15,6,1.2,1.4,1.8,1.2,11.6,13.6,4.2,5.4,5.4,7.0
2023-08-20,West Ham,Chelsea,3,1,H,12,17,6,4,3,9,3.66,3.57,2.04,7,3,7,3,1.2,1.0,1.2,1.8,14.0,14.6,4.6,5.2,5.6,4.4
2023-08-21,Crystal Palace,Arsenal,0,1,A,14,14,2,3,1,8,5.79,4.06,1.6,8,9,11,5,1.2,1.8,0.8,1.0,15.0,12.8,4.8,5.2,5.8,6.2
2023-08-25,Chelsea,Luton,3,0,H,19,11,8,1,6,4,1.29,5.86,10.78,2,0,3,0,0.8,1.0,2.0,4.0,15.2,9.0,4.8,3.0,5.8,7.0
2023-08-26,Arsenal,Fulham,2,2,D,19,8,11,3,8,3,1.23,6.49,13.35,9,7,10,6,1.6,1.2,1.0,1.4,13.6,9.8,4.6,3.0,7.0,5.6
2023-08-26,Bournemouth,Tottenham,0,2,A,11,17,3,6,6,2,3.67,3.94,1.95,1,7,4,4,0.4,2.0,1.6,1.6,9.8,14.6,3.2,5.8,4.0,5.0
2023-08-26,Brentford,Crystal Palace,1,1,D,12,15,1,5,8,6,2.14,3.41,3.57,13,8,11,7,2.2,1.2,0.6,0.8,14.8,16.4,6.4,4.8,4.0,5.2
2023-08-26,Brighton,West Ham,1,3,A,25,12,10,3,17,4,1.53,4.67,5.73,10,7,10,1,2.6,1.6,1.2,1.4,19.4,13.4,7.8,5.0,4.2,5.2
2023-08-26,Everton,Wolves,0,1,A,15,11,7,2,7,0,2.32,3.31,3.24,4,1,3,0,0.4,0.4,1.8,2.6,13.4,12.6,4.8,3.2,8.0,4.8
2023-08-26,Man United,Nott'm Forest,3,2,H,18,9,9,4,11,3,1.31,5.79,9.23,12,8,15,2,1.6,1.4,0.8,1.2,19.2,9.2,6.2,2.8,5.6,4.2
2023-08-27,Burnley,Aston Villa,1,3,A,9,16,2,6,4,6,3.36,3.55,2.16,1,10,6,2,0.6,2.0,2.0,1.6,10.0,11.0,3.6,5.0,5.2,5.6
2023-08-27,Newcastle,Liverpool,1,2,A,23,9,8,4,5,9,2.2,3.9,3.03,8,9,10,11,2.0,2.4,0.8,1.4,16.4,19.0,6.2,5.8,5.4,7.2
2023-08-27,Sheffield United,Man City,1,2,A,6,30,2,9,1,12,16.67,7.51,1.18,6,10,6,10,0.6,1.2,0.8,0.4,9.6,15.2,2.2,4.2,5.2,3.6
2023-09-01,Luton,West Ham,1,2,A,16,9,1,3,9,6,4.7,3.94,1.74,0,10,0,4,0.5,2.2,3.5,1.2,10.0,15.0,2.0,4.8,5.5,5.0
2023-09-02,Brentford,Bournemouth,2,2,D,21,12,7,5,5,2,1.72,4.06,4.67,11,1,11,6,2.0,0.4,0.8,1.6,12.4,11.0,4.6,3.8,4.2,4.8
2023-09-02,Brighton,Newcastle,3,1,H,15,9,6,2,5,3,2.55,3.87,2.55,7,5,7,5,2.2,1.4,1.6,1.0,19.2,16.6,8.2,6.0,6.8,5.2
2023-09-02,Burnley,Tottenham,2,5,A,16,20,4,10,7,4,3.83,3.99,1.88,1,10,3,7,0.6,2.2,2.0,1.2,9.0,17.0,2.8,6.6,5.2,4.8
2023-09-02,Chelsea,Nott'm Forest,0,1,A,21,7,2,3,8,0,1.38,5.03,8.27,5,7,6,2,1.4,1.4,1.8,1.4,16.4,8.8,5.2,3.2,6.6,3.8
2023-09-02,Man City,Fulham,5,1,H,7,6,5,4,4,5,1.15,8.46,17.91,10,5,15,7,1.4,1.2,0.6,1.8,18.2,9.6,5.6,2.8,5.0,4.6
2023-09-02,Sheffield United,Everton,2,2,D,13,16,8,6,4,6,3.01,3.23,2.5,3,4,6,6,0.6,0.4,1.2,1.4,8.8,15.0,2.0,5.6,4.6,7.8
2023-09-03,Arsenal,Man United,3,1,H,17,10,5,2,12,3,1.77,4.04,4.38,10,12,10,4,2.0,2.0,0.8,1.2,14.6,18.8,6.4,7.0,7.6,6.6
2023-09-03,Crystal Palace,Wolves,3,2,H,16,12,11,4,4,2,1.95,3.45,4.15,6,4,8,3,1.0,0.6,1.0,2.2,16.0,13.8,4.8,3.6,4.2,3.4
2023-09-03,Liverpool,Aston Villa,3,0,H,17,9,4,3,7,3,1.66,4.49,4.57,9,10,13,4,2.2,2.2,1.6,1.6,17.6,12.6,5.6,5.4,8.2,5.2
2023-09-16,Aston Villa,Crystal Palace,3,1,H,16,6,5,3,4,2,1.9,3.7,4.07,9,8,15,5,2.0,1.2,2.0,1.0,13.2,17.0,5.4,6.0,5.0,4.2
2023-09-16,Fulham,Luton,1,0,H,13,7,2,2,6,2,1.68,3.96,5.18,4,0,7,0,1.0,0.6666666666666666,2.4,3.0,8.6,12.0,2.8,1.6666666666666667,4.2,6.666666666666667
2023-09-16,Man United,Brighton,1,3,A,14,10,4,8,8,1,2.21,3.98,2.96,9,9,15,6,1.4,2.6,1.6,1.6,17.2,18.2,5.6,8.0,6.6,6.8
2023-09-16,Newcastle,Brentford,1,0,H,9,11,2,2,8,3,1.53,4.37,6.12,4,9,7,9,1.6,1.8,1.6,1.0,13.8,14.4,5.6,5.2,3.4,4.8
2023-09-16,Tottenham,Sheffield United,2,1,H,28,7,10,5,15,2,1.28,6.1,10.52,13,4,7,3,3.0,1.0,1.0,1.4,16.6,9.2,7.0,3.4,4.0,5.0
2023-09-16,West Ham,Man City,1,3,A,6,29,3,15,4,11,6.57,4.67,1.48,10,12,10,10,2.0,2.2,1.2,0.6,13.0,17.0,3.6,5.8,4.4,5.6
2023-09-16,Wolves,Liverpool,1,3,A,11,16,2,6,4,4,6.64,4.95,1.45,3,11,10,11,0.8,2.6,2.6,1.4,13.6,19.0,3.4,5.4,3.6,7.8
2023-09-17,Bournemouth,Chelsea,0,0,D,13,14,4,6,1,7,4.34,3.96,1.79,2,5,4,3,0.8,1.2,1.8,1.2,11.4,17.8,4.0,4.6,4.6,7.4
2023-09-17,Everton,Arsenal,0,1,A,8,13,1,4,1,11,6.07,4.55,1.52,4,13,3,7,0.6,2.6,1.6,0.8,14.4,15.8,6.0,6.8,7.6,8.8
2023-09-18,Nott'm Forest,Burnley,1,1,D,14,10,4,3,5,4,2.24,3.51,3.22,7,1,12,5,1.4,1.0,1.4,2.8,9.0,10.6,3.4,3.4,3.2,6.2
2023-09-23,Brentford,Everton,1,3,A,12,18,2,6,1,4,1.8,3.78,4.49,6,1,9,6,1.6,0.4,1.2,1.8,14.4,13.4,4.8,5.0,4.8,6.0
2023-09-23,Burnley,Man United,0,1,A,12,11,4,4,9,5,4.31,4.16,1.75,1,6,0,3,1.0,1.2,2.8,2.0,10.6,15.8,3.0,4.8,5.8,7.2
2023-09-23,Crystal Palace,Fulham,0,0,D,7,10,3,5,3,2,1.95,3.51,4.09,7,7,10,7,1.2,1.0,1.4,2.0,15.0,9.2,5.8,2.6,3.6,4.6
2023-09-23,Luton,Wolves,1,1,D,20,3,4,3,10,1,3.3,3.43,2.23,0,3,0,3,0.5,1.0,2.5,2.2,10.75,14.6,1.75,3.8,5.5,3.6
2023-09-23,Man City,Nott'm Forest,2,0,H,7,10,4,3,6,6,1.15,8.55,18.11,15,7,15,5,2.8,1.4,0.6,1.4,19.4,10.4,8.2,3.4,7.0,3.4
2023-09-24,Arsenal,Tottenham,2,2,D,13,13,6,5,11,4,1.7,4.36,4.5,13,13,10,10,1.8,2.6,0.8,1.0,15.6,20.0,6.0,7.6,9.4,6.4
2023-09-24,Brighton,Bournemouth,3,1,H,13,12,4,4,4,4,1.38,5.31,7.58,12,3,10,4,3.0,0.8,1.4,1.6,18.6,12.6,8.8,4.4,6.4,4.2
2023-09-24,Chelsea,Aston Villa,0,1,A,10,15,4,7,5,11,1.91,3.85,3.87,5,9,6,4,1.0,2.2,1.0,2.0,16.2,14.0,4.8,5.4,6.8,5.0
2023-09-24,Liverpool,West Ham,3,1,H,22,11,7,4,7,4,1.39,5.38,7.19,13,10,13,7,2.4,2.0,0.8,1.4,16.2,11.0,5.0,3.6,6.8,4.2
2023-09-24,Sheffield United,Newcastle,0,8,A,9,22,1,15,2,6,7.01,4.78,1.45,1,6,4,5,1.0,1.6,1.8,1.4,8.2,13.0,3.8,5.2,3.8,4.4
2023-09-30,Aston Villa,Brighton,6,1,H,19,11,9,3,1,3,2.56,3.92,2.55,12,12,15,9,2.2,2.8,1.0,1.4,13.8,15.8,5.6,7.2,6.2,6.0
2023-09-30,Bournemouth,Arsenal,0,4,A,8,15,1,8,6,6,5.77,4.68,1.53,2,11,2,9,0.8,1.8,2.0,1.0,12.2,15.2,4.2,5.8,3.0,10.0
2023-09-30,Everton,Luton,1,2,A,23,9,5,2,3,6,1.61,3.94,6.06,4,1,3,0,1.0,0.6,1.8,2.2,13.2,12.6,4.4,2.2,4.8,6.4
2023-09-30,Man United,Crystal Palace,0,1,A,19,8,4,2,10,4,1.57,4.3,5.89,6,5,12,5,1.2,1.0,2.0,1.4,15.0,11.6,5.0,4.8,6.6,3.2
2023-09-30,Newcastle,Burnley,2,0,H,20,8,8,2,5,3,1.33,5.62,9.22,6,1,10,6,2.2,0.8,1.2,2.6,14.0,10.6,5.6,2.8,4.4,6.0
2023-09-30,Tottenham,Liverpool,2,1,H,24,12,8,4,12,5,2.96,4.03,2.21,13,15,10,11,2.6,2.8,1.0,0.8,19.0,18.0,7.4,6.2,6.0,7.4
2023-09-30,West Ham,Sheffield United,2,0,H,20,16,9,2,7,4,1.45,4.79,7.1,9,1,9,3,2.0,1.0,1.8,3.2,10.0,8.4,3.8,3.8,4.2,3.2
2023-09-30,Wolves,Man City,2,1,H,3,23,1,8,0,6,9.2,5.65,1.33,4,15,7,10,1.2,2.6,2.2,0.6,10.6,17.4,3.2,7.4,2.4,7.2
2023-10-01,Nott'm Forest,Brentford,1,1,D,6,18,1,5,1,11,2.81,3.27,2.65,7,5,13,9,1.2,1.4,1.4,1.4,11.2,14.6,3.6,4.0,4.0,4.4
2023-10-02,Fulham,Chelsea,0,2,A,10,11,3,4,8,1,3.73,3.49,2.06,5,4,7,4,0.8,0.8,2.0,1.0,9.4,16.2,3.2,4.8,4.2,7.0
2023-10-03,Luton,Burnley,1,2,A,18,14,3,4,7,6,2.92,3.18,2.63,4,1,1,5,0.8,0.8,1.6,2.4,12.6,11.0,2.0,3.0,6.2,5.4
2023-10-07,Burnley,Chelsea,1,4,A,10,9,3,5,7,3,4.63,3.92,1.76,4,7,0,4,1.0,1.0,2.0,0.4,12.0,15.0,3.4,4.8,5.8,5.4
2023-10-07,Crystal Palace,Nott'm Forest,0,0,D,8,16,2,5,3,7,2.24,3.25,3.49,8,5,8,4,1.2,1.0,1.2,1.4,10.4,9.2,4.8,3.0,3.8,3.0
2023-10-07,Everton,Bournemouth,3,0,H,25,11,8,4,8,7,1.97,3.7,3.81,4,2,3,1,1.2,0.6,1.4,2.2,16.0,11.2,5.0,3.4,4.2,3.8
2023-10-07,Fulham,Sheffield United,3,1,H,20,5,6,2,9,4,1.64,3.96,5.69,5,1,7,3,0.8,0.8,1.8,3.2,9.4,10.2,3.4,3.6,4.8,2.6
2023-10-07,Luton,Tottenham,0,1,A,12,15,2,4,5,6,6.46,4.79,1.48,4,13,1,11,1.0,2.6,1.4,1.2,14.0,20.4,2.4,7.8,6.8,7.4
2023-10-07,Man United,Brentford,2,1,H,21,11,8,3,7,5,1.69,4.2,4.78,6,3,9,7,1.2,1.0,1.8,1.6,14.4,14.8,4.6,3.4,7.4,5.6
2023-10-08,Arsenal,Man City,1,0,H,12,4,2,1,5,4,2.92,3.49,2.44,11,12,11,9,2.4,2.6,1.0,1.0,15.4,19.2,6.8,8.2,9.6,7.8
2023-10-08,Brighton,Liverpool,2,2,D,14,14,3,4,8,1,3.05,4.01,2.17,9,12,10,8,2.2,2.4,2.4,1.0,14.8,15.2,6.2,5.0,6.0,6.4
2023-10-08,West Ham,Newcastle,2,2,D,5,10,3,3,4,2,3.32,3.72,2.13,9,9,12,5,1.8,2.6,1.6,1.0,11.6,16.6,4.4,7.0,5.0,5.4
2023-10-08,Wolves,Aston Villa,1,1,D,8,18,3,4,2,10,3.4,3.59,2.14,7,12,7,7,1.4,2.6,1.6,1.2,8.0,15.0,2.4,6.0,1.4,5.0
2023-10-21,Bournemouth,Wolves,1,2,A,7,20,4,7,3,12,2.41,3.48,2.95,2,5,2,4,0.6,1.4,2.4,1.8,11.2,7.4,3.6,2.6,4.0,1.8
2023-10-21,Brentford,Burnley,3,0,H,23,6,10,1,5,5,1.83,3.74,4.4,2,4,6,5,1.0,0.8,1.8,1.8,14.6,10.8,3.8,3.2,5.0,5.8
2023-10-21,Chelsea,Arsenal,2,2,D,11,13,5,3,2,7,3.24,3.47,2.26,7,13,5,12,1.2,2.2,0.6,0.6,13.0,14.0,4.2,5.0,4.8,9.0
2023-10-21,Liverpool,Everton,2,0,H,26,6,6,1,12,4,1.36,5.66,8.01,10,7,13,8,2.4,1.8,1.2,1.2,16.2,18.0,5.0,5.2,4.8,4.4
2023-10-21,Man City,Brighton,2,1,H,10,5,6,3,2,2,1.41,5.36,6.83,9,10,15,6,2.2,2.4,1.0,2.2,14.0,12.6,6.6,4.8,6.2,4.2
2023-10-21,Newcastle,Crystal Palace,4,0,H,10,17,7,3,6,8,1.46,4.53,7.44,10,8,10,8,2.8,1.0,1.0,1.0,14.0,9.0,6.0,4.2,4.8,3.2
2023-10-21,Nott'm Forest,Luton,2,2,D,19,13,8,4,4,2,1.69,3.82,5.33,6,4,11,3,0.6,0.8,0.8,1.2,10.6,13.2,3.2,2.6,3.8,6.0
2023-10-21,Sheffield United,Man United,1,2,A,12,14,6,5,5,4,7.27,5.07,1.42,1,6,4,6,0.8,1.0,3.4,1.6,10.0,15.0,3.6,4.4,3.2,6.6
2023-10-22,Aston Villa,West Ham,4,1,H,15,14,7,4,8,7,1.9,3.86,3.88,10,7,15,7,2.2,1.6,1.2,1.8,15.4,10.2,5.6,4.4,5.8,5.0
2023-10-23,Tottenham,Fulham,2,0,H,15,10,5,3,3,5,1.51,4.7,5.99,13,7,12,5,2.4,1.0,1.2,1.6,20.0,11.8,7.4,4.0,8.2,6.0
2023-10-27,Crystal Palace,Tottenham,1,2,A,13,10,3,1,11,2,4.64,3.83,1.79,5,13,6,11,0.4,1.8,1.4,0.8,9.2,19.0,2.6,6.4,4.0,8.0
2023-10-28,Arsenal,Sheffield United,5,0,H,13,2,8,0,6,1,1.13,9.61,21.6,11,0,11,0,2.0,0.6,0.8,3.4,13.2,9.8,4.6,3.2,8.0,3.4
2023-10-28,Bournemouth,Burnley,2,1,H,13,6,6,3,10,5,2.13,3.66,3.38,1,3,2,5,0.4,0.6,2.4,2.2,10.2,10.0,3.4,2.8,4.2,6.0
2023-10-28,Chelsea,Brentford,0,2,A,17,7,2,5,10,1,1.65,4.1,5.31,8,4,5,7,1.6,1.2,0.8,1.4,11.0,15.0,4.8,4.4,3.6,5.0
2023-10-28,Wolves,Newcastle,2,2,D,11,13,6,5,8,7,4.26,3.94,1.82,8,13,5,5,1.4,3.4,1.4,0.4,9.0,14.2,3.2,7.0,3.8,5.4
2023-10-29,Aston Villa,Luton,3,1,H,17,7,6,1,6,4,1.28,6.19,10.79,13,5,15,4,3.0,1.2,0.8,1.4,16.6,14.4,6.4,3.0,6.8,6.0
2023-10-29,Brighton,Fulham,1,1,D,18,10,7,5,7,3,1.56,4.6,5.42,7,7,10,5,2.0,0.8,2.4,1.0,10.6,12.6,4.2,3.8,3.6,6.0
2023-10-29,Liverpool,Nott'm Forest,3,0,H,21,9,8,1,8,3,1.27,6.38,10.39,10,4,13,4,2.2,0.8,1.2,1.2,18.0,13.0,5.4,4.2,5.8,4.6
2023-10-29,Man United,Man City,0,3,A,7,21,3,10,7,12,4.99,4.04,1.69,9,9,9,9,1.2,1.6,1.2,1.0,15.8,14.6,5.0,6.8,6.8,5.8
2023-10-29,West Ham,Everton,0,1,A,12,10,2,4,4,3,2.15,3.64,3.32,4,6,10,5,1.4,1.4,2.4,1.2,11.2,16.0,4.6,4.2,5.2,4.0
2023-11-04,Brentford,West Ham,3,2,H,16,12,4,2,4,3,2.08,3.67,3.46,7,4,6,7,1.6,1.2,1.2,2.0,14.2,12.4,5.0,4.4,4.6,5.2
2023-11-04,Burnley,Crystal Palace,0,2,A,17,4,5,3,12,1,2.85,3.23,2.63,3,5,0,7,0.8,0.4,2.4,1.2,8.8,10.6,2.6,2.6,5.2,5.8
2023-11-04,Everton,Brighton,1,1,D,10,7,4,2,3,3,3.09,3.81,2.2,9,5,3,6,1.6,1.6,1.0,2.4,16.4,12.2,4.8,4.0,4.4,4.8
2023-11-04,Fulham,Man United,0,1,A,18,12,3,5,9,4,3.24,3.61,2.2,5,9,7,9,0.8,1.0,1.2,1.2,12.0,14.4,4.4,4.8,5.4,6.6
2023-11-04,Man City,Bournemouth,6,1,H,21,5,8,1,12,1,1.1,11.39,26.19,9,3,15,1,1.6,0.8,0.8,2.6,13.0,10.2,5.8,3.8,6.0,6.0
2023-11-04,Newcastle,Arsenal,1,0,H,9,14,2,1,0,11,2.82,3.39,2.56,11,11,12,10,3.6,2.8,0.8,0.8,15.0,13.2,7.6,5.4,5.2,7.0
2023-11-04,Sheffield United,Wolves,2,1,H,11,10,2,3,4,4,3.83,3.64,1.98,0,9,1,7,0.4,1.6,4.0,1.2,8.8,9.0,2.2,4.0,3.2,4.6
2023-11-05,Luton,Liverpool,1,1,D,8,24,5,6,4,7,11.46,6.8,1.24,4,10,1,8,1.2,2.2,1.8,1.0,11.8,19.0,2.4,5.8,4.8,6.6
2023-11-05,Nott'm Forest,Aston Villa,2,0,H,5,13,3,3,0,10,4.09,3.77,1.89,3,13,9,7,0.6,3.0,1.6,0.8,12.0,16.8,3.6,6.6,4.2,7.2
2023-11-06,Tottenham,Chelsea,1,4,A,8,17,5,8,1,6,2.13,3.73,3.29,13,7,12,7,1.8,1.6,0.8,1.2,15.4,11.6,4.6,4.0,5.4,4.2
2023-11-11,Arsenal,Burnley,3,1,H,16,8,6,5,3,3,1.19,7.34,15.07,10,3,11,4,2.4,0.8,0.6,2.4,13.4,10.6,4.4,3.2,7.0,7.0
2023-11-11,Bournemouth,Newcastle,2,0,H,19,8,10,5,6,5,4.67,4.03,1.73,3,11,4,5,0.8,2.2,3.2,0.8,8.8,12.4,3.2,5.0,5.4,4.0
2023-11-11,Crystal Palace,Everton,2,3,A,13,8,4,4,9,2,2.44,3.21,3.11,7,7,5,7,0.8,1.2,1.2,1.0,10.0,14.8,2.6,4.4,5.4,4.2
2023-11-11,Man United,Luton,1,0,H,15,10,4,4,11,3,1.33,5.6,9.17,9,2,6,4,1.0,1.0,1.2,1.8,14.6,11.6,5.0,3.0,6.4,4.4
2023-11-11,Wolves,Tottenham,2,1,H,17,6,4,2,11,3,3.13,3.73,2.21,8,12,5,13,1.6,1.6,1.4,1.2,10.4,14.4,4.0,4.6,5.2,4.8
2023-11-12,Aston Villa,Fulham,3,1,H,12,9,6,5,2,2,1.59,4.28,5.66,10,4,15,3,2.8,0.8,1.2,1.4,16.4,13.6,5.8,4.0,7.0,6.8
2023-11-12,Brighton,Sheffield United,1,1,D,11,9,6,1,6,3,1.24,6.73,11.71,3,3,8,0,1.2,0.8,2.4,2.6,11.0,9.2,3.6,2.4,4.6,3.6
2023-11-12,Chelsea,Man City,4,4,D,17,15,9,10,3,3,4.93,3.83,1.74,10,9,4,9,2.4,2.4,1.2,1.0,13.0,15.8,4.8,6.6,4.4,7.2
2023-11-12,Liverpool,Brentford,3,0,H,17,16,10,3,6,8,1.42,5.16,7.05,8,10,15,7,1.8,2.0,1.0,1.0,19.4,15.0,5.6,5.4,6.6,5.2
2023-11-12,West Ham,Nott'm Forest,3,2,H,16,10,6,5,9,4,1.89,3.77,4.09,4,6,7,4,1.4,1.0,2.0,1.2,12.6,11.0,4.0,3.6,5.0,3.0
2023-11-25,Brentford,Arsenal,0,1,A,9,15,3,4,1,8,4.64,3.84,1.77,9,10,8,10,1.8,2.2,1.4,0.8,14.6,13.6,5.0,4.0,4.6,6.4
2023-11-25,Burnley,West Ham,1,2,A,11,11,5,3,4,5,3.47,3.62,2.1,0,4,0,6,0.6,1.6,2.8,2.4,9.4,11.8,3.4,3.4,6.4,5.4
2023-11-25,Luton,Crystal Palace,2,1,H,8,16,3,8,4,5,3.63,3.38,2.13,2,4,2,7,0.8,1.0,1.6,1.8,10.0,11.0,3.2,3.0,3.6,6.4
2023-11-25,Man City,Liverpool,1,1,D,16,8,5,3,9,6,1.75,4.31,4.29,10,11,15,8,3.0,2.2,1.4,0.6,14.2,20.4,7.0,6.8,6.6,6.8
2023-11-25,Newcastle,Chelsea,4,1,H,14,7,5,4,4,2,2.62,3.5,2.68,8,8,12,10,1.8,2.8,1.2,2.0,10.0,14.2,4.4,5.8,4.0,4.8
2023-11-25,Nott'm Forest,Brighton,2,3,A,18,11,5,5,6,4,3.22,3.64,2.2,5,4,9,7,1.2,1.2,1.6,1.4,11.8,11.0,4.4,4.2,3.6,5.2
2023-11-25,Sheffield United,Bournemouth,1,3,A,10,23,2,11,4,7,3.29,3.53,2.21,4,6,4,1,1.0,1.2,2.4,2.4,7.8,11.0,2.2,5.0,3.4,5.4
2023-11-26,Everton,Man United,0,3,A,24,9,6,4,6,5,2.74,3.52,2.56,10,12,4,9,1.6,1.2,1.0,1.0,11.8,13.8,4.2,5.0,4.0,6.6
2023-11-26,Tottenham,Aston Villa,1,2,A,18,15,8,5,9,3,2.35,3.89,2.8,9,10,12,7,1.4,2.2,1.4,1.2,10.8,15.0,3.4,5.2,3.0,7.2
2023-11-27,Fulham,Wolves,3,2,H,12,10,6,6,6,2,2.43,3.34,3.02,4,8,6,7,1.0,1.6,1.6,1.4,13.4,13.2,4.4,4.6,5.6,7.4
2023-12-02,Arsenal,Wolves,2,1,H,19,6,6,3,4,0,1.27,5.95,11.58,10,7,13,4,2.2,1.8,0.8,1.8,14.2,13.6,4.4,5.2,7.0,7.4
2023-12-02,Brentford,Luton,3,1,H,27,7,6,1,7,5,1.48,4.63,6.88,9,5,7,4,1.6,1.2,1.2,1.6,14.2,9.2,5.0,3.4,3.8,3.4
2023-12-02,Burnley,Sheffield United,5,0,H,19,6,7,3,6,1,1.83,3.68,4.55,0,4,0,1,0.6,1.0,2.4,2.4,9.6,8.8,3.8,2.2,5.8,3.4
2023-12-02,Newcastle,Man United,1,0,H,22,8,4,1,7,3,1.94,3.84,3.84,10,12,15,12,2.2,1.4,1.0,0.8,10.8,11.4,4.8,4.2,4.4,6.2
2023-12-02,Nott'm Forest,Everton,0,1,A,13,12,2,3,4,3,2.8,3.35,2.62,4,7,6,10,1.6,1.0,2.2,1.6,12.2,11.6,4.4,3.8,3.4,3.6
2023-12-03,Bournemouth,Aston Villa,2,2,D,15,11,7,3,7,7,3.45,4.0,2.01,9,12,7,7,1.8,2.4,2.0,1.2,13.4,14.4,6.4,5.4,5.4,5.8
2023-12-03,Chelsea,Brighton,3,2,H,8,18,5,9,5,8,1.75,4.24,4.37,5,6,2,7,2.2,1.4,2.6,1.4,13.8,10.4,5.6,4.6,4.6,4.4
2023-12-03,Liverpool,Fulham,4,3,H,26,9,12,5,3,4,1.26,6.62,10.56,11,4,15,2,2.0,1.0,0.4,1.8,19.2,11.8,6.6,4.4,7.8,5.0
2023-12-03,Man City,Tottenham,3,3,D,18,8,4,4,10,8,1.3,6.18,9.27,11,6,13,10,3.2,1.4,1.4,1.8,16.6,11.4,7.8,4.2,7.6,3.6
2023-12-03,West Ham,Crystal Palace,1,1,D,9,9,3,2,2,3,2.02,3.53,3.84,6,3,7,6,1.6,1.2,2.2,2.2,13.0,12.6,3.4,4.2,5.6,6.8
2023-12-05,Luton,Arsenal,3,4,A,6,23,4,9,3,8,14.98,6.73,1.21,4,12,5,10,1.0,2.2,1.8,0.6,8.0,15.4,2.8,5.0,4.0,6.4
2023-12-05,Wolves,Burnley,1,0,H,7,12,4,3,6,8,1.89,3.62,4.31,4,3,8,3,1.6,1.6,2.0,1.8,10.8,12.2,4.4,5.0,5.0,6.0
2023-12-06,Aston Villa,Man City,1,0,H,22,2,7,2,6,0,4.45,4.26,1.73,10,9,15,7,2.0,3.4,1.4,1.8,13.6,18.2,4.6,7.4,5.6,9.2
2023-12-06,Brighton,Brentford,2,1,H,18,8,7,2,7,3,1.93,3.91,3.77,6,9,9,4,1.6,1.6,1.6,1.4,13.0,15.0,5.8,4.2,5.6,4.2
2023-12-06,Crystal Palace,Bournemouth,0,2,A,16,11,3,4,3,9,2.27,3.45,3.25,4,10,5,4,1.4,2.0,1.6,2.0,11.0,15.0,4.0,7.0,5.8,6.2
2023-12-06,Fulham,Nott'm Forest,5,0,H,14,4,6,1,6,1,2.05,3.49,3.78,4,3,9,4,1.6,1.2,2.2,2.0,11.6,11.0,4.8,3.2,4.8,3.4
2023-12-06,Man United,Chelsea,2,1,H,28,13,9,3,12,4,2.82,3.65,2.43,9,7,6,10,1.0,2.4,0.8,2.6,10.2,13.2,3.4,5.6,6.0,5.2
2023-12-06,Sheffield United,Liverpool,0,2,A,6,15,1,8,2,12,13.54,7.67,1.2,4,11,4,6,0.8,2.4,3.0,1.0,7.6,19.2,1.6,7.8,2.6,6.0
2023-12-07,Everton,Newcastle,3,0,H,21,13,6,3,5,2,3.13,3.44,2.33,10,10,4,5,1.2,1.6,1.2,1.0,12.8,13.2,4.2,4.2,3.4,4.6
2023-12-07,Tottenham,West Ham,1,2,A,23,11,7,5,8,4,1.79,4.22,4.08,4,7,9,6,1.6,1.6,2.4,1.6,10.0,12.0,4.0,3.2,4.6,4.6
2023-12-09,Aston Villa,Arsenal,1,0,H,10,12,3,5,3,3,3.41,3.66,2.11,10,12,15,10,1.6,2.0,1.2,1.2,14.6,17.4,4.8,5.2,5.6,6.8
2023-12-09,Brighton,Burnley,1,1,D,29,6,11,3,9,1,1.5,4.69,6.18,8,3,9,3,1.8,1.4,1.6,1.6,13.0,13.4,5.8,5.0,5.6,6.6
2023-12-09,Crystal Palace,Liverpool,1,2,A,8,14,4,2,6,5,6.12,4.54,1.52,4,11,2,6,1.2,2.2,1.6,1.0,11.6,18.0,4.0,7.8,4.2,6.8
2023-12-09,Man United,Bournemouth,0,3,A,20,10,3,4,10,4,1.55,4.65,5.54,12,10,9,6,1.4,2.0,0.4,1.8,14.4,14.6,4.6,6.6,7.0,6.0
2023-12-09,Sheffield United,Brentford,1,0,H,9,10,4,4,3,4,4.48,3.82,1.8,4,6,3,4,0.8,1.4,2.4,1.8,8.4,15.2,1.8,3.6,2.8,4.6
2023-12-09,Wolves,Nott'm Forest,1,1,D,10,8,4,2,4,3,1.87,3.64,4.34,6,3,11,1,1.4,1.2,1.6,2.4,10.0,10.0,4.0,3.2,4.6,3.0
2023-12-10,Everton,Chelsea,2,0,H,9,16,5,4,4,8,3.02,3.59,2.31,10,7,7,9,1.6,2.6,1.2,2.6,15.0,12.4,4.6,5.8,3.8,4.0
2023-12-10,Fulham,West Ham,5,0,H,14,9,8,5,3,6,2.39,3.49,2.95,6,10,9,6,2.4,2.0,2.0,1.6,12.4,11.8,5.0,3.8,5.4,4.6
2023-12-10,Luton,Man City,1,2,A,4,18,2,6,6,3,18.02,8.94,1.15,4,6,4,4,1.4,2.8,2.0,2.0,7.8,14.4,3.4,5.8,3.8,6.8
2023-12-10,Tottenham,Newcastle,4,1,H,23,9,12,3,3,6,2.2,3.84,3.05,1,9,6,5,1.4,1.2,2.6,1.2,12.6,13.2,5.2,3.8,5.8,3.6
2023-12-15,Nott'm Forest,Tottenham,0,2,A,15,12,1,6,6,4,4.52,4.13,1.74,1,4,5,8,1.0,2.0,2.6,2.0,10.6,15.6,3.0,6.6,3.6,6.2
2023-12-16,Burnley,Everton,0,2,A,14,9,2,6,8,6,3.55,3.45,2.14,4,12,3,12,1.6,1.8,1.4,1.0,11.2,14.8,4.6,4.8,4.4,4.0
2023-12-16,Chelsea,Sheffield United,2,0,H,15,6,6,1,7,6,1.24,6.49,12.28,4,4,5,1,1.8,0.6,2.8,2.2,12.2,8.0,5.0,2.2,4.4,2.6
2023-12-16,Man City,Crystal Palace,2,2,D,19,5,9,2,6,1,1.18,7.77,16.06,6,1,11,7,2.0,1.0,2.0,2.0,13.8,12.4,5.4,4.2,5.0,5.2
2023-12-16,Newcastle,Fulham,3,0,H,27,6,10,4,5,1,1.87,3.91,4.03,6,9,15,2,1.2,3.4,2.0,1.8,13.2,11.6,4.0,6.0,4.8,4.2
2023-12-17,Arsenal,Brighton,2,0,H,26,6,9,1,10,1,1.48,4.73,6.5,12,8,13,4,2.0,1.8,1.2,1.6,17.0,17.4,6.0,7.6,5.2,6.8
2023-12-17,Brentford,Aston Villa,1,2,A,4,15,3,5,7,12,3.26,3.71,2.16,3,13,9,8,0.8,1.8,1.6,0.8,14.0,14.0,3.6,4.8,4.6,4.2
2023-12-17,Liverpool,Man United,0,0,D,34,6,8,1,12,0,1.32,6.09,8.5,13,9,15,12,2.4,1.2,1.0,1.0,16.0,16.0,7.0,4.2,6.4,8.2
2023-12-17,West Ham,Wolves,3,0,H,13,14,4,3,6,6,2.16,3.55,3.4,10,7,8,4,1.6,1.4,2.0,1.4,11.2,10.0,4.4,4.2,5.2,4.6
2023-12-21,Crystal Palace,Brighton,1,1,D,11,18,3,6,3,1,3.35,3.5,2.18,2,7,1,4,1.0,1.6,1.8,1.8,10.8,16.4,3.8,6.6,3.6,5.8
2023-12-22,Aston Villa,Sheffield United,1,1,D,12,5,4,2,9,1,1.24,6.67,11.7,13,3,15,1,1.6,0.4,0.8,2.4,14.6,7.4,4.6,2.2,6.2,3.2
2023-12-23,Fulham,Burnley,0,2,A,19,7,5,2,8,6,1.7,3.94,5.01,9,4,12,1,3.2,1.4,1.8,1.2,11.0,12.4,5.8,4.0,4.0,5.4
2023-12-23,Liverpool,Arsenal,1,1,D,13,13,3,2,4,5,2.43,3.63,2.83,11,12,13,7,1.8,1.8,1.0,1.0,19.4,19.0,6.6,6.6,7.6,6.6
2023-12-23,Luton,Newcastle,1,0,H,16,15,5,2,6,7,5.0,4.23,1.65,3,9,4,2,1.4,1.8,2.2,1.6,7.0,17.0,2.8,5.0,4.2,4.8
2023-12-23,Nott'm Forest,Bournemouth,2,3,A,11,18,5,7,6,6,2.76,3.49,2.54,1,13,4,9,0.6,2.4,2.4,0.6,11.6,15.6,2.2,7.2,4.0,6.6
2023-12-23,Tottenham,Everton,2,1,H,13,18,6,8,3,8,1.8,4.16,4.08,7,12,6,12,2.2,1.6,1.6,0.6,16.8,15.0,7.4,5.2,6.4,4.8
2023-12-23,West Ham,Man United,2,0,H,12,11,5,3,4,4,2.61,3.65,2.6,10,7,8,10,1.6,1.0,1.6,1.0,10.6,14.2,4.0,3.6,4.6,6.0
2023-12-24,Wolves,Chelsea,2,1,H,14,16,6,5,10,6,3.73,3.73,1.98,4,6,9,6,1.0,1.4,1.8,2.0,9.4,11.8,4.0,4.4,3.6,5.2
2023-12-26,Bournemouth,Fulham,3,0,H,16,8,4,3,6,5,2.22,3.62,3.2,13,6,7,1,2.6,2.6,1.0,1.8,15.4,12.4,6.6,5.6,6.6,4.4
2023-12-26,Burnley,Liverpool,0,2,A,9,19,0,10,4,4,7.67,5.3,1.39,7,11,3,9,1.6,1.8,0.8,1.0,11.6,20.4,3.4,6.6,5.8,7.2
2023-12-26,Man United,Aston Villa,3,2,H,13,10,7,4,3,6,2.63,3.63,2.61,4,11,9,8,0.4,1.4,1.4,0.8,14.6,14.0,3.4,4.4,5.8,7.4
2023-12-26,Newcastle,Nott'm Forest,1,3,A,19,15,7,6,10,2,1.51,4.41,6.57,6,1,15,2,1.0,0.6,1.6,2.4,17.2,10.2,4.4,2.2,5.4,4.0
2023-12-26,Sheffield United,Luton,2,3,A,21,12,6,4,9,4,2.41,3.32,3.07,4,6,6,4,0.4,1.6,2.0,2.0,6.4,8.2,2.2,3.0,2.6,4.8
2023-12-27,Brentford,Wolves,1,4,A,14,11,4,5,8,2,1.96,3.59,3.97,3,7,9,3,1.0,1.0,1.4,1.4,11.6,10.2,3.6,4.0,4.4,5.2
2023-12-27,Chelsea,Crystal Palace,2,1,H,9,13,4,5,4,3,1.7,3.91,5.02,6,3,8,5,1.4,1.0,1.6,1.6,13.6,9.8,4.6,2.8,6.0,3.2
2023-12-27,Everton,Man City,1,3,A,7,23,2,9,8,4,5.84,4.17,1.59,12,6,10,7,1.8,1.6,0.4,1.6,13.8,14.6,5.6,5.2,5.2,5.6
2023-12-28,Arsenal,West Ham,0,2,A,30,6,8,3,10,3,1.35,5.39,8.64,10,10,15,6,1.8,1.6,1.2,1.4,18.6,10.8,6.2,4.4,6.0,4.4
2023-12-28,Brighton,Tottenham,4,2,H,15,19,9,3,7,6,2.52,3.9,2.57,5,10,7,10,1.2,2.4,1.6,1.4,17.8,15.8,6.8,7.0,5.2,5.2
2023-12-30,Aston Villa,Burnley,3,2,H,19,9,7,5,6,2,1.37,5.27,8.15,10,4,13,4,1.4,0.6,1.0,1.2,13.8,9.6,4.6,2.0,7.2,5.4
2023-12-30,Crystal Palace,Brentford,3,1,H,13,9,6,4,7,4,2.23,3.33,3.43,2,3,1,3,1.0,1.2,1.8,2.0,10.6,12.6,3.4,3.8,3.2,5.8
2023-12-30,Luton,Chelsea,2,3,A,15,12,6,8,7,2,6.04,4.53,1.53,6,6,7,3,1.8,1.2,2.2,1.4,9.0,13.8,3.2,4.4,4.8,5.8
2023-12-30,Man City,Sheffield United,2,0,H,18,4,4,2,12,2,1.08,12.85,29.4,8,4,9,2,2.0,0.8,1.6,1.6,16.0,9.4,6.0,2.8,4.6,4.2
2023-12-30,Nott'm Forest,Man United,2,1,H,8,10,2,5,4,5,3.27,3.68,2.16,4,7,3,7,1.2,1.0,2.4,1.6,10.6,15.6,3.0,4.6,3.6,5.8
2023-12-30,Wolves,Everton,3,0,H,12,10,6,0,5,2,2.64,3.38,2.74,10,9,11,12,1.6,1.8,1.2,1.0,11.2,12.8,4.4,5.4,5.6,6.2
2023-12-31,Fulham,Arsenal,2,1,H,15,13,4,3,5,4,5.74,4.29,1.57,6,7,9,7,2.0,1.4,1.6,1.4,12.2,20.8,5.2,6.6,4.6,7.2
2023-12-31,Tottenham,Bournemouth,3,1,H,12,24,6,4,4,13,1.78,4.33,4.04,9,13,6,12,2.2,2.6,1.6,0.8,18.0,14.0,6.8,5.2,4.8,6.4
2024-01-01,Liverpool,Newcastle,4,2,H,34,5,15,3,7,3,1.46,4.88,6.56,11,3,11,1,1.4,1.0,0.4,2.2,19.0,16.6,6.2,5.0,7.4,6.0
2024-01-02,West Ham,Brighton,0,0,D,6,22,2,8,2,0,2.47,3.7,2.73,12,8,10,5,1.8,1.6,1.2,1.4,10.2,17.2,4.4,6.8,4.6,5.0
2024-01-12,Burnley,Luton,1,1,D,13,14,7,5,2,8,2.03,3.58,3.74,4,6,3,4,1.0,2.0,1.6,2.2,9.0,10.6,2.4,4.2,4.2,5.2
2024-01-13,Chelsea,Fulham,1,0,H,17,14,3,4,6,4,1.64,4.24,5.19,9,6,10,1,1.6,1.4,1.4,1.8,13.6,12.4,5.4,4.8,5.4,4.4
2024-01-13,Newcastle,Man City,2,3,A,12,27,5,11,3,13,5.5,4.47,1.57,3,10,12,10,1.4,1.8,2.4,1.0,15.0,16.0,5.0,6.0,6.2,5.0
2024-01-14,Everton,Aston Villa,0,0,D,10,16,2,5,4,5,2.79,3.62,2.45,6,10,7,7,1.2,1.8,1.6,1.4,10.6,13.2,4.2,4.6,5.6,7.2
2024-01-14,Man United,Tottenham,2,2,D,9,16,2,6,8,13,2.2,3.93,3.0,4,12,9,7,0.8,2.6,1.8,1.4,12.0,15.8,3.8,6.6,4.4,4.0
2024-01-20,Arsenal,Crystal Palace,5,0,H,21,12,6,5,6,7,1.29,5.74,11.19,4,5,12,5,0.8,1.6,1.2,1.6,18.8,10.0,5.4,4.0,6.4,4.0
2024-01-20,Brentford,Nott'm Forest,3,2,H,11,12,5,3,6,4,1.9,3.72,4.06,0,7,6,4,0.8,1.6,2.4,1.6,9.0,11.4,3.4,3.2,5.2,4.2
2024-01-21,Bournemouth,Liverpool,0,4,A,11,14,1,7,8,5,4.38,4.37,1.71,12,11,10,11,2.4,1.8,1.0,0.8,15.8,22.8,4.6,7.6,7.6,6.4
2024-01-21,Sheffield United,West Ham,2,2,D,21,16,6,5,4,1,3.43,3.43,2.18,4,10,6,9,0.8,1.4,1.6,1.0,9.0,9.2,3.0,3.8,4.2,4.2
2024-01-22,Brighton,Wolves,0,0,D,11,8,4,3,8,2,1.65,4.29,4.95,6,10,9,3,1.2,2.0,1.2,1.2,18.0,12.2,7.0,4.8,3.6,5.4
2024-01-30,Aston Villa,Newcastle,1,3,A,12,14,6,5,8,7,1.86,4.07,3.92,8,3,13,0,1.6,1.6,1.4,2.2,14.4,15.6,5.0,5.4,7.6,5.6
2024-01-30,Crystal Palace,Sheffield United,3,2,H,12,9,4,5,11,1,1.64,3.87,5.92,5,2,4,2,1.4,1.0,2.2,2.0,10.8,11.4,4.2,3.4,4.2,4.4
2024-01-30,Fulham,Everton,0,0,D,25,21,6,4,15,6,2.45,3.33,3.01,3,4,12,9,0.4,0.8,2.0,1.6,12.4,10.8,4.0,3.6,4.6,5.6
2024-01-30,Luton,Brighton,4,0,H,18,9,8,2,7,4,4.34,4.09,1.78,7,6,6,5,1.6,1.0,1.6,1.0,12.2,14.4,4.4,5.6,6.2,3.4
2024-01-30,Nott'm Forest,Arsenal,1,2,A,9,19,3,3,2,11,8.12,5.09,1.39,6,7,3,7,1.8,1.8,2.0,1.0,12.2,20.6,3.4,5.6,4.4,7.0
2024-01-31,Liverpool,Chelsea,4,1,H,28,4,13,3,8,1,1.58,4.61,5.15,11,12,11,3,2.2,1.8,0.6,1.0,22.8,13.8,8.6,5.2,6.4,5.0
2024-01-31,Man City,Burnley,3,1,H,14,8,4,3,7,3,1.1,11.19,24.13,13,4,9,4,2.4,1.0,1.2,1.6,21.0,10.4,7.8,3.2,7.6,4.4
2024-01-31,Tottenham,Brentford,3,2,H,19,9,5,5,5,3,1.67,4.34,4.75,10,3,9,3,2.2,1.2,1.6,2.4,14.4,9.6,5.4,4.0,6.0,5.8
2024-02-01,West Ham,Bournemouth,1,1,D,9,9,3,4,1,5,2.43,3.73,2.75,11,9,11,12,1.8,2.0,0.4,1.8,10.6,15.8,3.8,4.0,3.2,7.4
2024-02-01,Wolves,Man United,3,4,A,16,21,7,8,4,5,2.7,3.58,2.54,10,5,13,4,1.8,1.2,1.0,1.6,11.8,9.8,4.6,3.6,5.0,4.0
2024-02-03,Brighton,Crystal Palace,4,1,H,13,7,6,5,3,2,1.7,4.07,4.82,6,7,9,2,1.0,1.6,1.4,2.2,15.0,12.2,5.8,4.6,4.0,6.2
2024-02-03,Burnley,Fulham,2,2,D,12,15,4,7,2,13,2.94,3.45,2.43,4,4,4,0,1.2,0.4,1.8,1.4,9.2,16.2,3.4,4.4,3.4,7.4
2024-02-03,Everton,Tottenham,2,2,D,14,9,5,6,9,5,2.94,3.69,2.34,2,10,7,5,0.4,2.4,1.6,2.0,13.2,15.8,3.2,5.2,5.6,6.2
2024-02-03,Newcastle,Luton,4,4,D,19,11,6,8,8,2,1.43,4.97,7.02,3,10,9,4,1.6,2.2,2.4,1.2,13.0,15.0,4.4,5.6,6.0,6.4
2024-02-03,Sheffield United,Aston Villa,0,5,A,10,14,5,10,3,4,5.1,4.29,1.63,2,5,4,8,1.4,1.4,2.2,1.8,12.0,13.8,4.2,5.2,3.4,6.8
2024-02-04,Arsenal,Liverpool,3,1,H,15,10,7,1,2,4,2.25,3.67,3.07,7,13,12,13,1.8,3.0,1.2,0.8,19.2,21.6,4.4,9.6,7.2,5.6
2024-02-04,Bournemouth,Nott'm Forest,1,1,D,9,8,2,6,11,6,1.7,4.15,4.65,7,6,10,4,1.6,2.0,2.0,2.0,15.6,11.0,4.0,3.8,7.6,3.6
2024-02-04,Chelsea,Wolves,2,4,A,15,14,6,7,10,1,1.63,4.22,5.24,9,10,13,4,1.6,2.4,1.8,1.2,11.6,12.2,4.6,5.4,3.8,4.6
2024-02-04,Man United,West Ham,3,0,H,12,22,5,3,5,8,1.66,4.23,4.93,7,9,10,10,2.0,1.4,2.2,0.6,12.8,9.8,5.0,3.6,5.0,2.2
2024-02-05,Brentford,Man City,1,3,A,9,25,3,15,8,13,7.17,4.99,1.42,3,13,6,10,1.6,2.6,2.8,1.2,9.4,20.2,4.2,7.4,5.6,8.4
2024-02-10,Fulham,Bournemouth,3,1,H,7,25,6,4,1,14,2.4,3.58,2.88,5,5,10,10,0.8,1.2,1.4,1.8,15.4,13.8,4.8,3.0,8.4,8.6
2024-02-10,Liverpool,Burnley,3,1,H,25,9,10,4,9,3,1.16,8.4,15.8,12,2,11,4,3.0,1.2,1.2,2.2,21.0,10.2,9.2,3.8,5.6,2.6
2024-02-10,Luton,Sheffield United,1,3,A,20,7,5,3,13,1,1.77,3.88,4.59,8,1,6,1,2.8,1.2,2.0,3.0,14.0,13.0,6.2,4.8,5.6,3.8
2024-02-10,Man City,Everton,2,0,H,19,5,3,1,9,0,1.2,7.36,13.47,15,3,9,7,2.8,0.6,1.0,1.6,21.4,12.4,8.6,2.6,9.8,5.8
2024-02-10,Nott'm Forest,Newcastle,2,3,A,13,7,3,5,4,4,3.3,3.71,2.13,7,4,3,3,1.8,2.4,1.6,3.0,10.4,13.8,4.0,5.2,3.6,6.2
2024-02-10,Tottenham,Brighton,2,1,H,16,6,6,3,9,6,1.82,4.31,3.84,8,8,12,2,2.4,1.6,2.2,1.4,15.0,14.0,5.2,5.8,6.6,4.4
2024-02-10,Wolves,Brentford,0,2,A,17,9,5,6,7,4,2.12,3.66,3.38,10,3,10,0,2.8,1.6,1.4,3.0,12.2,10.4,5.6,4.2,2.8,5.8
2024-02-11,Aston Villa,Man United,1,2,A,23,17,10,5,10,8,2.17,3.83,3.11,7,10,10,4,2.2,2.6,1.6,1.8,14.2,13.0,6.4,5.4,5.8,5.2
2024-02-11,West Ham,Arsenal,0,6,A,5,25,1,12,2,6,5.81,4.38,1.55,6,9,9,7,1.0,2.2,1.2,1.2,11.8,19.6,3.2,5.4,3.0,6.6
2024-02-12,Crystal Palace,Chelsea,1,3,A,13,14,4,5,1,7,4.2,3.8,1.84,6,9,7,3,1.6,1.8,2.8,2.2,11.4,11.4,5.0,4.8,6.0,4.6
2024-02-17,Brentford,Liverpool,1,4,A,15,15,6,8,1,6,5.24,4.52,1.59,6,12,6,12,1.8,3.2,2.2,1.4,9.4,22.2,4.6,9.2,5.0,6.6
2024-02-17,Burnley,Arsenal,0,5,A,8,16,0,7,4,6,9.94,5.73,1.31,2,12,5,7,1.4,3.4,2.4,0.8,10.2,18.6,4.6,6.2,2.4,5.8
2024-02-17,Fulham,Aston Villa,1,2,A,15,12,4,3,4,4,2.94,3.77,2.29,8,7,10,8,1.4,2.0,1.0,1.4,15.2,16.8,5.4,7.6,7.6,6.6
2024-02-17,Man City,Chelsea,1,1,D,31,9,5,6,12,1,1.35,5.64,8.22,15,9,11,6,2.6,2.0,0.8,2.2,20.6,12.4,7.4,5.0,10.8,5.2
2024-02-17,Newcastle,Bournemouth,2,2,D,17,12,5,7,4,2,1.85,4.16,3.83,7,2,7,7,2.8,0.8,2.8,2.4,11.4,15.6,4.8,3.0,5.0,10.2
2024-02-17,Nott'm Forest,West Ham,2,0,H,19,10,8,3,5,3,2.43,3.51,2.9,4,3,3,7,1.6,0.6,2.0,2.4,10.0,11.6,3.4,2.8,4.0,2.8
2024-02-17,Tottenham,Wolves,1,2,A,15,12,4,7,10,4,1.55,4.75,5.37,11,7,15,7,2.4,2.0,1.6,1.6,14.4,13.4,5.8,5.6,7.2,3.8
2024-02-18,Luton,Man United,1,2,A,22,21,4,9,8,6,4.07,4.09,1.81,5,10,6,7,2.4,2.4,2.2,1.6,15.6,13.8,6.4,5.0,7.4,6.2
2024-02-18,Sheffield United,Brighton,0,5,A,6,24,1,10,5,10,4.92,4.3,1.65,4,5,4,2,1.4,1.0,2.6,1.4,10.2,12.2,4.2,4.6,2.2,4.2
2024-02-19,Everton,Crystal Palace,1,1,D,19,10,4,4,3,6,1.73,3.68,5.12,3,6,8,2,0.4,1.6,1.4,3.0,12.0,11.4,2.4,4.8,4.2,5.6
2024-02-20,Man City,Brentford,1,0,H,25,6,11,2,10,1,1.18,8.12,15.16,13,6,11,3,2.4,1.8,1.0,2.4,23.2,10.6,7.6,5.0,10.8,4.4
2024-02-21,Liverpool,Luton,4,1,H,29,12,13,3,13,4,1.2,7.72,13.14,12,5,11,5,3.2,2.2,1.2,2.0,18.4,17.0,7.8,6.0,6.4,7.6
2024-02-24,Arsenal,Newcastle,4,1,H,18,3,8,2,9,0,1.38,5.34,7.53,15,8,12,6,4.2,2.8,0.4,2.4,19.2,13.8,7.0,5.2,6.2,5.2
2024-02-24,Aston Villa,Nott'm Forest,4,2,H,16,10,6,3,7,2,1.55,4.54,5.63,7,4,7,5,1.8,1.6,1.2,1.8,15.4,12.2,6.8,4.6,6.2,4.2
2024-02-24,Bournemouth,Man City,0,1,A,13,15,4,6,3,8,6.96,5.16,1.42,3,13,8,12,1.0,2.0,2.2,0.6,13.2,22.8,3.6,7.6,8.0,10.2
2024-02-24,Brighton,Everton,1,1,D,23,6,7,3,11,3,1.84,3.93,4.1,7,4,11,4,2.0,0.6,1.4,1.0,12.6,13.8,5.0,3.2,6.2,4.4
2024-02-24,Crystal Palace,Burnley,3,0,H,15,2,6,0,12,3,2.01,3.46,3.92,4,2,7,4,1.2,1.0,3.0,2.8,10.8,10.0,4.4,3.6,5.4,2.8
2024-02-24,Man United,Fulham,1,2,A,21,17,9,5,10,9,1.58,4.47,5.33,13,5,10,1,2.6,1.2,1.4,1.2,16.0,15.2,5.8,5.4,6.4,7.4
2024-02-25,Wolves,Sheffield United,1,0,H,13,12,2,4,5,6,1.46,4.69,6.86,7,4,7,4,1.8,1.4,1.8,3.2,13.4,10.6,5.8,4.0,3.6,2.8
2024-02-26,West Ham,Brentford,4,2,H,17,14,6,8,1,7,2.5,3.6,2.73,2,3,8,3,0.6,1.2,2.8,2.2,12.4,9.6,3.0,4.4,3.0,3.4
2024-03-02,Brentford,Chelsea,2,2,D,14,17,5,6,0,6,3.07,3.86,2.19,3,7,3,7,1.2,1.6,2.4,2.0,10.6,11.8,5.0,4.6,4.2,5.0
2024-03-02,Everton,West Ham,1,3,A,22,12,11,5,4,5,2.09,3.57,3.52,4,4,6,4,0.8,1.0,1.2,2.8,13.0,12.6,3.4,3.2,4.2,3.0
2024-03-02,Fulham,Brighton,3,0,H,12,15,5,5,2,6,2.59,3.64,2.62,8,7,7,5,1.6,2.2,1.2,1.6,15.8,15.0,5.6,5.6,8.4,6.8
2024-03-02,Luton,Aston Villa,2,3,A,13,12,5,8,8,6,4.29,4.3,1.74,4,9,6,10,2.2,2.6,2.6,1.6,16.6,15.4,5.6,7.0,6.8,6.6
2024-03-02,Newcastle,Wolves,3,0,H,14,12,7,3,3,5,1.9,3.95,3.8,8,9,5,10,2.6,2.0,2.6,1.8,12.0,14.4,4.6,5.6,4.6,4.2
2024-03-02,Nott'm Forest,Liverpool,0,1,A,8,22,2,2,3,12,5.63,4.67,1.54,4,12,6,12,1.6,3.2,2.0,1.4,11.8,21.4,4.6,9.0,3.8,8.0
2024-03-02,Tottenham,Crystal Palace,3,1,H,14,4,6,1,11,1,1.49,4.66,6.26,8,7,12,2,2.0,1.8,1.8,2.0,15.0,11.4,5.4,4.6,8.4,6.4
2024-03-03,Burnley,Bournemouth,0,2,A,20,10,6,3,7,2,3.72,3.78,1.96,1,3,2,5,0.8,1.0,3.2,1.6,7.8,13.6,2.2,4.2,3.0,7.0
2024-03-03,Man City,Man United,3,1,H,27,3,8,1,15,2,1.27,6.33,10.06,13,12,13,9,1.6,2.4,0.4,1.4,23.0,18.4,8.0,7.2,10.4,6.8
2024-03-04,Sheffield United,Arsenal,0,6,A,4,22,0,10,0,7,16.28,7.82,1.17,3,15,4,10,1.0,4.0,3.0,0.6,8.8,18.6,3.6,7.4,3.2,6.8
2024-03-09,Arsenal,Brentford,2,1,H,17,9,6,4,10,4,1.23,6.84,12.02,15,4,12,3,4.8,1.4,0.4,2.2,19.2,11.6,8.8,5.4,6.0,2.6
2024-03-09,Bournemouth,Sheffield United,2,2,D,32,13,12,9,10,3,1.34,5.51,8.58,5,3,5,4,1.2,0.6,1.4,3.6,13.8,7.8,4.0,2.6,6.4,3.0
2024-03-09,Crystal Palace,Luton,1,1,D,21,8,4,2,8,6,1.78,3.89,4.49,4,1,10,5,1.4,1.8,2.2,3.2,9.8,15.6,4.0,5.0,4.4,7.0
2024-03-09,Man United,Everton,2,0,H,15,23,8,6,5,8,1.85,3.89,4.09,9,3,7,2,1.8,1.0,1.4,1.8,14.8,13.2,5.8,4.8,6.2,3.8
2024-03-09,Wolves,Fulham,2,1,H,8,23,3,6,3,4,2.54,3.45,2.79,9,10,9,4,1.4,2.2,1.6,1.2,13.6,13.2,4.8,5.4,4.4,5.8
2024-03-10,Aston Villa,Tottenham,0,4,A,10,9,1,5,6,4,2.42,4.08,2.62,12,10,7,6,3.0,2.2,1.4,1.6,15.4,14.6,7.4,5.4,6.2,8.0
2024-03-10,Brighton,Nott'm Forest,1,0,H,10,9,3,4,6,3,1.78,4.04,4.25,7,4,9,5,2.2,1.4,1.4,1.8,16.2,11.6,6.2,4.4,7.2,4.0
2024-03-10,Liverpool,Man City,1,1,D,19,10,6,6,7,4,2.95,3.83,2.25,12,13,13,15,2.6,1.6,1.2,0.4,20.2,23.4,6.8,6.6,8.8,10.8
2024-03-10,West Ham,Burnley,2,2,D,22,11,4,4,4,4,1.67,4.08,4.97,6,1,8,3,1.4,0.6,2.8,3.0,13.2,10.2,3.6,2.8,3.8,3.8
2024-03-11,Chelsea,Newcastle,3,2,H,12,11,8,3,0,4,1.94,4.08,3.54,5,8,12,6,1.8,2.6,2.4,2.4,11.8,12.0,5.2,5.0,5.0,3.8
2024-03-13,Bournemouth,Luton,4,3,H,24,8,10,4,11,3,1.5,4.77,6.0,5,1,5,6,1.4,1.2,1.6,2.6,18.4,15.0,6.0,3.8,6.2,7.8
2024-03-16,Burnley,Brentford,2,1,H,17,9,6,5,5,4,3.27,3.66,2.16,1,1,2,3,0.6,1.2,3.0,2.6,10.0,11.6,2.8,5.0,4.2,2.6
2024-03-16,Fulham,Tottenham,3,0,H,16,14,7,5,4,5,3.4,3.93,2.01,9,10,10,8,2.0,2.4,1.2,1.2,14.8,12.6,5.2,5.4,4.0,7.8
2024-03-16,Luton,Nott'm Forest,1,1,D,10,16,4,6,6,7,2.81,3.63,2.42,1,3,3,4,1.6,1.2,2.8,1.8,12.6,11.8,3.6,4.0,5.8,3.4
2024-03-17,West Ham,Aston Villa,1,1,D,13,13,5,5,7,11,2.65,3.73,2.51,7,9,6,10,1.8,2.0,2.6,2.2,13.2,14.6,3.8,5.6,3.0,6.6
2024-03-30,Aston Villa,Wolves,2,0,H,11,13,5,3,5,4,1.64,4.38,4.86,10,9,6,10,2.0,1.0,2.0,1.4,12.6,12.4,4.6,4.0,6.8,4.8
2024-03-30,Bournemouth,Everton,2,1,H,11,7,4,3,9,8,2.2,3.61,3.23,8,2,5,2,2.0,0.6,1.6,1.8,18.2,15.0,7.2,5.0,5.6,3.6
2024-03-30,Brentford,Man United,1,1,D,31,11,5,5,14,4,3.06,3.83,2.2,1,9,4,9,1.2,1.6,2.2,1.4,10.4,15.4,4.8,6.4,3.2,6.2
2024-03-30,Chelsea,Burnley,2,2,D,33,18,13,7,12,4,1.3,5.96,9.44,8,4,12,1,2.2,0.8,2.0,2.6,13.4,11.6,6.2,3.2,4.8,4.6
2024-03-30,Newcastle,West Ham,4,3,H,24,10,9,4,3,4,1.84,4.16,3.87,7,8,5,7,2.2,2.0,2.2,1.6,10.4,14.8,4.4,4.6,3.0,4.0
2024-03-30,Nott'm Forest,Crystal Palace,1,1,D,12,10,5,3,4,6,2.26,3.36,3.31,4,5,6,1,1.0,1.4,1.4,1.6,12.4,12.6,4.6,3.8,4.0,5.6
2024-03-30,Sheffield United,Fulham,3,3,D,8,24,4,9,2,15,4.64,4.03,1.73,4,9,1,4,1.0,2.0,3.0,1.0,8.4,16.6,3.4,5.4,3.0,4.6
2024-03-30,Tottenham,Luton,2,1,H,17,7,4,3,3,6,1.22,7.47,11.31,9,2,12,3,2.0,1.6,1.4,2.6,13.6,10.2,5.2,3.6,7.8,5.4
2024-03-31,Liverpool,Brighton,2,1,H,30,9,8,3,8,4,1.37,5.63,7.37,13,7,13,4,2.6,1.6,0.8,1.2,22.0,15.6,7.8,5.6,9.4,7.8
2024-03-31,Man City,Arsenal,0,0,D,12,6,1,2,7,4,1.92,3.8,3.86,11,15,13,12,1.4,4.6,0.6,0.4,21.6,19.6,7.2,8.6,9.8,7.6
2024-04-02,Bournemouth,Crystal Palace,1,0,H,11,3,6,2,9,2,1.99,3.76,3.69,10,6,8,2,2.0,1.4,1.4,1.2,18.0,12.0,6.6,3.6,7.0,6.6
2024-04-02,Burnley,Wolves,1,1,D,13,8,6,2,7,4,2.53,3.49,2.8,5,9,5,7,1.2,1.0,2.0,1.4,13.6,11.6,4.6,3.6,4.6,4.2
2024-04-02,Newcastle,Everton,1,1,D,18,10,6,3,7,3,2.01,3.82,3.55,7,2,8,2,2.4,0.8,2.4,1.8,13.8,15.4,5.2,5.4,2.8,5.2
2024-04-02,Nott'm Forest,Fulham,3,1,H,16,18,4,3,3,8,2.71,3.49,2.62,2,10,4,5,0.8,2.4,1.6,1.2,11.0,18.4,4.0,6.4,3.8,6.8
2024-04-02,West Ham,Tottenham,1,1,D,11,13,4,4,9,5,3.3,4.16,2.01,8,9,6,5,2.6,2.0,2.0,1.4,14.8,13.8,4.8,4.8,4.2,6.6
2024-04-03,Arsenal,Luton,2,0,H,13,5,4,1,3,1,1.1,11.25,22.73,13,2,12,2,3.4,1.6,0.4,2.2,15.8,9.2,6.6,3.6,7.2,5.8
2024-04-03,Brentford,Brighton,0,0,D,5,24,2,6,1,5,2.39,3.79,2.78,2,7,5,3,1.4,1.6,2.2,1.2,15.4,16.2,5.4,5.6,5.8,7.4
2024-04-03,Man City,Aston Villa,4,1,H,25,8,11,3,2,3,1.3,6.08,9.06,11,10,11,11,1.2,2.0,0.4,1.8,17.8,12.4,6.4,5.0,8.8,7.0
2024-04-04,Chelsea,Man United,4,3,H,28,19,10,5,12,3,2.02,4.05,3.31,9,7,10,10,2.2,1.4,1.6,1.4,17.0,14.2,7.6,6.4,5.2,5.4
2024-04-04,Liverpool,Sheffield United,3,1,H,29,8,9,3,13,1,1.08,12.59,25.43,13,2,13,4,2.4,1.0,0.8,3.4,23.0,8.6,7.4,3.6,9.2,3.2
2024-04-06,Aston Villa,Brentford,3,3,D,11,8,3,3,11,3,1.7,4.2,4.68,7,3,6,3,1.4,1.0,2.2,1.4,10.8,13.6,4.4,4.2,6.2,4.6
2024-04-06,Brighton,Arsenal,0,3,A,10,20,2,7,8,7,5.15,4.25,1.64,5,13,11,13,0.6,2.8,1.2,0.4,16.2,15.2,4.8,6.0,6.4,6.6
2024-04-06,Crystal Palace,Man City,2,4,A,7,18,4,8,2,9,10.3,5.59,1.31,5,11,10,13,1.2,1.8,1.2,0.6,10.6,17.8,3.2,6.4,5.8,7.2
2024-04-06,Everton,Burnley,1,0,H,12,6,3,1,3,5,1.67,4.07,5.04,2,6,3,2,0.8,1.4,1.8,1.6,13.6,15.8,5.2,5.8,5.2,5.4
2024-04-06,Fulham,Newcastle,0,1,A,14,12,4,5,14,3,2.37,3.82,2.81,7,7,10,6,2.2,2.2,1.6,2.2,18.6,14.0,6.0,5.4,6.6,3.4
2024-04-06,Luton,Bournemouth,2,1,H,19,8,9,1,7,2,3.68,4.04,1.91,2,13,4,5,1.2,2.2,2.0,1.2,7.6,17.6,2.8,7.0,4.4,8.2
2024-04-06,Wolves,West Ham,1,2,A,14,11,7,4,4,4,2.51,3.58,2.75,7,6,9,4,0.8,2.0,1.4,1.8,10.8,13.6,2.6,4.4,4.2,5.8
2024-04-07,Man United,Liverpool,2,2,D,9,28,5,7,6,11,4.69,4.65,1.63,4,13,10,12,1.6,2.2,2.0,0.8,13.8,25.8,5.6,7.6,4.8,10.6
2024-04-07,Sheffield United,Chelsea,2,2,D,11,6,6,3,7,6,6.88,5.28,1.41,2,9,2,8,1.2,2.4,3.0,2.0,9.0,19.8,4.0,8.6,2.4,6.2
2024-04-07,Tottenham,Nott'm Forest,3,1,H,17,13,7,6,12,2,1.4,5.3,7.23,10,5,12,2,2.0,1.0,1.2,1.0,13.4,12.2,4.8,4.2,5.6,4.0
2024-04-13,Bournemouth,Man United,2,2,D,20,8,5,2,7,2,2.42,3.91,2.68,10,5,10,7,2.0,1.8,1.6,2.0,17.2,11.4,6.6,4.8,8.2,4.0
2024-04-13,Brentford,Sheffield United,2,0,H,9,8,5,2,3,6,1.43,5.09,6.86,3,3,3,4,1.2,1.6,1.6,3.2,12.4,8.8,3.8,4.4,5.2,2.6
2024-04-13,Burnley,Brighton,1,1,D,11,20,3,8,4,5,3.5,3.8,2.02,6,4,5,4,1.4,0.4,1.4,1.6,13.0,13.6,4.8,3.8,5.0,5.8
2024-04-13,Man City,Luton,5,1,H,33,4,13,2,12,1,1.1,11.66,23.86,11,4,11,1,2.4,1.4,1.0,2.0,18.4,9.8,6.8,4.2,7.4,4.6
2024-04-13,Newcastle,Tottenham,4,0,H,18,11,5,2,16,3,2.75,4.02,2.34,10,10,9,6,2.2,2.0,1.4,1.2,15.8,14.0,6.0,5.0,4.0,5.8
2024-04-13,Nott'm Forest,Wolves,2,2,D,18,11,9,4,10,1,2.16,3.55,3.37,5,4,7,7,1.2,0.8,1.4,1.8,13.2,11.0,5.0,3.6,3.8,4.0
2024-04-14,Arsenal,Aston Villa,0,2,A,18,11,4,2,4,6,1.28,6.1,9.89,13,5,15,10,2.6,1.4,0.2,2.4,15.6,10.6,5.8,3.4,6.2,7.2
2024-04-14,Liverpool,Crystal Palace,0,1,A,21,8,6,5,11,1,1.21,7.37,13.35,11,2,13,2,1.8,1.0,1.0,2.0,25.6,9.0,6.4,2.8,10.2,3.8
2024-04-14,West Ham,Fulham,0,2,A,15,18,4,10,8,3,2.38,3.65,2.88,6,4,6,5,1.8,1.6,1.8,1.8,13.4,19.0,4.2,5.8,5.6,9.0
2024-04-15,Chelsea,Everton,6,0,H,14,10,10,2,4,8,1.71,4.2,4.53,9,4,10,2,2.6,0.8,2.2,1.6,19.2,14.8,8.0,5.2,7.2,5.2
2024-04-20,Luton,Brentford,1,5,A,6,21,3,9,4,9,3.18,3.75,2.17,4,6,4,1,1.0,1.4,2.2,1.2,9.0,12.4,3.8,4.0,4.2,5.0
2024-04-20,Sheffield United,Burnley,1,4,A,18,16,11,9,11,2,2.76,3.63,2.47,3,6,2,2,1.6,1.2,2.4,1.2,9.6,13.0,4.8,4.6,3.8,5.0
2024-04-20,Wolves,Arsenal,0,2,A,5,24,3,9,1,2,8.05,5.05,1.39,5,10,6,13,1.2,1.4,1.6,0.6,10.8,14.8,3.8,4.6,3.2,5.6
2024-04-21,Aston Villa,Bournemouth,3,1,H,14,14,4,6,8,4,1.87,4.11,3.76,8,10,7,5,1.8,2.0,1.6,1.6,10.8,14.8,3.6,5.2,7.2,7.6
2024-04-21,Crystal Palace,West Ham,5,2,H,18,4,7,1,4,0,2.15,3.59,3.34,5,5,7,6,1.0,1.4,1.4,1.8,9.8,12.0,3.6,4.2,3.8,6.4
2024-04-21,Everton,Nott'm Forest,2,0,H,7,8,4,3,6,4,2.07,3.52,3.63,4,6,6,2,0.6,1.6,2.2,1.6,12.4,15.0,3.4,6.0,6.0,5.2
2024-04-21,Fulham,Liverpool,1,3,A,12,14,5,7,1,4,5.19,4.67,1.57,7,8,9,10,1.8,1.6,1.4,1.2,18.0,25.4,6.6,7.2,8.8,10.0
2024-04-23,Arsenal,Chelsea,5,0,H,27,7,10,1,4,2,1.45,4.93,6.78,10,11,12,6,1.4,3.4,0.4,1.8,16.2,18.6,5.2,8.8,4.0,6.8
2024-04-24,Crystal Palace,Newcastle,2,0,H,20,7,7,2,7,2,2.76,3.68,2.43,7,10,7,9,1.8,2.4,1.6,1.4,9.2,16.6,4.2,5.6,3.0,6.6
2024-04-24,Everton,Liverpool,2,0,H,16,23,6,7,4,13,7.11,4.98,1.42,7,10,8,10,1.0,2.0,1.8,1.2,9.2,24.4,3.0,7.4,5.6,9.4
2024-04-24,Man United,Sheffield United,4,2,H,25,10,13,4,9,4,1.31,6.11,8.44,6,2,8,4,2.0,1.4,1.8,2.8,12.4,10.6,5.0,5.2,4.0,5.4
2024-04-24,Wolves,Bournemouth,0,1,A,15,21,4,6,8,12,2.72,3.6,2.52,2,7,6,4,0.8,1.4,1.8,1.6,10.2,12.8,3.8,4.4,2.8,6.2
2024-04-25,Brighton,Man City,0,4,A,7,14,3,6,4,4,6.65,4.95,1.44,5,11,8,13,0.6,2.8,1.2,1.0,14.6,19.6,4.4,7.8,5.6,6.8
2024-04-27,Aston Villa,Chelsea,2,2,D,9,21,4,5,2,4,2.17,3.9,3.06,10,8,10,6,2.2,2.8,1.6,2.4,11.0,17.6,3.4,7.4,6.6,7.2
2024-04-27,Everton,Brentford,1,0,H,18,10,1,4,6,6,2.36,3.5,2.97,10,9,10,4,1.2,2.2,1.4,1.0,11.0,14.8,3.6,4.8,4.8,6.0
2024-04-27,Fulham,Crystal Palace,1,1,D,9,14,2,4,5,9,2.11,3.6,3.42,4,9,6,5,1.4,2.0,2.0,1.4,17.2,11.2,6.2,5.0,8.2,3.2
2024-04-27,Man United,Burnley,1,1,D,27,16,10,7,6,5,1.52,4.9,5.44,6,6,10,5,2.4,1.6,2.2,1.2,14.4,12.8,6.0,5.2,4.8,4.4
2024-04-27,Newcastle,Sheffield United,5,1,H,20,15,7,5,4,5,1.23,7.04,11.1,10,1,11,1,2.0,1.2,1.2,3.0,15.8,11.0,5.4,5.2,6.2,5.8
2024-04-27,West Ham,Liverpool,2,2,D,11,28,8,8,5,8,5.63,4.89,1.51,4,7,6,10,1.6,1.6,2.6,1.4,10.2,23.0,3.4,7.2,5.0,10.4
2024-04-27,Wolves,Luton,2,1,H,13,9,5,6,4,4,1.98,3.83,3.58,2,3,6,1,0.8,1.0,1.6,3.0,10.6,8.2,4.0,3.6,3.6,3.8
2024-04-28,Bournemouth,Brighton,3,0,H,15,13,6,1,8,2,2.26,3.8,2.94,7,2,11,5,1.2,0.4,1.4,2.0,14.8,14.0,4.8,4.4,6.8,5.2
2024-04-28,Nott'm Forest,Man City,0,2,A,14,11,2,5,4,5,9.5,5.72,1.31,5,13,8,13,1.4,3.4,1.8,0.8,13.4,20.4,5.4,7.8,4.6,6.8
2024-04-28,Tottenham,Arsenal,2,3,A,14,9,2,3,8,6,4.12,4.07,1.8,7,12,12,13,1.2,2.4,2.0,0.4,14.4,20.4,4.4,6.8,5.6,4.0
2024-05-02,Chelsea,Tottenham,2,0,H,16,19,5,3,4,9,2.2,4.05,2.91,8,7,10,5,2.8,1.6,2.4,2.0,15.2,14.4,5.8,3.8,5.6,6.2
2024-05-03,Luton,Everton,1,1,D,18,10,5,3,8,7,2.66,3.58,2.62,3,12,4,2,1.0,1.2,3.0,1.2,8.6,12.6,4.2,3.2,3.4,5.4
2024-05-04,Arsenal,Bournemouth,3,0,H,25,7,9,2,6,1,1.2,7.59,12.74,12,7,12,7,2.6,1.6,0.8,1.4,19.6,15.6,6.6,4.8,4.6,6.6
2024-05-04,Brentford,Fulham,0,0,D,7,15,3,3,7,6,2.12,3.8,3.25,8,4,6,7,2.0,1.0,1.0,1.6,10.6,14.2,4.6,4.8,4.4,6.2
2024-05-04,Burnley,Newcastle,1,4,A,17,23,5,11,4,11,3.38,3.98,2.02,6,10,5,6,1.4,2.2,1.0,0.8,12.4,15.0,5.2,5.0,4.6,6.4
2024-05-04,Man City,Wolves,5,1,H,20,2,12,1,6,0,1.09,11.51,25.33,15,4,13,5,3.8,1.0,0.8,1.6,20.2,11.6,8.6,4.6,6.4,3.6
2024-05-04,Sheffield United,Nott'm Forest,1,3,A,17,15,5,4,5,3,4.68,4.25,1.69,1,4,2,1,1.2,1.2,3.4,2.0,12.4,13.8,5.6,4.8,6.6,4.6
2024-05-05,Brighton,Aston Villa,1,0,H,15,2,8,1,7,3,2.72,3.77,2.43,2,8,7,10,0.2,2.2,2.2,2.0,14.8,10.6,4.0,3.2,4.8,6.0
2024-05-05,Chelsea,West Ham,5,0,H,25,13,14,2,8,6,1.65,4.55,4.58,8,5,13,6,2.4,1.4,1.8,2.2,12.8,10.4,4.8,4.2,4.0,5.2
2024-05-05,Liverpool,Tottenham,4,2,H,25,11,13,6,8,3,1.48,5.26,5.61,5,4,10,4,1.4,1.2,1.6,2.2,22.8,14.8,7.0,3.6,9.4,7.4
2024-05-06,Crystal Palace,Man United,4,0,H,18,7,10,2,6,3,2.38,3.76,2.79,10,6,10,5,2.2,2.4,1.4,2.2,13.4,17.6,5.4,7.0,4.6,5.2
2024-05-11,Bournemouth,Brentford,1,2,A,13,11,4,5,3,8,1.98,3.99,3.5,7,8,13,4,1.4,2.0,1.6,1.0,15.4,11.0,5.0,4.8,6.4,5.6
2024-05-11,Everton,Sheffield United,1,0,H,15,13,6,1,3,6,1.4,5.13,7.46,10,0,12,1,1.2,1.0,1.4,3.6,12.2,13.6,3.2,5.4,6.2,6.2
2024-05-11,Fulham,Man City,0,4,A,1,16,1,9,1,7,12.3,7.05,1.22,5,15,7,13,0.8,4.0,1.0,0.8,13.6,19.2,4.8,8.8,5.8,7.2
2024-05-11,Newcastle,Brighton,1,1,D,18,15,7,4,8,4,1.59,4.81,4.84,12,4,13,2,2.8,0.4,0.8,2.2,16.0,13.0,6.0,4.4,7.2,5.2
2024-05-11,Nott'm Forest,Chelsea,2,3,A,20,12,4,5,5,6,3.39,3.94,2.03,4,10,5,4,1.2,3.0,2.0,1.4,13.6,16.6,4.8,7.0,4.6,4.4
2024-05-11,Tottenham,Burnley,2,1,H,21,7,9,3,9,3,1.35,6.01,7.33,3,5,9,6,1.4,1.4,2.8,1.6,14.4,13.2,4.0,5.0,7.0,4.0
2024-05-11,West Ham,Luton,3,1,H,24,4,8,1,7,6,1.82,4.33,3.83,4,4,4,0,1.2,1.2,3.0,2.8,10.8,11.2,3.8,5.0,4.6,4.8
2024-05-11,Wolves,Crystal Palace,1,3,A,13,13,7,3,8,3,2.86,3.51,2.47,4,13,6,5,1.0,2.6,2.2,0.6,9.2,15.6,3.4,6.6,2.8,5.4
2024-05-12,Man United,Arsenal,0,1,A,14,11,2,5,4,7,7.08,5.5,1.39,6,12,8,13,1.8,2.6,2.2,0.8,15.2,20.6,6.4,7.0,5.2,4.4
2024-05-13,Aston Villa,Liverpool,3,3,D,19,14,5,7,5,4,4.15,4.55,1.71,8,7,8,8,2.0,1.8,1.4,1.6,9.4,22.2,2.8,8.2,6.0,8.8
2024-05-14,Tottenham,Man City,0,2,A,10,8,5,5,7,4,6.94,5.91,1.38,3,15,12,13,1.2,4.0,2.8,0.4,15.2,18.8,4.4,9.0,6.4,6.8
2024-05-15,Brighton,Chelsea,1,2,A,12,13,2,6,4,6,3.37,3.99,2.02,5,10,7,6,0.6,2.4,1.8,1.8,14.0,16.2,4.8,6.0,4.4,4.8
2024-05-15,Man United,Newcastle,3,2,H,17,21,8,8,9,9,2.73,4.04,2.34,5,10,8,6,1.4,2.8,2.0,1.0,16.2,17.2,5.8,6.4,4.8,8.2
2024-05-19,Arsenal,Everton,2,1,H,26,5,5,2,8,1,1.17,8.04,15.37,15,13,12,2,2.8,1.4,0.4,0.2,19.2,13.2,7.2,4.0,5.0,5.2
2024-05-19,Brentford,Newcastle,2,4,A,10,12,5,7,3,0,2.94,3.96,2.22,10,7,7,6,1.8,2.4,0.6,1.6,11.6,17.8,5.2,7.0,6.6,6.8
2024-05-19,Brighton,Man United,0,2,A,17,11,3,4,7,5,2.17,4.11,2.95,4,7,6,2,0.6,1.6,2.0,2.0,12.4,18.0,3.6,7.0,4.2,6.2
2024-05-19,Burnley,Nott'm Forest,1,2,A,20,12,3,6,4,3,2.9,3.74,2.32,5,4,5,4,1.6,1.4,1.8,2.0,13.4,15.0,5.4,4.4,3.6,5.2
2024-05-19,Chelsea,Bournemouth,2,1,H,16,22,6,5,6,5,1.45,5.32,5.99,13,6,13,6,2.8,1.2,1.0,1.6,17.4,14.0,7.0,4.8,5.6,5.6
2024-05-19,Crystal Palace,Aston Villa,5,0,H,15,8,9,2,2,4,1.87,4.28,3.67,13,8,10,7,3.0,2.0,0.8,1.4,16.6,11.0,6.2,3.2,5.8,4.8
2024-05-19,Liverpool,Wolves,2,0,H,36,4,14,3,10,2,1.16,8.71,14.55,8,3,10,2,2.4,0.8,2.0,2.4,20.8,9.6,8.4,4.0,7.4,4.2
2024-05-19,Luton,Fulham,2,4,A,15,15,6,7,4,4,2.92,3.95,2.23,1,5,5,5,1.0,0.8,3.2,1.6,8.2,11.0,3.4,4.2,4.6,3.2
2024-05-19,Man City,West Ham,3,1,H,28,3,12,2,11,2,1.1,11.72,21.81,15,4,13,6,3.4,1.4,0.2,3.0,13.8,13.4,7.4,4.6,5.2,5.2
2024-05-19,Sheffield United,Tottenham,0,3,A,6,18,1,9,2,6,7.32,6.04,1.35,0,3,2,1,1.0,1.2,3.4,2.4,14.6,15.0,5.2,5.0,6.2,7.2
2024-08-16,Man United,Fulham,1,0,H,14,10,5,2,7,8,1.62,4.36,5.15,7,5,8,8,1.2,1.2,1.6,2.0,15.2,10.4,5.2,3.6,5.4,3.4
2024-08-17,Arsenal,Wolves,2,0,H,18,9,6,3,8,2,1.18,7.86,15.87,15,3,12,2,2.8,0.8,0.6,2.4,19.6,9.4,6.4,4.0,6.2,4.4
2024-08-17,Everton,Brighton,0,3,A,9,10,1,5,1,5,2.67,3.41,2.68,10,4,15,3,1.2,0.6,0.6,1.6,12.8,14.4,3.6,3.6,4.2,4.8
2024-08-17,Ipswich,Liverpool,0,2,A,7,18,2,5,2,10,8.28,5.76,1.34,0,8,0,6,0.0,2.2,0.0,1.8,0.0,25.2,0.0,9.8,0.0,8.6
2024-08-17,Newcastle,Southampton,1,0,H,3,19,1,4,3,12,1.35,5.62,8.1,10,1,11,1,3.2,1.8,1.6,3.2,18.8,9.6,8.0,4.0,6.4,3.8
2024-08-17,Nott'm Forest,Bournemouth,1,1,D,14,13,8,4,2,6,2.45,3.49,2.89,6,6,5,3,1.4,1.2,1.8,1.4,13.8,15.6,3.8,4.6,3.8,5.8
2024-08-17,West Ham,Aston Villa,1,2,A,14,15,3,3,5,3,2.44,3.69,2.79,4,5,6,4,1.6,1.6,3.2,2.4,11.0,10.4,4.2,3.2,4.0,4.4
2024-08-18,Brentford,Crystal Palace,2,1,H,9,14,5,6,4,7,2.46,3.44,2.9,7,13,6,8,1.8,3.0,1.4,0.4,11.8,16.0,5.2,6.6,6.6,5.4
2024-08-18,Chelsea,Man City,0,2,A,10,11,3,5,4,3,4.05,4.0,1.83,15,15,15,15,2.8,3.2,0.8,0.4,16.4,16.6,7.2,8.6,6.0,6.6
2024-08-19,Leicester,Tottenham,1,1,D,7,15,3,7,2,13,5.01,4.37,1.63,5,6,7,4,1.4,1.4,2.2,1.8,10.2,15.8,4.8,6.4,3.4,6.8
2024-08-24,Aston Villa,Arsenal,0,2,A,11,9,3,4,4,1,4.41,3.92,1.78,5,15,9,13,1.4,2.2,2.4,0.6,10.6,17.8,3.0,5.6,3.4,7.0
2024-08-24,Brighton,Man United,2,1,H,14,11,5,4,4,4,2.5,3.72,2.69,7,9,3,5,1.2,1.2,1.0,1.4,13.8,12.6,4.4,4.2,5.4,5.6
2024-08-24,Crystal Palace,West Ham,0,2,A,14,18,2,3,3,3,2.17,3.63,3.25,10,4,12,3,2.8,1.4,0.8,2.6,14.8,13.0,6.4,4.6,5.4,5.0
2024-08-24,Fulham,Leicester,2,1,H,18,10,6,4,7,5,1.83,3.73,4.38,5,5,4,2,1.0,1.2,1.6,2.0,10.0,8.6,3.0,4.2,4.8,3.4
2024-08-24,Man City,Ipswich,4,1,H,14,1,5,1,10,1,1.09,12.17,26.97,15,0,13,0,3.2,0.0,0.4,2.0,16.6,7.0,8.6,2.0,6.2,2.0
2024-08-24,Southampton,Nott'm Forest,0,1,A,5,23,1,8,4,10,2.57,3.32,2.84,1,7,1,7,1.6,1.6,2.8,1.6,12.6,15.0,4.2,4.8,5.8,3.4
2024-08-24,Tottenham,Everton,4,0,H,13,10,7,1,12,5,1.44,4.95,6.75,7,7,9,2,1.6,0.8,1.6,1.2,15.0,11.4,7.2,2.6,7.6,3.6
2024-08-25,Bournemouth,Newcastle,1,1,D,16,14,4,5,8,9,2.99,3.8,2.25,4,10,10,9,1.2,2.4,1.6,1.4,14.0,15.4,4.2,6.8,4.6,6.2
2024-08-25,Liverpool,Brentford,2,0,H,19,8,8,2,9,4,1.25,6.78,10.37,11,7,12,7,2.6,1.2,1.4,1.4,24.2,9.4,9.4,4.4,8.0,5.6
2024-08-25,Wolves,Chelsea,2,6,A,12,14,4,8,5,5,4.37,4.0,1.77,3,12,3,8,0.8,2.4,2.6,1.2,8.2,15.2,3.8,6.8,3.2,6.0
2024-08-31,Arsenal,Brighton,1,1,D,11,22,7,4,3,7,1.35,5.66,8.11,15,7,12,6,2.0,1.4,0.2,1.2,17.8,13.6,5.8,3.8,6.0,4.8
2024-08-31,Brentford,Southampton,3,1,H,20,18,7,6,2,8,1.77,3.97,4.46,7,1,8,1,1.2,1.0,1.6,2.2,9.0,9.8,4.0,3.4,5.2,4.4
2024-08-31,Everton,Bournemouth,2,3,A,18,17,8,7,8,4,2.78,3.4,2.59,4,2,12,4,0.6,0.8,2.0,1.8,9.8,14.2,2.6,3.8,3.4,4.6
2024-08-31,Ipswich,Fulham,1,1,D,11,9,4,4,8,6,3.1,3.5,2.31,0,7,0,7,0.5,1.2,3.0,1.6,4.0,11.8,1.5,3.8,1.5,5.2
2024-08-31,Leicester,Aston Villa,1,2,A,9,10,3,5,1,4,4.62,4.02,1.74,5,4,8,6,0.8,1.0,1.4,2.4,7.0,11.0,3.2,2.8,3.0,3.8
2024-08-31,Nott'm Forest,Wolves,1,1,D,16,11,5,3,7,3,2.03,3.66,3.65,10,0,5,2,1.8,0.8,1.2,3.6,16.8,8.0,6.0,3.6,4.6,3.4
2024-08-31,West Ham,Man City,1,3,A,10,23,2,8,3,11,7.57,5.49,1.38,6,15,5,15,1.4,3.0,2.2,0.4,14.4,15.4,3.6,7.2,4.6,7.0
2024-09-01,Chelsea,Crystal Palace,1,1,D,13,9,7,3,4,5,1.63,4.4,5.01,12,9,12,7,2.6,2.6,1.6,1.0,13.0,14.8,5.6,6.0,5.4,4.2
2024-09-01,Man United,Liverpool,0,3,A,8,11,3,3,5,2,3.82,4.2,1.85,9,13,10,8,1.4,2.6,1.0,1.0,13.4,22.4,4.6,9.4,5.8,8.2
2024-09-01,Newcastle,Tottenham,2,1,H,9,20,3,6,7,12,2.51,3.97,2.56,8,10,11,4,1.8,2.0,1.4,0.8,13.6,15.4,5.6,7.4,5.8,9.4
2024-09-14,Aston Villa,Everton,3,2,H,17,6,8,2,6,2,1.51,4.48,6.34,7,3,6,2,1.4,0.8,2.4,2.4,12.6,11.4,3.6,3.6,4.0,3.6
2024-09-14,Bournemouth,Chelsea,0,1,A,19,10,7,3,6,3,3.33,3.96,2.05,5,10,8,10,1.4,2.2,1.6,1.4,16.2,13.2,4.8,6.0,5.2,5.0
2024-09-14,Brighton,Ipswich,0,0,D,21,6,6,1,9,2,1.38,5.16,7.89,7,1,6,0,1.4,0.6666666666666666,1.2,2.3333333333333335,15.0,6.333333333333333,3.8,2.3333333333333335,5.4,3.6666666666666665
2024-09-14,Crystal Palace,Leicester,2,2,D,20,9,4,4,5,2,1.63,4.14,5.38,7,5,12,2,2.0,1.0,1.2,1.2,13.0,8.0,4.6,3.0,4.0,2.4
2024-09-14,Fulham,West Ham,1,1,D,21,11,5,3,3,2,2.42,3.48,2.92,7,6,4,6,1.4,1.6,1.8,1.8,10.6,13.8,4.0,3.6,5.2,4.0
2024-09-14,Liverpool,Nott'm Forest,0,1,A,14,5,5,3,7,2,1.22,7.03,12.4,13,8,12,9,2.4,1.4,0.6,1.2,19.6,17.0,7.4,6.2,7.0,5.4
2024-09-14,Man City,Brentford,2,1,H,18,8,7,5,12,3,1.17,8.2,14.79,15,9,15,7,2.8,1.8,0.6,1.8,16.8,11.6,7.0,4.8,7.8,4.2
2024-09-14,Southampton,Man United,0,3,A,6,20,4,10,0,7,4.56,4.04,1.74,1,9,1,4,1.2,1.4,2.4,1.4,12.4,12.2,4.4,4.8,5.8,6.0
2024-09-15,Tottenham,Arsenal,0,1,A,15,7,5,4,7,6,2.99,3.59,2.33,7,13,9,15,1.8,1.6,1.0,0.4,15.2,15.0,6.8,5.4,10.0,5.4
2024-09-15,Wolves,Newcastle,1,2,A,12,14,5,6,4,7,3.36,3.69,2.11,1,10,3,7,0.8,2.0,2.8,1.4,9.8,11.8,4.0,4.8,4.0,5.6
2024-09-21,Aston Villa,Wolves,3,1,H,9,10,4,4,6,5,1.59,4.39,5.35,9,1,8,2,1.4,0.8,2.2,2.6,12.2,9.6,4.2,3.6,4.2,3.2
2024-09-21,Crystal Palace,Man United,0,0,D,9,15,4,6,4,11,2.85,3.72,2.36,5,9,10,7,1.8,1.4,1.4,1.0,14.4,12.8,4.8,5.2,4.4,5.6
2024-09-21,Fulham,Newcastle,3,1,H,22,15,11,4,6,0,2.86,3.51,2.45,8,13,5,10,1.6,2.0,1.2,1.0,14.6,10.4,4.8,4.4,5.6,5.2
2024-09-21,Leicester,Everton,1,1,D,12,16,2,5,6,1,2.52,3.44,2.82,5,0,5,1,1.4,1.0,1.6,3.0,9.6,9.6,3.6,2.8,2.6,3.4
2024-09-21,Liverpool,Bournemouth,3,0,H,19,19,13,6,3,9,1.29,6.31,9.35,12,5,9,7,1.8,1.2,0.2,1.4,19.6,17.4,7.0,5.4,7.6,5.8
2024-09-21,Southampton,Ipswich,1,1,D,11,13,3,6,2,10,2.25,3.52,3.17,1,2,1,1,1.0,0.5,2.4,1.75,12.6,6.25,5.0,2.0,5.2,3.25
2024-09-21,Tottenham,Brentford,3,1,H,23,6,10,6,9,4,1.55,4.72,5.41,7,6,6,6,1.8,1.6,0.8,2.0,16.2,11.0,6.8,4.8,10.0,3.2
2024-09-21,West Ham,Chelsea,0,3,A,15,12,7,5,6,5,3.49,3.89,2.01,4,10,4,13,1.2,2.0,1.8,1.2,11.2,12.6,2.6,5.4,3.0,4.4
2024-09-22,Brighton,Nott'm Forest,2,2,D,14,4,3,3,9,1,1.86,3.83,4.21,8,11,7,12,1.2,1.2,0.8,0.6,16.8,14.0,4.6,6.0,6.4,4.8
2024-09-22,Man City,Arsenal,2,2,D,33,5,11,3,8,2,1.83,3.62,4.52,15,13,15,15,2.8,1.6,0.8,0.4,18.8,14.2,7.4,5.2,9.4,5.2
2024-09-28,Arsenal,Leicester,4,2,H,36,5,16,3,17,0,1.18,7.82,15.12,11,3,13,3,1.6,1.2,0.6,1.6,10.0,9.4,4.8,3.2,4.0,3.2
2024-09-28,Brentford,West Ham,1,1,D,8,19,3,3,7,7,2.23,3.62,3.16,6,4,10,4,1.4,1.0,1.8,1.8,10.2,13.6,5.0,3.6,3.4,3.8
2024-09-28,Chelsea,Brighton,4,2,H,15,15,7,5,8,2,1.74,4.23,4.35,10,9,10,6,2.2,1.6,1.0,0.8,11.8,16.2,5.2,4.6,4.2,6.8
2024-09-28,Everton,Crystal Palace,2,1,H,8,17,2,5,5,8,2.73,3.39,2.63,1,3,9,8,1.0,0.8,2.8,1.4,11.8,13.2,3.4,3.8,3.4,4.8
2024-09-28,Newcastle,Man City,1,1,D,11,16,4,6,5,6,5.09,4.47,1.61,10,13,13,15,1.4,2.6,1.2,1.0,11.0,19.8,3.8,7.2,5.2,8.8
2024-09-28,Nott'm Forest,Fulham,0,1,A,11,14,1,2,6,5,2.4,3.34,3.07,9,8,3,8,1.2,1.4,0.8,1.0,12.4,16.0,5.4,5.6,4.4,6.0
2024-09-28,Wolves,Liverpool,1,2,A,8,10,3,6,2,10,8.05,5.55,1.35,1,12,3,8,1.0,2.0,2.8,0.2,10.8,16.2,3.8,6.8,3.8,6.2
2024-09-29,Ipswich,Aston Villa,2,2,D,15,7,5,3,10,0,4.15,3.77,1.87,3,12,1,9,0.6,2.0,1.6,1.4,7.6,12.4,2.8,4.6,4.6,4.6
2024-09-29,Man United,Tottenham,0,3,A,11,24,2,10,5,3,2.36,3.89,2.77,7,7,7,4,1.0,1.8,1.0,1.0,13.6,17.2,5.6,7.0,6.8,10.6
2024-09-30,Bournemouth,Southampton,3,1,H,14,9,6,3,7,4,1.65,4.29,4.91,5,1,5,0,1.0,0.4,1.6,1.8,16.8,11.8,5.6,3.6,6.6,5.2
2024-10-05,Arsenal,Southampton,3,1,H,29,8,6,2,13,1,1.14,9.2,18.63,11,1,13,0,2.0,0.6,1.0,2.2,13.6,9.8,6.8,3.4,5.8,3.6
2024-10-05,Brentford,Wolves,5,3,H,19,17,12,6,10,3,2.09,3.64,3.47,4,1,8,1,1.2,1.2,1.8,2.8,10.0,10.6,4.6,3.8,4.0,3.8
2024-10-05,Crystal Palace,Liverpool,0,1,A,9,16,5,4,3,8,6.36,4.65,1.49,3,12,8,11,0.8,2.0,1.4,0.4,13.8,14.6,3.6,7.0,5.0,6.2
2024-10-05,Everton,Newcastle,0,0,D,8,14,2,3,0,10,3.15,3.62,2.23,4,8,9,7,1.4,1.4,2.4,1.4,11.6,12.6,3.6,4.4,4.2,5.6
2024-10-05,Leicester,Bournemouth,1,0,H,6,17,2,2,0,9,3.24,3.66,2.17,2,7,5,4,1.4,1.4,2.2,1.6,9.0,17.0,3.2,6.0,2.8,6.8
2024-10-05,Man City,Fulham,3,2,H,20,11,7,4,8,3,1.24,6.85,11.11,11,11,13,8,2.4,1.6,1.2,0.8,20.8,16.8,7.4,5.6,9.4,5.4
2024-10-05,West Ham,Ipswich,4,1,H,23,9,13,2,5,5,1.8,3.96,4.25,5,4,4,2,1.0,1.0,1.6,1.6,14.6,9.2,3.6,3.4,4.2,6.2
2024-10-06,Aston Villa,Man United,0,0,D,11,10,1,4,6,3,2.21,3.82,3.06,10,4,8,7,2.0,0.8,1.6,1.6,10.8,13.0,4.6,5.0,4.0,6.4
2024-10-06,Brighton,Tottenham,3,2,H,11,13,4,3,4,7,2.9,4.01,2.23,6,9,5,7,1.4,2.2,1.6,0.8,17.2,19.0,4.6,7.6,6.2,8.6
2024-10-06,Chelsea,Nott'm Forest,1,1,D,22,16,8,9,11,3,1.48,4.73,6.32,13,8,10,13,3.0,1.0,1.0,0.8,12.8,11.8,6.0,4.0,5.0,5.2
2024-10-19,Bournemouth,Arsenal,2,0,H,13,6,4,1,7,4,4.94,4.09,1.68,6,11,7,13,1.2,2.2,1.6,1.2,17.2,17.6,5.6,7.2,7.0,8.2
2024-10-19,Fulham,Aston Villa,1,3,A,10,14,4,5,6,11,2.44,3.5,2.89,8,11,8,7,1.6,2.0,1.2,1.2,15.4,10.8,5.2,4.2,4.6,4.4
2024-10-19,Ipswich,Everton,0,2,A,13,11,2,8,5,8,2.4,3.42,3.01,4,5,2,2,1.0,1.4,1.6,1.6,10.8,11.2,3.6,3.8,7.0,3.2
2024-10-19,Man United,Brentford,2,1,H,23,8,11,2,9,2,1.71,4.28,4.48,5,7,6,3,0.6,2.2,1.2,2.0,12.8,12.2,5.0,6.6,6.2,5.2
2024-10-19,Newcastle,Brighton,0,1,A,21,10,6,5,9,4,2.01,3.88,3.51,8,6,11,5,1.2,1.6,1.2,1.8,12.6,16.6,4.0,4.4,5.8,6.2
2024-10-19,Southampton,Leicester,2,3,A,14,18,7,4,10,6,2.33,3.54,3.03,1,5,2,2,0.8,1.4,2.6,1.8,10.4,8.2,3.6,2.8,3.0,1.8
2024-10-19,Tottenham,West Ham,4,1,H,22,11,7,4,13,5,1.5,4.91,5.73,6,5,9,5,1.8,1.4,1.4,1.8,19.0,15.6,6.8,5.6,7.6,4.6
2024-10-20,Liverpool,Chelsea,2,1,H,9,12,5,2,1,6,1.63,4.39,4.89,12,11,12,15,1.8,2.0,0.4,0.8,14.0,14.4,6.2,6.0,6.0,6.2
2024-10-20,Wolves,Man City,1,2,A,3,22,2,7,1,18,8.88,5.85,1.31,1,11,3,13,1.4,2.2,2.6,1.4,11.6,22.0,4.2,7.8,3.4,9.0
2024-10-21,Nott'm Forest,Crystal Palace,1,0,H,20,20,6,7,6,6,2.36,3.31,3.11,6,3,2,5,1.0,0.8,1.0,1.2,10.4,12.8,4.2,4.2,3.8,5.0
2024-10-25,Leicester,Nott'm Forest,1,3,A,11,20,1,5,6,7,3.09,3.32,2.41,8,8,8,11,1.8,1.0,1.8,0.8,10.0,11.2,3.0,4.4,2.8,3.6
2024-10-26,Aston Villa,Bournemouth,1,1,D,18,11,8,3,9,7,1.86,3.97,3.97,11,6,8,4,2.2,1.0,1.2,1.2,11.6,16.4,4.2,5.0,5.8,7.6
2024-10-26,Brentford,Ipswich,4,3,H,20,11,9,5,5,5,1.67,4.27,4.86,4,3,10,2,1.8,0.8,2.2,1.8,9.8,11.2,5.6,3.2,5.2,6.4
2024-10-26,Brighton,Wolves,2,2,D,19,14,6,7,9,6,1.64,4.32,4.94,8,0,8,1,1.6,1.4,1.6,2.8,14.2,10.0,4.6,4.0,5.6,3.0
2024-10-26,Everton,Fulham,1,1,D,10,14,5,3,4,2,2.76,3.37,2.6,8,7,7,7,1.4,1.6,1.0,1.6,9.8,15.6,3.8,5.2,3.2,4.6
2024-10-26,Man City,Southampton,1,0,H,22,5,8,2,12,1,1.11,10.94,21.04,11,1,13,0,2.0,1.0,1.4,2.6,21.8,9.6,7.6,3.8,10.4,3.4
2024-10-27,Arsenal,Liverpool,2,2,D,9,9,3,4,1,3,2.49,3.37,2.89,10,12,13,13,2.0,1.6,1.4,0.6,16.6,13.6,6.0,6.6,8.4,5.8
2024-10-27,Chelsea,Newcastle,2,1,H,17,11,7,3,7,4,1.76,4.26,4.15,10,5,8,8,2.0,0.8,1.0,1.2,14.2,15.0,5.0,4.6,6.6,6.2
2024-10-27,Crystal Palace,Tottenham,1,0,H,14,11,6,3,8,8,3.97,3.97,1.85,2,9,5,7,0.6,2.4,1.2,1.2,15.0,19.4,5.0,7.0,5.2,7.8
2024-10-27,West Ham,Man United,2,1,H,12,18,3,5,6,5,2.89,3.71,2.33,5,8,6,8,1.4,1.0,2.0,0.8,15.8,15.8,6.0,6.6,5.0,7.0
2024-11-02,Bournemouth,Man City,2,1,H,12,18,6,4,3,10,5.32,4.44,1.59,7,11,7,13,1.2,1.8,1.2,1.2,14.8,22.6,4.2,7.8,7.8,10.4
2024-11-02,Ipswich,Leicester,1,1,D,14,20,2,6,4,6,2.27,3.61,3.09,2,7,2,5,1.4,1.6,2.6,2.0,12.2,10.4,4.0,2.4,7.0,3.6
2024-11-02,Liverpool,Brighton,2,1,H,16,13,8,5,10,7,1.39,5.4,7.12,13,8,12,8,2.0,2.0,0.8,2.0,12.6,13.8,6.4,4.6,5.0,5.6
2024-11-02,Newcastle,Arsenal,1,0,H,9,10,4,1,4,6,3.77,3.69,1.98,2,8,8,10,0.6,2.2,1.4,1.8,14.4,17.0,4.0,5.8,5.6,7.4
2024-11-02,Nott'm Forest,West Ham,3,0,H,19,4,6,2,11,6,2.15,3.52,3.43,8,7,5,5,1.4,1.6,1.0,2.0,14.2,16.0,4.8,6.0,4.6,5.8
2024-11-02,Southampton,Everton,1,0,H,9,16,2,5,3,6,2.65,3.48,2.66,1,9,2,4,1.0,1.2,2.2,0.6,9.4,10.6,3.4,4.4,3.6,3.6
2024-11-02,Wolves,Crystal Palace,2,2,D,11,19,6,7,3,6,2.53,3.4,2.85,1,4,0,4,1.6,0.4,2.8,0.8,10.4,13.8,4.4,5.4,3.4,5.8
2024-11-03,Man United,Chelsea,1,1,D,11,12,4,3,4,8,2.58,3.78,2.56,5,10,9,12,0.6,2.2,1.2,1.2,15.4,15.6,5.6,5.8,6.6,7.4
2024-11-03,Tottenham,Aston Villa,4,1,H,16,12,6,1,6,4,1.93,4.07,3.55,9,9,9,10,2.4,1.8,1.2,1.0,18.6,11.8,6.6,4.2,8.0,6.4
2024-11-04,Fulham,Brentford,2,1,H,26,5,12,2,11,3,2.03,3.73,3.52,7,7,7,3,1.6,2.4,1.6,2.4,14.2,12.2,4.8,6.4,4.4,5.6
2024-11-09,Brentford,Bournemouth,3,2,H,12,15,6,3,6,4,2.53,3.59,2.72,7,10,13,5,2.4,1.6,2.2,0.8,12.0,13.4,5.6,4.2,5.4,6.6
2024-11-09,Brighton,Man City,2,1,H,10,15,4,6,0,4,4.34,4.17,1.75,7,10,9,10,1.8,1.6,2.0,1.2,13.6,19.6,5.0,6.4,5.2,10.8
2024-11-09,Crystal Palace,Fulham,0,2,A,13,17,5,7,1,8,2.7,3.48,2.61,4,7,5,5,0.8,1.4,1.2,1.6,15.8,15.0,6.0,5.0,6.2,5.4
2024-11-09,Liverpool,Aston Villa,2,0,H,14,12,5,2,2,9,1.42,5.26,6.7,13,6,12,10,1.8,1.4,1.0,1.6,12.0,12.4,5.4,3.6,6.4,6.0
2024-11-09,West Ham,Everton,0,0,D,11,18,6,4,7,6,2.18,3.47,3.38,7,8,6,4,1.6,1.0,2.0,0.6,13.8,10.6,5.0,4.4,5.8,4.6
2024-11-09,Wolves,Southampton,2,0,H,8,9,4,0,1,9,1.96,3.84,3.67,2,3,1,0,1.8,1.0,2.6,2.0,10.6,9.0,4.8,3.2,3.0,3.8
2024-11-10,Chelsea,Arsenal,1,1,D,17,13,3,3,4,3,2.75,3.49,2.53,8,7,8,7,1.8,1.8,1.4,1.6,15.6,18.0,5.4,5.4,8.0,8.2
2024-11-10,Man United,Leicester,3,0,H,13,6,3,5,1,5,1.39,5.35,7.46,5,7,7,5,0.8,1.6,1.4,2.0,14.6,12.0,5.2,3.2,5.2,3.6
2024-11-10,Nott'm Forest,Newcastle,1,3,A,9,17,3,6,4,5,2.69,3.31,2.72,10,5,8,5,1.6,0.6,0.6,0.8,17.2,13.2,5.4,4.0,6.6,6.4
2024-11-10,Tottenham,Ipswich,1,2,A,17,8,5,3,12,2,1.26,6.76,9.98,9,2,12,2,2.6,1.4,1.2,2.6,17.2,12.4,5.8,3.2,7.4,5.8
2024-11-23,Arsenal,Nott'm Forest,3,0,H,19,7,7,0,8,1,1.37,4.97,8.9,5,10,11,11,1.2,1.8,1.4,1.0,13.4,16.8,2.8,5.8,5.4,6.2
2024-11-23,Aston Villa,Crystal Palace,2,2,D,17,13,5,6,10,1,1.63,4.11,5.45,5,4,8,2,1.0,0.6,1.6,1.2,13.4,15.0,3.4,6.0,7.8,4.8
2024-11-23,Bournemouth,Brighton,1,2,A,19,6,5,4,7,0,2.41,3.62,2.86,7,10,10,7,1.4,1.8,1.2,1.4,13.6,12.6,3.6,4.8,6.0,4.8
2024-11-23,Everton,Brentford,0,0,D,27,9,5,2,10,4,2.46,3.41,2.94,6,9,5,0,0.6,2.8,0.4,2.4,12.6,12.8,4.8,6.2,4.8,5.2
2024-11-23,Fulham,Wolves,1,4,A,10,10,3,5,7,2,1.65,4.09,5.23,7,5,10,2,1.6,2.0,1.6,2.2,15.6,10.6,6.0,5.0,6.0,2.8
2024-11-23,Leicester,Chelsea,1,2,A,4,16,1,7,2,9,6.75,4.81,1.46,7,6,5,10,1.2,1.2,1.8,1.2,12.2,16.0,3.6,4.6,4.6,7.2
2024-11-23,Man City,Tottenham,0,4,A,23,9,5,7,9,3,1.49,5.01,5.92,9,6,13,4,1.6,2.2,1.4,1.6,19.4,15.8,6.4,4.8,10.4,9.2
2024-11-24,Ipswich,Man United,1,1,D,11,11,6,4,4,3,5.06,4.22,1.63,4,8,3,5,1.4,1.4,2.4,0.8,11.0,15.0,2.8,5.4,4.2,4.4
2024-11-24,Southampton,Liverpool,2,3,A,7,27,5,11,3,10,10.4,5.96,1.28,3,13,4,13,0.8,1.8,1.8,0.8,9.0,12.8,2.6,5.2,4.8,4.8
2024-11-25,Newcastle,West Ham,0,2,A,18,15,2,6,8,3,1.5,4.57,6.21,7,7,10,5,1.0,1.4,0.8,1.8,14.4,12.2,4.4,5.6,6.4,5.8
2024-11-29,Brighton,Southampton,1,1,D,22,10,5,2,7,6,1.39,5.29,7.57,10,3,9,0,1.6,1.0,1.2,1.8,11.6,8.8,4.8,3.2,4.0,5.2
2024-11-30,Brentford,Leicester,4,1,H,13,7,6,3,5,4,1.66,4.24,4.87,7,4,13,5,1.8,1.2,1.8,2.2,10.8,11.8,4.2,3.4,4.0,5.0
2024-11-30,Crystal Palace,Newcastle,1,1,D,16,1,4,0,8,9,3.04,3.56,2.3,5,6,5,7,1.0,1.0,1.4,1.2,15.8,15.2,6.2,4.2,4.4,6.0
2024-11-30,Nott'm Forest,Ipswich,1,0,H,12,7,5,3,8,7,1.75,3.82,4.79,9,5,7,5,1.6,1.4,1.4,1.8,15.0,11.4,4.0,3.6,5.8,4.0
2024-11-30,West Ham,Arsenal,2,5,A,12,16,5,7,2,10,7.09,4.68,1.46,7,5,7,5,1.0,1.2,1.6,1.2,10.6,11.4,4.2,3.0,5.4,4.4
2024-11-30,Wolves,Bournemouth,2,4,A,10,12,3,8,3,4,2.81,3.61,2.44,8,7,4,4,2.2,1.6,1.4,1.4,9.2,14.0,4.8,4.2,2.6,5.6
2024-12-01,Chelsea,Aston Villa,3,0,H,17,10,8,4,3,4,1.71,4.21,4.51,8,5,9,7,1.4,1.4,1.2,2.0,14.8,14.6,4.4,4.2,6.8,8.6
2024-12-01,Liverpool,Man City,2,0,H,18,8,7,2,7,4,2.09,3.7,3.37,13,6,12,7,2.2,1.0,1.2,1.8,15.0,20.0,6.6,6.0,5.2,10.6
2024-12-01,Man United,Everton,4,0,H,11,8,5,2,2,2,1.54,4.33,6.08,8,6,7,5,1.6,0.6,1.0,0.4,15.2,16.4,5.4,5.4,4.4,6.8
2024-12-01,Tottenham,Fulham,1,1,D,8,14,3,6,7,11,1.72,4.35,4.24,9,7,9,8,2.6,1.4,1.0,1.8,15.0,15.4,5.6,5.8,8.4,6.8
2024-12-03,Ipswich,Crystal Palace,0,1,A,9,13,2,3,4,7,3.09,3.37,2.38,5,6,4,3,1.4,1.2,1.6,1.4,10.2,15.0,3.8,5.6,4.4,4.8
2024-12-03,Leicester,West Ham,3,1,H,8,31,6,10,3,9,2.9,3.44,2.47,1,7,4,5,0.8,1.2,2.6,1.8,9.6,10.8,3.2,4.4,4.6,4.8
2024-12-04,Arsenal,Man United,2,0,H,14,5,6,2,13,0,1.46,4.73,6.92,8,8,11,6,2.2,2.0,1.2,0.8,13.4,12.8,4.2,4.2,5.6,3.0
2024-12-04,Aston Villa,Brentford,3,1,H,20,9,10,1,10,5,1.8,4.01,4.24,2,10,9,1,0.8,2.4,2.4,1.6,13.8,11.8,4.0,5.0,7.2,4.6
2024-12-04,Everton,Wolves,4,0,H,13,6,4,2,3,4,2.14,3.46,3.51,3,8,6,5,0.2,2.4,1.2,1.8,15.8,10.6,4.2,5.0,5.6,3.0
2024-12-04,Man City,Nott'm Forest,3,0,H,17,12,7,3,8,2,1.37,5.21,8.25,3,9,10,8,0.6,1.6,2.0,1.4,17.2,13.4,5.0,3.8,7.8,6.2
2024-12-04,Newcastle,Liverpool,3,3,D,17,16,6,5,5,6,4.27,4.04,1.78,7,13,7,13,1.2,2.2,1.2,1.0,11.2,16.8,3.0,7.0,6.0,6.4
2024-12-04,Southampton,Chelsea,1,5,A,6,26,4,13,5,7,8.39,5.64,1.34,4,11,4,10,0.8,1.8,1.4,0.8,8.0,15.8,2.2,5.6,4.4,6.2
2024-12-05,Bournemouth,Tottenham,1,0,H,21,12,8,4,5,9,2.65,3.92,2.42,7,7,9,6,2.0,2.0,1.8,1.0,13.8,12.2,5.0,4.8,5.0,7.2
2024-12-05,Fulham,Brighton,3,1,H,6,13,2,3,5,6,2.33,3.65,2.92,8,8,7,7,1.4,1.6,1.4,1.4,16.2,14.0,6.2,4.8,7.8,4.6
2024-12-07,Aston Villa,Southampton,1,0,H,18,4,5,0,14,1,1.37,5.41,7.78,4,4,9,1,1.2,1.0,2.4,2.2,14.2,8.2,4.4,2.6,7.4,5.2
2024-12-07,Brentford,Newcastle,4,2,H,11,16,8,3,3,4,2.86,3.74,2.36,7,8,13,5,1.8,1.6,1.6,1.4,9.6,12.4,3.4,3.6,4.6,6.2
2024-12-07,Crystal Palace,Man City,2,2,D,12,12,3,4,6,8,5.39,4.33,1.6,6,3,5,4,1.2,1.0,1.4,2.0,14.8,16.2,5.0,4.8,4.6,7.0
2024-12-07,Man United,Nott'm Forest,2,3,A,17,11,7,3,5,3,1.67,4.05,5.12,8,6,10,5,1.8,1.0,0.8,1.8,10.2,11.8,3.6,3.4,2.0,5.2
2024-12-08,Fulham,Arsenal,1,1,D,2,12,2,4,0,6,5.4,4.24,1.61,10,10,9,5,1.8,2.2,1.4,0.8,14.6,14.4,6.0,4.8,8.4,8.0
2024-12-08,Ipswich,Bournemouth,1,2,A,18,22,5,6,6,13,3.57,3.73,2.02,5,9,3,4,0.8,2.0,1.0,1.6,9.8,15.8,3.2,6.0,4.2,4.6
2024-12-08,Leicester,Brighton,2,2,D,10,16,3,7,5,5,4.48,4.02,1.75,4,7,7,6,1.2,1.4,2.2,1.6,9.0,12.8,4.2,4.2,4.0,4.0
2024-12-08,Tottenham,Chelsea,3,4,A,13,17,5,8,5,10,3.21,4.04,2.07,7,11,10,10,2.0,2.4,1.0,0.8,12.4,17.6,5.0,6.8,7.4,6.2
2024-12-09,West Ham,Wolves,2,1,H,19,19,4,5,11,0,1.91,3.85,3.81,4,7,7,4,1.0,2.0,2.2,2.2,14.6,9.0,5.8,4.0,5.4,2.6
2024-12-14,Arsenal,Everton,0,0,D,13,2,5,0,8,2,1.23,6.33,13.36,11,5,13,5,2.4,0.8,0.8,1.0,14.8,16.4,5.4,4.0,8.0,5.4
2024-12-14,Liverpool,Fulham,2,2,D,16,12,4,3,5,4,1.32,5.75,8.89,13,8,15,8,2.4,1.6,1.2,1.4,18.2,9.8,7.2,4.0,7.0,6.2
2024-12-14,Newcastle,Leicester,4,0,H,27,4,11,1,5,2,1.31,5.83,9.08,5,4,5,4,1.8,1.4,2.2,2.4,13.8,7.0,3.4,3.6,6.2,3.8
2024-12-14,Nott'm Forest,Aston Villa,2,1,H,17,8,6,2,4,3,2.64,3.39,2.68,6,7,9,4,1.0,1.2,2.2,1.6,10.2,15.4,2.8,5.2,3.6,9.4
2024-12-14,Wolves,Ipswich,1,2,A,16,10,6,5,7,3,1.9,3.83,3.85,6,4,4,4,1.8,0.8,2.2,1.2,10.6,10.6,3.8,3.8,2.0,4.6
2024-12-15,Brighton,Crystal Palace,1,3,A,17,13,5,5,8,5,1.89,3.82,3.9,8,6,9,5,1.6,1.2,1.6,1.4,13.4,13.4,4.6,4.2,3.6,4.6
2024-12-15,Chelsea,Brentford,2,1,H,26,9,8,4,8,5,1.33,5.89,8.08,13,10,11,1,3.0,2.4,1.2,1.6,18.6,10.8,7.8,4.6,6.6,4.6
2024-12-15,Man City,Man United,1,2,A,10,10,3,3,8,2,1.58,4.59,5.04,4,7,10,3,1.2,2.0,2.0,1.2,15.0,11.4,4.8,4.2,6.6,2.2
2024-12-15,Southampton,Tottenham,0,5,A,9,18,3,9,2,5,4.29,4.47,1.69,1,4,4,6,0.8,1.8,2.4,1.6,7.2,11.8,2.2,4.8,4.8,7.2
2024-12-16,Bournemouth,West Ham,1,1,D,29,16,9,3,12,6,1.71,4.19,4.43,9,7,12,4,2.0,1.4,1.6,1.8,17.8,17.6,6.0,6.2,6.6,6.4
2024-12-21,Aston Villa,Man City,2,1,H,11,12,6,6,5,4,3.29,3.71,2.12,7,4,9,4,1.4,1.2,1.6,2.0,14.6,14.0,5.2,4.2,8.2,7.4
2024-12-21,Brentford,Nott'm Forest,0,2,A,7,10,3,6,9,5,2.35,3.52,2.99,7,9,15,7,2.0,1.2,1.6,1.8,10.2,11.8,4.2,3.4,4.4,3.6
2024-12-21,Crystal Palace,Arsenal,1,5,A,15,14,6,6,3,3,6.08,4.11,1.57,9,11,5,5,1.8,2.2,1.2,0.6,13.4,14.8,4.2,5.8,5.4,9.0
2024-12-21,Ipswich,Newcastle,0,4,A,10,15,2,7,2,1,4.61,3.95,1.74,4,5,2,5,0.8,2.0,1.2,2.0,11.0,15.8,4.2,4.4,4.8,6.2
2024-12-21,West Ham,Brighton,1,1,D,11,12,4,6,8,4,2.8,3.75,2.38,7,5,10,7,1.6,1.4,2.0,2.0,18.6,14.8,5.6,4.8,6.2,5.2
2024-12-22,Everton,Chelsea,0,0,D,5,12,4,5,2,5,5.18,4.13,1.63,6,15,9,10,0.8,3.2,0.8,1.2,13.6,20.4,3.0,8.8,4.6,7.4
2024-12-22,Fulham,Southampton,0,0,D,16,5,5,1,6,5,1.42,4.96,7.21,6,1,7,1,1.6,0.8,1.8,3.0,8.8,7.2,3.2,2.8,5.4,3.4
2024-12-22,Leicester,Wolves,0,3,A,9,8,5,4,6,1,2.55,3.56,2.69,4,3,7,4,1.4,1.6,2.6,2.6,6.6,12.2,2.8,4.2,3.2,3.2
2024-12-22,Man United,Bournemouth,0,3,A,23,10,7,5,13,1,1.85,3.88,4.07,7,10,10,7,1.8,1.8,1.4,1.2,10.8,20.6,4.2,7.2,2.4,8.2
2024-12-22,Tottenham,Liverpool,3,6,A,9,24,5,12,7,5,4.29,4.33,1.72,7,11,7,11,2.6,2.4,1.2,1.4,12.0,18.2,5.6,6.4,5.8,6.0
2024-12-26,Bournemouth,Crystal Palace,0,0,D,18,10,4,4,5,2,1.9,3.77,3.87,13,8,10,8,2.2,1.6,0.8,1.8,18.8,13.8,7.2,4.2,7.0,5.8
2024-12-26,Chelsea,Fulham,1,2,A,12,14,8,7,3,1,1.47,4.88,6.15,13,7,11,6,2.8,1.4,1.0,1.0,19.6,10.0,8.4,3.6,6.6,5.2
2024-12-26,Liverpool,Leicester,3,1,H,19,4,7,1,14,1,1.08,12.4,25.35,11,4,13,4,3.2,1.2,2.0,2.8,20.2,7.6,7.8,3.6,6.6,4.0
2024-12-26,Man City,Everton,1,1,D,24,8,5,3,8,5,1.34,5.46,8.59,4,6,9,5,1.4,0.8,1.6,0.8,11.8,11.0,4.4,3.0,6.4,3.8
2024-12-26,Newcastle,Aston Villa,3,0,H,22,4,8,1,9,6,1.93,3.91,3.66,8,9,7,3,2.8,1.4,1.6,1.4,15.2,13.4,5.4,5.4,4.8,7.2
2024-12-26,Nott'm Forest,Tottenham,1,0,H,10,13,3,4,2,7,2.35,3.74,2.82,12,4,12,6,1.6,2.4,1.2,2.4,12.4,12.0,4.6,5.2,4.4,6.6
2024-12-26,Southampton,West Ham,0,1,A,18,16,5,2,2,2,3.24,3.56,2.18,2,5,3,4,0.4,1.4,2.4,2.2,6.8,17.8,2.0,5.2,3.8,7.2
2024-12-26,Wolves,Man United,2,0,H,7,11,4,4,4,4,3.8,3.7,1.94,3,6,4,5,1.4,1.6,2.4,1.8,11.8,13.2,4.0,4.8,3.0,4.4
2024-12-27,Arsenal,Ipswich,1,0,H,13,3,5,0,5,1,1.16,8.37,17.31,11,3,11,6,2.6,0.6,0.8,1.8,13.8,10.8,5.6,3.4,8.0,4.4
2024-12-27,Brighton,Brentford,0,0,D,24,8,7,3,5,3,1.64,4.44,4.89,3,6,8,1,1.2,2.0,2.0,2.0,16.0,9.8,5.2,4.4,6.0,5.4
2024-12-29,Crystal Palace,Southampton,2,1,H,19,7,10,3,8,7,1.61,4.11,5.42,8,1,5,2,1.4,0.2,1.6,2.4,12.6,8.4,4.2,2.6,4.6,3.0
2024-12-29,Everton,Nott'm Forest,0,2,A,13,11,2,7,5,4,2.64,3.16,2.83,6,12,7,9,1.0,1.6,1.0,1.2,7.2,12.0,2.6,4.2,2.8,3.2
2024-12-29,Fulham,Bournemouth,2,2,D,11,16,6,9,1,7,2.35,3.58,2.91,9,11,8,10,1.6,1.4,1.0,0.4,10.0,20.0,3.8,6.4,3.2,7.2
2024-12-29,Leicester,Man City,0,2,A,11,14,4,5,4,4,7.92,5.62,1.34,4,5,4,1,1.2,1.6,2.6,1.4,7.0,15.0,3.2,5.0,3.4,7.2
2024-12-29,Tottenham,Wolves,2,2,D,13,11,3,3,5,5,1.61,4.77,4.56,3,6,4,7,2.2,1.4,2.4,1.6,13.0,11.2,5.4,4.2,6.6,3.2
2024-12-29,West Ham,Liverpool,0,5,A,7,22,0,13,3,6,7.04,5.21,1.4,8,11,8,11,1.2,3.2,1.2,1.8,18.6,18.6,4.6,7.0,7.2,7.4
2024-12-30,Aston Villa,Brighton,2,2,D,20,13,4,4,12,3,1.94,3.86,3.61,9,3,11,5,1.4,1.0,1.4,1.8,12.2,16.4,4.8,5.6,7.6,5.6
2024-12-30,Ipswich,Chelsea,2,0,H,9,20,6,5,4,7,6.87,5.02,1.41,3,10,2,11,0.6,2.4,1.8,1.4,10.0,18.6,2.8,8.4,3.2,6.6
2024-12-30,Man United,Newcastle,0,2,A,10,12,0,4,2,3,2.7,3.61,2.49,3,10,7,7,0.8,3.2,2.2,1.4,13.2,19.4,4.6,7.0,4.8,4.8
2025-01-01,Brentford,Arsenal,1,3,A,5,14,2,5,4,3,6.67,4.8,1.44,4,11,12,8,1.2,1.8,1.8,0.4,8.8,13.2,3.8,5.2,5.0,7.0
2025-01-04,Aston Villa,Leicester,2,1,H,13,4,5,2,7,2,1.32,5.51,9.16,7,1,11,1,1.2,0.6,1.6,2.8,12.2,7.6,3.6,2.8,8.0,3.6
2025-01-04,Bournemouth,Everton,1,0,H,19,9,8,0,9,3,1.75,3.82,4.71,9,6,8,3,1.6,1.0,0.8,0.6,19.0,8.2,6.6,2.6,7.6,3.4
2025-01-04,Brighton,Arsenal,1,1,D,11,9,4,3,2,5,4.36,3.83,1.8,4,11,6,11,1.2,2.0,1.6,0.6,16.4,13.2,5.8,5.0,5.0,5.0
2025-01-04,Crystal Palace,Chelsea,1,1,D,13,15,6,1,6,6,3.65,3.88,1.95,8,7,5,10,1.6,1.4,1.8,1.6,13.8,17.4,5.6,6.8,4.8,6.6
2025-01-04,Man City,West Ham,4,1,H,10,17,7,4,7,1,1.31,6.09,8.3,5,8,7,7,1.4,1.0,1.4,1.6,14.4,13.8,4.6,2.6,6.4,6.0
2025-01-04,Southampton,Brentford,0,5,A,8,20,1,11,2,2,2.78,3.54,2.48,1,4,3,2,0.2,1.2,1.8,1.8,8.6,8.0,2.4,4.0,3.4,4.8
2025-01-04,Tottenham,Newcastle,1,2,A,13,14,4,4,9,10,2.88,3.94,2.24,4,12,2,10,2.6,3.0,2.6,0.8,13.2,18.4,5.2,6.6,5.8,4.4
2025-01-05,Fulham,Ipswich,2,2,D,15,7,4,3,9,2,1.56,4.34,5.68,7,6,6,6,1.4,1.0,1.2,1.6,11.0,10.0,4.6,3.6,2.4,3.2
2025-01-05,Liverpool,Man United,2,2,D,19,13,6,4,6,9,1.29,6.05,9.49,11,3,13,4,3.8,0.8,1.8,2.2,19.4,14.2,8.2,4.2,7.2,5.2
2025-01-06,Wolves,Nott'm Forest,0,3,A,13,11,6,3,5,3,3.22,3.22,2.33,7,15,7,9,1.8,2.0,1.2,0.6,12.2,11.8,4.4,5.0,3.4,3.6
2025-01-14,Brentford,Man City,2,2,D,18,21,6,8,4,5,4.76,4.47,1.64,4,7,9,4,1.4,1.8,1.4,1.2,9.8,14.0,4.6,5.2,4.6,6.2
2025-01-14,Chelsea,Bournemouth,2,2,D,26,7,10,3,9,3,1.5,4.81,5.92,5,9,10,10,0.8,1.4,1.2,0.6,17.0,18.4,5.4,7.0,5.8,6.8
2025-01-14,Nott'm Forest,Liverpool,1,1,D,6,23,3,7,0,9,5.14,4.16,1.64,15,11,12,11,2.0,3.6,0.2,1.6,11.8,20.0,5.0,8.4,3.6,7.2
2025-01-14,West Ham,Fulham,3,2,H,4,21,3,5,0,3,2.97,3.43,2.41,5,7,5,9,0.8,1.6,2.2,1.4,13.4,13.6,2.6,5.0,4.0,4.2
2025-01-15,Arsenal,Tottenham,2,1,H,14,10,4,2,10,4,1.4,5.29,6.86,11,4,11,6,2.0,2.2,0.6,2.2,12.6,13.2,4.8,5.0,4.8,6.6
2025-01-15,Everton,Aston Villa,0,1,A,10,11,3,3,8,5,3.2,3.24,2.35,3,7,6,0,0.2,1.4,0.8,1.8,7.4,11.2,1.8,3.6,3.4,6.6
2025-01-15,Leicester,Crystal Palace,0,2,A,21,9,4,4,4,3,3.88,3.73,1.92,0,8,4,9,0.4,1.4,2.8,1.6,6.4,14.0,2.6,6.2,3.0,4.8
2025-01-15,Newcastle,Wolves,3,0,H,17,13,5,7,4,2,1.35,5.54,8.08,15,7,10,7,3.0,1.6,0.2,1.4,18.0,11.0,6.8,4.6,5.6,4.4
2025-01-16,Ipswich,Brighton,0,2,A,5,11,3,5,1,9,3.8,3.73,1.94,7,4,4,6,1.2,1.0,1.6,1.4,7.8,15.4,3.2,5.2,2.4,4.4
2025-01-16,Man United,Southampton,3,1,H,23,13,9,5,5,4,1.3,5.79,9.4,4,1,6,2,0.8,0.2,2.0,2.6,13.4,9.4,3.6,2.6,6.0,3.6
2025-01-18,Arsenal,Aston Villa,2,2,D,18,8,6,4,10,1,1.51,4.35,6.45,13,10,13,3,2.4,1.4,0.8,1.4,12.8,11.8,4.6,3.8,5.2,7.0
2025-01-18,Brentford,Liverpool,0,2,A,11,37,6,8,2,15,6.43,5.15,1.43,5,11,7,11,1.6,3.4,1.4,1.4,11.6,21.4,5.0,9.0,4.4,8.0
2025-01-18,Leicester,Fulham,0,2,A,8,17,4,2,5,2,4.17,3.81,1.84,0,6,4,8,0.4,1.6,2.4,1.6,9.8,15.4,3.2,5.4,3.4,4.0
2025-01-18,Newcastle,Bournemouth,1,4,A,13,19,5,10,7,6,1.64,4.3,4.93,15,9,10,11,2.8,1.6,0.2,0.8,16.0,14.0,5.6,5.8,5.4,5.0
2025-01-18,West Ham,Crystal Palace,0,2,A,7,12,0,7,2,4,2.62,3.41,2.69,7,8,7,11,1.2,1.2,2.4,1.4,11.0,13.2,2.6,6.0,2.8,4.4
2025-01-19,Everton,Tottenham,3,2,H,12,11,6,6,3,8,2.91,3.51,2.41,2,1,5,6,0.2,1.4,1.0,2.6,9.0,11.6,2.4,3.6,4.6,6.4
2025-01-19,Ipswich,Man City,0,6,A,8,17,4,9,4,7,7.72,5.36,1.36,4,8,3,5,0.8,2.0,1.8,1.2,6.8,16.2,2.8,6.2,2.0,5.6
2025-01-19,Man United,Brighton,1,3,A,10,6,1,3,4,2,2.09,3.71,3.36,4,7,6,6,1.0,1.2,2.0,0.8,16.0,14.2,4.8,5.2,6.6,4.6
2025-01-19,Nott'm Forest,Southampton,3,2,H,14,10,5,4,2,8,1.39,4.86,8.03,13,1,10,2,1.8,0.4,0.2,2.2,9.6,10.2,4.4,3.0,2.8,4.0
2025-01-20,Chelsea,Wolves,3,1,H,19,9,7,4,3,6,1.37,5.51,7.3,3,7,8,4,0.8,1.4,1.4,1.6,17.0,10.4,5.8,4.8,6.0,3.4
2025-01-25,Bournemouth,Nott'm Forest,5,0,H,16,18,10,4,3,9,2.09,3.64,3.42,9,13,8,12,1.8,2.0,1.0,0.6,15.8,10.4,6.8,4.2,6.0,2.2
2025-01-25,Brighton,Everton,0,1,A,16,3,1,1,9,1,1.67,3.86,5.39,9,4,6,3,1.6,0.8,0.8,1.4,13.0,10.4,4.6,2.8,4.2,4.8
2025-01-25,Liverpool,Ipswich,4,1,H,16,3,6,3,3,4,1.1,11.04,20.87,11,4,11,7,2.6,0.8,0.8,2.2,24.0,6.4,8.2,3.2,10.0,2.4
2025-01-25,Man City,Chelsea,3,1,H,15,10,6,4,2,4,2.03,4.03,3.29,11,5,7,8,3.0,1.4,0.8,1.6,17.2,18.4,6.8,6.2,6.2,5.6
2025-01-25,Southampton,Newcastle,1,3,A,12,17,5,9,3,8,6.82,5.09,1.42,0,12,0,10,0.8,2.2,2.8,1.0,11.2,15.6,3.6,5.2,4.6,6.6
2025-01-25,Wolves,Arsenal,0,1,A,9,9,4,3,1,5,6.85,4.65,1.46,4,11,6,11,1.0,1.8,2.2,1.0,10.6,13.6,4.8,4.6,4.4,6.6
2025-01-26,Aston Villa,West Ham,1,1,D,14,14,4,4,4,3,1.55,4.39,5.81,8,6,13,7,1.4,1.0,1.6,2.6,11.2,10.2,3.4,1.8,6.2,1.6
2025-01-26,Crystal Palace,Brentford,1,2,A,16,13,5,6,4,7,2.06,3.68,3.47,11,5,6,5,1.4,1.6,0.4,1.4,12.6,12.4,6.2,5.6,4.6,3.0
2025-01-26,Fulham,Man United,0,1,A,9,4,3,1,3,0,2.31,3.44,3.1,8,4,7,5,2.0,1.2,1.6,2.0,15.6,13.4,4.8,3.6,3.2,4.8
2025-01-26,Tottenham,Leicester,1,2,A,15,12,6,3,6,4,1.46,5.21,5.89,1,0,2,0,1.2,0.4,2.0,2.2,12.0,9.6,3.8,3.0,6.6,3.2
2025-02-01,Bournemouth,Liverpool,0,2,A,14,19,3,7,3,3,4.56,4.32,1.68,11,11,11,11,2.8,2.8,1.0,0.8,15.4,23.4,8.0,8.0,5.6,7.8
2025-02-01,Everton,Leicester,4,0,H,13,9,7,1,5,6,1.79,3.67,4.67,6,3,7,3,0.8,0.6,1.2,1.8,9.4,11.2,2.4,3.4,4.0,3.8
2025-02-01,Ipswich,Southampton,1,2,A,15,9,6,4,1,2,1.98,3.67,3.74,4,0,3,1,1.0,1.0,2.8,3.2,6.4,10.0,3.8,3.6,3.0,4.8
2025-02-01,Newcastle,Fulham,1,2,A,11,15,4,4,4,7,1.71,4.07,4.66,12,5,10,8,2.2,1.6,1.2,1.6,14.6,14.6,5.4,4.0,6.4,3.6
2025-02-01,Nott'm Forest,Brighton,7,0,H,14,10,9,5,4,6,2.44,3.46,2.89,10,8,13,9,1.8,1.6,1.6,1.0,12.0,11.4,4.4,3.4,3.6,5.0
2025-02-01,Wolves,Aston Villa,2,0,H,8,10,5,3,5,8,3.36,3.58,2.14,1,9,3,4,0.6,1.6,2.4,1.2,11.0,13.2,4.8,4.0,3.8,5.8
2025-02-02,Arsenal,Man City,5,1,H,12,7,7,4,5,2,1.97,3.58,3.83,11,13,11,8,1.8,3.4,1.0,0.8,12.8,15.4,4.2,7.0,6.6,5.0
2025-02-02,Brentford,Tottenham,0,2,A,20,13,4,2,10,3,2.11,3.97,3.1,7,1,4,3,2.0,1.4,1.6,2.2,13.4,12.4,6.2,4.2,3.8,6.4
2025-02-02,Man United,Crystal Palace,0,2,A,17,11,2,3,11,0,2.04,3.48,3.71,7,10,3,13,1.4,1.6,1.6,0.8,12.0,13.8,3.0,6.4,4.0,5.0
2025-02-03,Chelsea,West Ham,2,1,H,22,14,3,5,4,3,1.36,5.54,7.58,5,4,10,5,1.4,1.0,1.8,2.8,18.0,9.8,5.4,2.2,5.8,1.8
2025-02-12,Everton,Liverpool,2,2,D,10,6,3,4,2,3,7.36,4.71,1.44,9,11,7,13,1.6,2.2,0.8,0.8,9.4,22.8,3.4,6.8,4.0,7.2
2025-02-14,Brighton,Chelsea,3,0,H,13,8,5,0,2,9,2.85,3.6,2.43,7,8,3,5,1.2,1.8,2.0,1.6,10.8,18.4,3.6,5.0,5.6,5.2
2025-02-15,Aston Villa,Ipswich,1,1,D,25,4,6,3,16,1,1.41,4.96,7.45,8,1,11,4,1.2,0.8,1.2,3.2,11.2,7.6,3.8,3.8,5.0,2.4
2025-02-15,Crystal Palace,Everton,1,2,A,17,11,6,6,6,2,1.81,3.45,4.94,10,10,5,5,1.6,2.0,0.6,1.0,12.2,9.6,5.0,4.0,3.4,3.8
2025-02-15,Fulham,Nott'm Forest,2,1,H,24,8,10,2,8,4,2.22,3.35,3.39,7,10,4,12,1.6,2.8,1.4,1.6,15.4,12.6,3.6,4.8,4.8,3.6
2025-02-15,Leicester,Arsenal,0,2,A,6,11,2,5,3,7,9.45,5.29,1.34,3,11,1,11,0.6,2.2,2.2,1.0,10.8,12.4,2.8,4.6,4.2,7.0
2025-02-15,Man City,Newcastle,4,0,H,11,3,7,1,7,4,1.97,4.07,3.44,10,9,10,12,3.2,2.0,1.8,1.6,14.0,14.4,6.8,5.4,4.6,6.6
2025-02-15,Southampton,Bournemouth,1,3,A,11,14,4,7,4,6,5.83,4.64,1.52,3,10,0,11,1.2,2.4,3.0,1.0,10.4,15.0,3.8,6.8,3.8,4.8
2025-02-15,West Ham,Brentford,0,1,A,13,14,3,5,9,2,2.41,3.64,2.82,4,7,7,7,1.2,1.8,2.2,1.4,11.2,16.4,3.2,6.6,1.8,5.0
2025-02-16,Liverpool,Wolves,2,1,H,10,16,3,4,4,3,1.19,7.85,12.84,11,3,11,4,2.2,0.6,0.8,2.0,20.2,10.4,6.4,5.2,6.6,3.8
2025-02-16,Tottenham,Man United,1,0,H,22,16,7,6,10,5,2.45,3.73,2.69,3,7,1,7,1.4,1.4,1.8,1.6,12.4,13.4,4.0,3.4,6.0,5.8
2025-02-19,Aston Villa,Liverpool,2,2,D,9,17,4,3,6,8,3.93,4.0,1.85,6,13,9,11,1.0,2.4,1.2,0.8,13.6,17.6,4.0,5.6,6.8,5.6
2025-02-21,Leicester,Brentford,0,4,A,8,14,3,6,5,6,3.7,3.86,1.96,3,7,0,10,0.4,1.0,2.2,1.4,11.2,15.2,2.8,5.4,4.4,5.0
2025-02-22,Arsenal,West Ham,0,1,A,20,5,2,2,2,0,1.25,6.2,11.63,13,4,11,5,2.4,1.0,0.8,1.6,12.8,10.4,5.0,3.0,7.4,3.4
2025-02-22,Aston Villa,Chelsea,2,1,H,12,15,6,7,2,3,2.62,3.7,2.56,4,7,7,2,1.2,1.6,1.6,2.0,13.2,17.0,4.2,4.8,7.0,5.8
2025-02-22,Bournemouth,Wolves,0,1,A,8,13,3,5,6,7,1.56,4.45,5.5,10,3,8,4,2.8,0.8,1.2,1.8,14.0,11.0,6.6,4.8,4.2,3.4
2025-02-22,Everton,Man United,2,2,D,9,9,8,3,7,9,2.55,3.2,2.96,13,6,7,7,2.4,1.0,1.0,1.4,9.8,14.0,4.6,3.8,2.6,5.0
2025-02-22,Fulham,Crystal Palace,0,2,A,10,10,0,5,7,7,2.05,3.48,3.74,9,9,6,13,1.6,1.6,1.2,0.8,17.2,13.0,4.8,5.0,4.6,3.4
2025-02-22,Ipswich,Tottenham,1,4,A,17,10,5,6,4,4,3.87,3.89,1.89,1,6,3,6,0.6,1.4,3.0,1.4,7.0,14.2,3.8,4.6,2.2,6.2
2025-02-22,Southampton,Brighton,0,4,A,6,18,1,12,5,6,5.52,4.38,1.57,3,9,0,8,1.4,1.6,2.6,1.8,11.0,11.2,4.4,3.8,4.2,5.6
2025-02-23,Man City,Liverpool,0,2,A,16,8,5,4,7,5,2.9,3.86,2.26,10,11,10,9,3.2,2.4,1.6,1.2,14.2,13.6,6.8,4.6,4.6,4.2
2025-02-23,Newcastle,Nott'm Forest,4,3,H,13,17,5,5,7,6,1.81,3.96,4.11,6,7,9,9,1.6,2.4,2.2,2.0,12.2,12.0,4.8,4.6,5.4,3.8
2025-02-25,Brighton,Bournemouth,2,1,H,11,19,4,5,1,9,2.06,3.81,3.43,9,9,5,11,2.0,2.4,1.8,1.0,12.6,14.2,5.2,6.6,5.0,4.8
2025-02-25,Chelsea,Southampton,4,0,H,19,7,10,2,4,2,1.17,8.55,14.69,6,3,10,4,1.4,1.2,2.0,2.8,14.8,9.6,4.2,3.6,4.6,4.4
2025-02-25,Crystal Palace,Aston Villa,4,1,H,19,6,6,2,3,8,2.55,3.38,2.83,9,6,4,4,1.6,1.2,0.8,1.4,13.2,14.0,5.2,4.6,4.2,7.2
2025-02-25,Wolves,Fulham,1,2,A,18,11,5,5,7,5,2.71,3.34,2.69,6,9,6,10,1.0,1.2,1.2,1.0,11.0,15.0,4.4,3.8,4.4,5.4
2025-02-26,Brentford,Everton,1,1,D,12,14,3,4,2,5,2.02,3.68,3.59,9,11,1,8,1.4,2.2,1.0,1.0,14.4,9.2,5.4,5.0,5.4,3.4
2025-02-26,Liverpool,Newcastle,2,0,H,12,3,3,0,4,2,1.52,4.77,5.64,11,6,11,12,2.0,1.8,1.0,2.8,12.0,11.4,4.2,4.8,4.6,6.0
2025-02-26,Man United,Ipswich,3,2,H,10,12,6,3,5,6,1.52,4.55,5.83,4,1,3,5,0.8,0.8,1.6,3.4,11.2,9.4,2.6,4.2,5.8,2.8
2025-02-26,Nott'm Forest,Arsenal,0,0,D,6,13,2,1,3,11,3.94,3.48,1.98,6,10,13,13,2.8,2.0,2.6,0.8,14.2,14.0,5.0,4.6,5.0,5.8
2025-02-26,Tottenham,Man City,0,1,A,11,12,6,5,8,3,3.22,4.09,2.04,9,9,4,7,2.0,2.8,1.2,1.6,14.2,13.2,5.4,6.2,6.2,5.0
2025-02-27,West Ham,Leicester,2,0,H,8,10,2,2,3,3,1.63,4.15,5.17,4,3,4,3,0.6,0.4,1.2,2.6,10.6,8.6,2.8,2.6,3.4,4.6
2025-03-08,Brentford,Aston Villa,0,1,A,13,12,3,4,6,5,2.26,3.8,2.95,10,5,2,4,1.6,1.2,0.8,2.0,14.6,12.4,4.8,4.2,5.4,8.0
2025-03-08,Brighton,Fulham,2,1,H,9,6,4,1,3,7,1.99,3.62,3.77,9,9,8,12,1.8,1.2,1.8,1.2,13.6,13.8,5.4,4.4,4.8,6.0
2025-03-08,Crystal Palace,Ipswich,1,0,H,19,15,4,8,5,4,1.48,4.55,6.74,9,1,7,2,2.0,1.2,1.0,2.8,14.6,10.2,5.0,4.0,4.0,3.2
2025-03-08,Liverpool,Southampton,3,1,H,28,6,7,4,6,4,1.12,9.97,19.5,11,3,13,3,2.0,0.8,1.0,3.0,10.6,9.0,3.4,3.2,4.8,3.2
2025-03-08,Nott'm Forest,Man City,1,0,H,9,14,4,3,3,2,3.88,3.89,1.89,4,9,11,10,2.2,1.8,2.2,1.6,12.6,12.2,4.4,5.4,5.2,4.2
2025-03-08,Wolves,Everton,1,1,D,11,12,3,4,5,5,2.63,3.14,2.87,6,9,6,8,1.0,2.2,1.0,1.2,12.8,11.4,4.6,5.6,4.6,4.2
2025-03-09,Chelsea,Leicester,1,0,H,20,3,7,3,12,2,1.2,7.67,12.34,6,3,10,3,1.6,0.4,1.8,2.6,14.8,9.0,4.8,2.2,4.8,4.2
2025-03-09,Man United,Arsenal,1,1,D,10,17,6,6,2,9,5.41,3.58,1.72,7,10,6,11,1.2,1.6,1.4,0.4,11.2,13.0,3.6,3.6,6.0,6.0
2025-03-09,Tottenham,Bournemouth,2,2,D,12,17,4,8,3,6,2.71,3.88,2.4,9,6,4,8,1.6,1.8,0.8,1.2,14.2,14.2,5.4,5.6,6.2,5.4
2025-03-10,West Ham,Newcastle,0,1,A,9,9,2,3,3,4,3.21,3.57,2.19,7,6,6,9,1.0,1.6,0.8,2.4,10.8,9.4,3.2,3.8,3.6,5.0
2025-03-15,Bournemouth,Brentford,1,2,A,17,10,5,4,4,3,1.76,4.16,4.25,4,7,7,13,1.2,1.2,1.6,0.8,14.4,14.6,5.2,4.2,6.0,5.2
2025-03-15,Everton,West Ham,1,1,D,13,10,5,5,6,5,2.11,3.27,3.81,7,6,8,7,1.6,0.8,1.4,0.8,11.2,9.8,5.0,2.8,4.2,3.6
2025-03-15,Ipswich,Nott'm Forest,2,4,A,11,11,4,6,6,3,3.8,3.59,1.99,1,7,3,6,1.0,2.4,2.2,1.2,12.6,10.8,5.0,4.4,3.2,4.0
2025-03-15,Man City,Brighton,2,2,D,11,15,3,3,4,5,1.66,4.45,4.63,6,12,10,10,1.2,2.2,1.6,1.8,12.0,12.2,4.8,6.0,4.2,3.6
2025-03-15,Southampton,Wolves,1,2,A,10,5,3,3,5,1,3.63,3.51,2.06,3,7,0,4,0.8,1.2,3.0,1.0,7.8,13.2,3.0,4.4,3.4,5.4
2025-03-16,Arsenal,Chelsea,1,0,H,12,8,4,2,5,4,1.81,3.74,4.44,8,9,10,1,1.6,1.6,0.6,1.2,14.6,16.8,4.2,5.4,6.8,6.4
2025-03-16,Fulham,Tottenham,2,0,H,13,12,4,4,6,5,2.01,3.84,3.48,9,10,5,6,1.4,1.8,1.4,0.8,13.2,13.6,4.0,5.0,6.8,5.6
2025-03-16,Leicester,Man United,0,3,A,11,18,3,5,6,4,4.21,3.76,1.84,0,5,0,5,0.0,1.2,2.6,1.6,7.2,12.4,2.2,4.6,3.8,6.4
2025-04-01,Arsenal,Fulham,2,1,H,17,9,4,3,5,4,1.48,4.2,7.73,8,9,10,9,0.8,1.4,0.4,1.2,14.6,12.8,3.6,4.0,6.8,6.6
2025-04-01,Nott'm Forest,Man United,1,0,H,8,23,2,6,3,10,2.32,3.42,3.13,7,8,11,8,1.8,1.8,1.6,1.2,10.2,12.6,3.8,5.2,3.8,5.0
2025-04-01,Wolves,West Ham,1,0,H,9,10,2,1,1,2,2.57,3.2,2.92,7,7,4,5,1.2,0.8,1.2,0.6,12.6,9.0,4.0,2.8,4.6,4.0
2025-04-02,Bournemouth,Ipswich,1,2,A,24,10,7,2,8,3,1.38,5.23,7.72,4,1,6,2,1.4,1.2,1.6,2.6,15.0,11.8,5.6,4.6,6.2,4.2
2025-04-02,Brighton,Aston Villa,0,3,A,11,8,4,5,4,0,2.09,3.81,3.27,13,8,10,7,2.6,1.4,0.8,1.6,13.2,12.8,5.6,4.4,3.4,7.4
2025-04-02,Liverpool,Everton,1,0,H,17,5,3,0,11,5,1.36,5.02,8.78,13,7,13,8,2.2,1.4,0.8,1.2,15.0,11.8,4.0,5.4,5.4,5.0
2025-04-02,Man City,Leicester,2,0,H,18,2,5,0,5,0,1.2,7.61,12.4,7,0,10,3,1.4,0.0,1.0,2.4,12.8,7.6,4.6,2.6,4.6,3.8
2025-04-02,Newcastle,Brentford,2,1,H,21,12,4,3,4,5,1.73,4.31,4.21,6,10,9,15,1.2,1.6,2.2,0.6,7.8,12.6,2.6,4.2,4.2,3.8
2025-04-02,Southampton,Crystal Palace,1,1,D,8,9,2,3,2,2,5.5,4.01,1.62,0,12,0,13,0.6,2.0,3.2,0.6,8.0,15.2,2.8,4.8,4.0,4.2
2025-04-03,Chelsea,Tottenham,1,0,H,11,8,5,2,4,6,1.64,4.5,4.57,6,7,13,6,1.2,1.4,1.2,1.2,14.0,13.4,5.2,5.4,6.4,6.0
2025-04-05,Aston Villa,Nott'm Forest,2,1,H,17,19,8,3,4,4,1.99,3.63,3.72,10,10,9,6,1.8,1.8,1.4,1.2,9.4,10.2,4.2,3.8,4.2,3.6
2025-04-05,Crystal Palace,Brighton,2,1,H,8,11,3,5,2,4,2.43,3.46,2.87,10,10,7,10,1.8,2.0,0.8,1.4,14.8,12.8,4.8,5.4,4.6,3.8
2025-04-05,Everton,Arsenal,1,1,D,5,14,2,5,3,8,5.15,3.44,1.78,4,8,9,9,1.0,0.8,1.2,0.6,10.6,15.8,4.2,3.4,5.6,6.4
2025-04-05,Ipswich,Wolves,1,2,A,6,22,2,7,4,8,2.74,3.28,2.65,3,10,0,6,1.4,1.2,2.6,0.8,13.0,11.2,4.4,3.6,4.6,4.2
2025-04-05,West Ham,Bournemouth,2,2,D,9,11,3,4,4,7,3.04,3.47,2.34,7,1,6,8,0.8,1.0,0.6,1.8,8.4,17.0,2.4,5.6,2.6,6.6
2025-04-06,Brentford,Chelsea,0,0,D,9,21,2,5,3,6,3.2,3.73,2.15,7,9,2,1,1.6,1.4,1.0,0.6,12.2,14.6,3.8,6.2,4.4,5.4
2025-04-06,Fulham,Liverpool,3,2,H,12,14,6,6,4,4,4.24,3.7,1.86,6,13,7,11,1.2,2.0,1.4,0.6,9.8,16.4,2.6,4.0,5.8,6.8
2025-04-06,Man United,Man City,0,0,D,13,9,2,5,5,3,3.33,3.61,2.13,8,7,7,7,1.8,1.0,1.2,1.0,14.0,14.2,5.2,4.2,6.0,4.2
2025-04-06,Tottenham,Southampton,3,1,H,13,12,8,4,4,1,1.39,5.32,7.12,4,1,4,3,1.2,0.6,1.4,2.8,10.6,7.4,4.4,2.4,5.2,3.6
2025-04-07,Leicester,Newcastle,0,3,A,7,16,2,5,12,2,6.4,4.44,1.5,0,9,0,9,0.0,1.4,2.4,2.0,6.8,9.8,2.2,2.6,3.2,4.2
2025-04-12,Arsenal,Brentford,1,1,D,14,3,3,2,13,5,1.61,4.16,5.35,9,5,10,12,1.0,0.8,0.6,1.0,14.6,11.2,4.0,3.0,7.6,3.8
2025-04-12,Brighton,Leicester,2,2,D,21,15,7,6,3,6,1.27,5.89,10.98,7,0,9,3,1.4,0.0,1.8,2.2,11.4,6.6,4.0,2.0,3.4,4.6
2025-04-12,Man City,Crystal Palace,5,2,H,21,8,9,3,1,4,1.5,4.7,5.95,8,13,10,13,1.0,2.0,0.6,0.6,12.8,13.0,4.2,4.2,3.4,3.8
2025-04-12,Nott'm Forest,Everton,0,1,A,10,13,5,5,1,7,2.11,3.33,3.67,10,4,13,8,1.4,0.8,0.8,1.0,10.6,9.8,3.4,3.0,3.2,4.8
2025-04-12,Southampton,Aston Villa,0,3,A,7,25,2,10,2,14,5.65,4.42,1.55,1,12,1,7,0.8,1.8,2.6,1.2,8.6,11.0,3.0,5.0,2.8,3.8
2025-04-13,Chelsea,Ipswich,2,2,D,34,13,9,4,15,4,1.25,6.57,9.7,10,3,15,4,1.2,1.4,0.2,2.2,15.8,10.8,5.8,3.8,6.0,4.6
2025-04-13,Liverpool,West Ham,2,1,H,15,11,6,4,10,3,1.3,5.89,9.45,12,5,15,5,2.0,1.0,0.8,1.0,15.8,9.2,4.6,2.6,6.0,3.4
2025-04-13,Newcastle,Man United,4,1,H,13,9,6,5,7,2,1.65,4.21,4.73,12,8,9,7,2.0,1.4,1.2,0.8,12.4,14.8,3.4,5.0,3.8,5.2
2025-04-13,Wolves,Tottenham,4,2,H,13,11,5,4,1,4,2.23,3.55,3.14,10,4,7,6,1.4,1.0,1.0,1.4,13.0,11.2,4.0,4.8,4.4,5.2
2025-04-14,Bournemouth,Fulham,1,0,H,12,12,3,7,6,9,2.15,3.58,3.3,2,9,3,9,1.4,1.8,2.0,1.4,17.6,10.2,5.8,3.8,6.8,5.2
2025-04-16,Newcastle,Crystal Palace,5,0,H,14,11,7,4,5,4,1.71,3.96,4.75,12,10,9,10,2.0,2.0,0.8,1.6,12.4,12.6,3.6,3.8,3.8,3.2
2025-04-19,Aston Villa,Newcastle,4,1,H,23,10,9,3,7,7,2.36,3.63,2.85,12,15,9,9,2.0,3.0,1.0,0.4,13.6,14.6,5.8,5.0,6.2,4.4
2025-04-19,Brentford,Brighton,4,2,H,16,12,8,3,4,8,2.5,3.61,2.7,5,5,2,7,0.8,1.4,1.0,2.0,9.4,13.4,2.8,4.6,4.4,3.8
2025-04-19,Crystal Palace,Bournemouth,0,0,D,5,15,0,4,5,4,2.54,3.54,2.69,7,5,9,8,1.2,1.4,2.4,1.6,11.0,16.2,3.4,5.4,3.4,6.2
2025-04-19,Everton,Man City,0,2,A,8,12,3,7,2,5,3.8,3.65,1.96,6,8,7,7,0.8,1.8,0.8,1.0,9.6,14.6,3.2,5.0,5.2,3.0
2025-04-19,West Ham,Southampton,1,1,D,12,15,4,4,2,5,1.49,4.49,6.44,2,1,4,3,0.8,0.8,1.4,2.4,9.8,8.6,3.0,3.0,3.4,2.8
2025-04-20,Fulham,Chelsea,1,2,A,6,13,1,8,6,4,2.82,3.52,2.43,6,8,9,1,1.4,0.8,1.4,0.6,10.4,18.8,4.2,5.6,6.0,8.2
2025-04-20,Ipswich,Arsenal,0,4,A,4,24,0,7,0,12,7.83,4.81,1.4,4,9,0,9,1.4,1.2,2.0,0.8,11.0,14.8,4.0,4.4,4.2,8.0
2025-04-20,Leicester,Liverpool,0,1,A,5,28,0,10,1,13,11.76,6.63,1.23,1,12,0,8,0.4,2.0,2.2,1.0,7.6,17.2,2.8,5.0,5.2,7.0
2025-04-20,Man United,Wolves,0,1,A,12,4,2,2,9,2,2.0,3.58,3.72,5,13,5,9,1.0,2.0,1.2,1.0,14.6,12.0,4.8,4.0,4.6,3.2
2025-04-21,Tottenham,Nott'm Forest,1,2,A,22,4,6,3,7,1,2.47,3.71,2.66,4,9,7,3,1.4,1.4,2.0,1.0,11.2,11.4,4.4,4.0,4.4,2.8
2025-04-22,Man City,Aston Villa,2,1,H,14,7,6,3,10,2,1.85,4.06,3.93,11,15,10,9,2.2,2.6,0.8,0.4,14.2,17.0,5.8,7.2,3.6,6.0
2025-04-23,Arsenal,Crystal Palace,2,2,D,12,15,6,4,3,6,1.41,4.66,8.13,11,5,10,7,1.8,1.0,0.6,2.4,16.2,8.2,4.6,2.6,8.6,3.4
2025-04-26,Brighton,West Ham,3,2,H,16,12,9,4,8,1,1.67,4.14,4.76,2,3,10,4,1.4,1.0,2.6,1.4,14.0,10.4,4.4,3.4,4.8,3.2
2025-04-26,Chelsea,Everton,1,0,H,10,6,7,3,10,2,1.58,4.08,5.91,8,5,13,8,1.0,0.6,0.8,1.0,17.4,8.8,5.8,3.0,6.6,4.6
2025-04-26,Newcastle,Ipswich,3,0,H,25,4,5,0,11,2,1.18,7.72,14.89,12,4,12,5,3.0,1.4,1.2,2.6,14.8,8.8,5.0,2.4,5.0,3.4
2025-04-26,Southampton,Fulham,1,2,A,7,26,3,5,0,13,5.17,4.11,1.64,2,6,1,6,0.8,1.4,2.0,1.4,10.4,10.4,3.0,4.2,3.0,5.8
2025-04-26,Wolves,Leicester,3,0,H,20,8,6,2,4,2,1.51,4.38,6.24,15,1,10,1,2.0,0.4,0.8,2.2,10.6,8.0,3.8,2.2,2.6,5.0
2025-04-27,Bournemouth,Man United,1,1,D,8,25,1,6,5,10,1.67,4.13,4.77,5,4,3,4,1.0,0.8,1.2,1.2,15.8,15.0,4.6,4.0,5.8,6.0
2025-04-27,Liverpool,Tottenham,5,1,H,25,8,8,3,8,2,1.25,6.57,9.98,12,3,15,6,1.8,1.2,1.0,2.0,20.4,13.2,6.4,4.8,8.8,5.2
2025-05-01,Nott'm Forest,Brentford,0,2,A,14,11,5,3,4,5,2.17,3.55,3.27,9,8,10,10,1.6,1.6,1.2,1.2,10.4,10.0,3.8,3.8,2.4,4.0
2025-05-02,Man City,Wolves,1,0,H,9,6,2,1,4,5,1.4,5.14,7.49,13,15,10,12,2.2,2.2,0.6,0.6,14.8,13.6,6.4,4.4,4.8,3.2
2025-05-03,Arsenal,Bournemouth,1,2,A,13,9,4,2,2,3,2.08,3.6,3.47,9,6,8,6,2.0,1.0,1.0,1.0,16.2,14.0,5.0,3.8,8.2,6.0
2025-05-03,Aston Villa,Fulham,1,0,H,10,11,3,3,5,3,1.79,3.88,4.32,12,6,11,6,2.6,1.4,0.8,1.6,16.0,13.0,7.0,4.4,5.4,7.2
2025-05-03,Everton,Ipswich,2,2,D,8,12,3,5,3,3,1.47,4.4,7.07,4,4,4,4,0.4,1.0,1.0,2.4,7.4,7.4,2.6,1.6,3.8,2.6
2025-05-03,Leicester,Southampton,2,0,H,14,8,4,2,7,7,2.33,3.62,2.93,1,2,0,4,0.4,0.8,2.2,2.0,7.4,9.8,2.0,3.0,4.2,2.0
2025-05-04,Brentford,Man United,4,3,H,12,14,6,5,7,4,1.67,4.14,4.74,8,2,5,5,1.6,0.4,1.0,1.4,10.2,16.4,3.6,4.2,4.4,7.2
2025-05-04,Brighton,Newcastle,1,1,D,5,13,2,5,1,4,2.86,3.77,2.31,4,12,10,6,1.6,3.2,2.6,1.0,14.2,15.6,5.6,5.2,5.4,6.4
2025-05-04,Chelsea,Liverpool,3,1,H,17,11,7,2,3,6,2.18,3.71,3.14,11,12,13,8,1.2,2.2,0.6,1.0,17.8,19.8,6.8,6.6,7.8,9.2
2025-05-04,West Ham,Tottenham,1,1,D,11,7,2,2,1,3,2.1,3.73,3.31,2,3,5,3,1.2,1.4,1.8,2.6,10.8,12.4,3.2,4.6,2.4,4.6
2025-05-05,Crystal Palace,Nott'm Forest,1,1,D,20,12,3,4,7,4,2.29,3.38,3.15,5,6,10,6,1.2,0.8,2.6,1.2,9.4,11.0,2.8,3.6,4.2,2.6
2025-05-10,Bournemouth,Aston Villa,0,1,A,10,6,4,3,10,0,2.45,3.68,2.71,9,12,4,9,1.2,2.2,0.8,0.8,11.0,16.4,2.8,6.6,5.0,6.4
2025-05-10,Fulham,Everton,1,3,A,18,11,6,7,5,5,1.87,3.55,4.32,6,5,9,5,1.2,0.8,1.4,1.2,13.4,8.0,4.4,3.2,7.0,3.4
2025-05-10,Ipswich,Brentford,0,1,A,11,15,4,5,5,6,4.94,4.2,1.65,2,11,0,10,1.0,2.2,2.6,1.2,7.8,10.2,2.2,4.2,2.6,4.8
2025-05-10,Southampton,Man City,0,0,D,2,26,0,5,1,15,13.37,7.58,1.19,1,13,1,7,0.6,2.0,2.2,0.6,9.8,13.0,3.0,5.8,3.0,4.6
2025-05-10,Wolves,Brighton,0,2,A,10,7,3,2,7,4,2.73,3.47,2.54,12,5,10,4,2.0,1.8,0.8,2.2,13.0,13.0,4.2,5.2,4.0,4.8
2025-05-11,Liverpool,Arsenal,2,2,D,14,15,5,7,3,1,2.06,3.54,3.57,9,6,15,9,2.2,1.8,1.6,1.2,18.6,15.4,6.4,5.0,8.2,7.6
2025-05-11,Man United,West Ham,0,2,A,20,9,5,4,8,5,1.92,3.72,3.83,2,3,5,4,1.0,1.4,2.0,1.8,14.6,11.0,4.0,3.4,6.0,2.2
2025-05-11,Newcastle,Chelsea,2,0,H,15,10,6,3,2,8,2.13,3.76,3.18,10,11,15,4,2.8,1.6,1.2,0.8,15.0,19.0,5.2,7.2,6.8,7.6
2025-05-11,Nott'm Forest,Leicester,2,2,D,15,10,4,6,4,4,1.33,5.34,8.83,4,4,7,1,0.8,0.8,1.4,1.8,11.8,9.8,4.0,2.8,2.8,5.6
2025-05-11,Tottenham,Crystal Palace,0,2,A,8,23,1,10,4,8,2.65,3.68,2.5,4,3,7,5,1.6,1.0,2.6,2.6,12.2,11.8,4.6,2.8,4.0,5.2
2025-05-16,Aston Villa,Tottenham,2,0,H,18,3,7,1,9,1,1.32,5.95,8.45,12,1,13,1,2.0,1.0,0.6,2.8,14.2,11.2,5.6,3.2,5.6,4.0
2025-05-16,Chelsea,Man United,1,0,H,11,4,3,1,7,2,1.46,4.9,6.51,10,1,13,4,1.6,1.0,1.2,2.4,16.8,16.0,6.8,4.6,8.0,6.6
2025-05-18,Arsenal,Newcastle,1,0,H,12,14,4,5,10,7,2.01,3.59,3.7,6,10,8,7,2.0,2.4,1.4,1.0,15.6,15.4,5.4,5.2,6.2,5.8
2025-05-18,Brentford,Fulham,2,3,A,11,16,6,7,5,3,1.93,3.9,3.64,13,3,8,3,2.4,0.8,1.2,1.6,11.4,14.6,4.8,4.4,5.4,7.2
2025-05-18,Everton,Southampton,2,0,H,13,6,5,2,4,5,1.4,4.79,7.93,7,2,4,1,1.2,0.4,1.2,1.6,9.2,7.8,4.2,2.2,3.8,3.0
2025-05-18,Leicester,Ipswich,2,0,H,9,20,3,2,2,2,2.33,3.59,2.94,5,2,3,5,1.2,0.8,1.6,2.4,10.4,8.8,3.6,2.6,4.0,2.8
2025-05-18,West Ham,Nott'm Forest,1,2,A,16,10,5,5,8,7,2.8,3.4,2.53,5,5,6,7,1.4,1.0,1.4,1.4,11.0,11.0,3.6,4.2,2.4,2.8
2025-05-19,Brighton,Liverpool,3,2,H,25,18,12,5,3,3,2.63,3.82,2.46,8,10,8,7,2.0,2.2,1.8,1.4,12.2,18.6,4.6,6.2,4.8,8.0
2025-05-20,Crystal Palace,Wolves,4,2,H,14,12,10,3,0,10,2.27,3.32,3.26,6,9,11,12,1.0,1.6,1.6,1.0,14.8,10.6,4.2,3.4,6.0,3.8
2025-05-20,Man City,Bournemouth,3,1,H,12,8,5,2,3,1,1.55,4.51,5.49,13,8,13,6,2.0,0.8,0.6,0.6,16.4,10.8,5.8,2.8,7.0,5.6
2025-05-25,Bournemouth,Leicester,2,0,H,20,3,7,0,6,1,1.33,5.61,8.35,5,7,4,2,0.8,1.2,1.2,1.2,10.0,9.2,2.6,3.0,4.6,3.2
2025-05-25,Fulham,Man City,0,2,A,13,20,3,5,1,6,5.15,4.28,1.61,6,13,6,8,1.4,1.6,1.8,0.4,15.4,14.6,4.4,5.0,6.0,7.4
2025-05-25,Ipswich,West Ham,1,3,A,14,10,4,6,4,0,2.99,3.85,2.21,1,5,0,4,0.4,1.4,2.4,1.4,10.2,12.0,2.2,3.8,2.4,3.4
2025-05-25,Liverpool,Crystal Palace,1,1,D,14,8,3,5,11,0,1.4,5.65,6.27,7,9,13,5,2.2,1.8,1.8,1.0,19.2,15.4,6.0,5.4,6.6,5.2
2025-05-25,Man United,Aston Villa,2,0,H,25,6,10,1,4,3,4.37,4.16,1.73,1,12,5,12,0.8,1.8,1.8,0.6,15.0,12.8,3.8,5.0,6.6,4.6
2025-05-25,Newcastle,Everton,0,1,A,17,14,6,6,12,3,1.32,5.6,8.77,7,7,15,7,1.4,1.4,1.2,1.2,15.4,9.2,4.8,4.2,6.2,3.2
2025-05-25,Nott'm Forest,Chelsea,0,1,A,10,6,2,2,7,4,3.09,3.72,2.2,8,12,7,4,1.4,1.4,1.4,0.8,11.0,12.2,4.2,5.6,4.0,6.4
2025-05-25,Southampton,Arsenal,1,2,A,7,23,2,8,5,8,9.45,5.83,1.29,2,8,2,7,0.4,2.0,1.4,1.2,7.6,15.2,2.2,5.6,3.6,5.6
2025-05-25,Tottenham,Brighton,1,4,A,4,23,2,8,2,11,4.23,4.43,1.71,1,10,4,7,0.6,2.2,2.4,1.8,9.6,13.0,2.6,5.6,3.4,4.8
2025-05-25,Wolves,Brentford,1,1,D,18,13,6,7,8,3,2.71,3.76,2.43,6,12,10,10,1.2,2.6,1.4,1.6,10.4,13.0,3.0,5.6,5.6,5.4
2025-08-15,Liverpool,Bournemouth,4,2,H,19,10,10,3,6,7,1.31,5.96,8.31,5,7,11,6,2.2,1.2,2.0,1.2,16.4,11.0,4.6,3.2,6.2,5.0
2025-08-16,Aston Villa,Newcastle,0,0,D,3,16,3,3,3,6,2.3,3.56,2.94,9,7,15,7,1.0,1.2,0.8,0.6,9.4,16.8,3.4,5.4,3.8,7.2
2025-08-16,Brighton,Fulham,1,1,D,10,7,4,2,4,3,1.92,3.62,3.91,13,6,8,6,2.6,1.2,1.2,1.8,15.2,16.8,6.6,4.8,5.4,5.0
2025-08-16,Sunderland,West Ham,3,0,H,10,12,5,4,5,7,3.17,3.38,2.26,0,7,0,6,0.0,1.8,0.0,1.4,0.0,11.6,0.0,4.2,0.0,3.0
2025-08-16,Tottenham,Burnley,3,0,H,16,14,6,4,6,5,1.37,4.8,8.3,1,4,4,5,0.6,1.6,2.8,2.0,6.0,15.2,1.8,5.4,2.4,3.6
2025-08-16,Wolves,Man City,0,4,A,9,15,3,4,4,6,6.73,4.73,1.44,4,13,10,8,1.2,1.6,1.6,0.4,13.2,16.2,3.8,4.6,6.8,7.6
2025-08-17,Chelsea,Crystal Palace,0,0,D,19,12,3,4,11,2,1.61,4.21,5.08,12,9,13,5,1.2,2.0,0.6,1.2,10.8,16.0,4.4,6.4,6.4,4.2
2025-08-17,Man United,Arsenal,0,1,A,22,9,7,3,3,4,3.57,3.56,2.01,4,8,5,9,1.2,1.6,1.6,1.4,17.6,15.0,5.4,5.8,5.6,4.8
2025-08-17,Nott'm Forest,Brentford,3,1,H,11,10,5,3,5,5,2.15,3.36,3.43,5,10,4,8,1.0,2.0,1.4,1.4,12.2,12.4,4.0,5.4,5.2,5.2
2025-08-18,Leeds,Everton,1,0,H,21,7,3,1,7,2,2.39,3.29,2.96,1,10,2,9,1.2,1.6,3.0,0.8,11.8,10.4,3.4,4.8,5.2,3.4
2025-08-22,West Ham,Chelsea,1,5,A,12,12,4,7,7,5,4.68,3.88,1.71,7,10,3,7,1.4,1.0,1.4,0.6,11.6,12.6,4.2,3.6,4.2,6.6
2025-08-23,Arsenal,Leeds,5,0,H,18,3,5,1,2,2,1.27,5.93,10.61,10,4,8,0,1.4,1.2,1.0,2.2,14.4,13.0,5.2,2.8,5.0,5.4
2025-08-23,Bournemouth,Wolves,1,0,H,14,6,4,1,8,3,1.79,3.88,4.24,6,1,7,9,1.4,0.6,1.8,2.4,11.4,11.0,3.6,3.2,5.4,6.8
2025-08-23,Brentford,Aston Villa,1,0,H,9,17,2,2,2,9,3.11,3.53,2.21,7,10,7,9,1.8,0.8,2.0,0.4,12.2,8.6,5.4,3.4,5.2,4.0
2025-08-23,Burnley,Sunderland,2,0,H,7,9,2,1,4,3,2.25,3.16,3.42,1,3,5,0,0.8,3.0,2.4,0.0,14.8,10.0,4.4,5.0,4.2,5.0
2025-08-23,Man City,Tottenham,0,2,A,10,12,4,5,7,2,1.48,4.7,6.08,13,4,15,1,2.0,1.0,0.2,1.8,16.4,7.6,4.2,2.4,6.8,3.2
2025-08-24,Crystal Palace,Nott'm Forest,1,1,D,8,9,4,1,1,3,2.35,3.26,3.07,9,8,11,10,1.6,1.6,0.8,1.2,15.4,11.6,6.4,4.0,3.4,5.4
2025-08-24,Everton,Brighton,2,0,H,11,13,3,4,2,2,3.08,3.3,2.32,10,11,6,7,1.6,2.2,0.8,1.0,10.6,14.0,4.4,5.6,3.4,4.6
2025-08-24,Fulham,Man United,1,1,D,13,10,4,3,9,6,3.27,3.53,2.13,4,3,6,1,1.0,1.0,1.8,1.6,13.0,17.0,4.2,5.6,3.0,4.2
2025-08-25,Newcastle,Liverpool,2,3,A,10,5,3,4,7,1,3.3,3.83,2.02,5,5,12,6,0.6,2.0,0.6,2.2,15.0,15.2,5.0,5.0,6.2,5.8
2025-08-30,Chelsea,Fulham,2,0,H,13,11,6,3,6,4,1.55,4.35,5.6,10,5,11,7,1.4,1.2,0.6,1.8,11.6,13.4,3.6,4.4,7.0,4.2
2025-08-30,Leeds,Newcastle,0,0,D,10,8,1,2,5,5,3.37,3.49,2.12,4,4,5,5,1.0,0.8,2.8,1.0,12.8,14.4,2.6,4.6,5.6,6.8
2025-08-30,Man United,Burnley,3,2,H,26,6,6,3,7,1,1.35,5.15,8.28,4,3,4,4,0.6,1.0,1.0,2.2,16.2,13.0,5.2,3.4,4.6,4.0
2025-08-30,Sunderland,Brentford,2,1,H,12,7,3,4,3,4,2.92,3.27,2.46,3,7,3,8,1.5,1.2,1.0,1.4,9.5,11.6,3.0,4.6,4.0,4.2
2025-08-30,Tottenham,Bournemouth,0,1,A,5,20,1,6,0,8,1.73,4.06,4.29,6,6,6,5,1.2,1.2,1.6,1.6,8.6,12.4,3.0,4.0,3.0,6.4
2025-08-30,Wolves,Everton,2,3,A,12,10,4,4,2,2,2.66,3.19,2.74,1,12,7,9,0.6,1.6,2.4,0.4,11.0,11.2,3.2,4.4,6.4,3.2
2025-08-31,Aston Villa,Crystal Palace,0,3,A,13,6,4,4,10,1,1.88,3.56,4.07,7,9,13,6,0.6,1.6,0.6,0.8,10.0,13.0,3.2,6.6,4.8,2.2
2025-08-31,Brighton,Man City,2,1,H,12,12,7,3,3,2,3.78,3.84,1.85,10,10,9,11,2.0,1.8,1.2,0.6,15.6,16.6,6.0,4.6,4.8,7.4
2025-08-31,Liverpool,Arsenal,1,0,H,9,11,3,1,3,8,2.2,3.49,3.17,8,13,11,11,2.4,2.2,2.0,0.6,14.0,15.4,5.4,5.4,4.8,5.0
2025-08-31,Nott'm Forest,West Ham,0,3,A,11,12,3,8,9,7,1.69,3.74,5.03,8,6,4,6,1.6,1.4,1.2,2.2,11.0,11.8,3.4,4.6,5.2,5.4
2025-09-13,Arsenal,Nott'm Forest,3,0,H,16,5,5,1,8,4,1.38,4.85,8.16,12,7,8,8,1.8,1.2,0.4,1.4,14.6,10.2,4.2,3.2,6.4,6.2
2025-09-13,Bournemouth,Brighton,2,1,H,13,6,5,2,4,4,2.38,3.5,2.87,9,10,10,6,1.4,2.0,1.4,1.4,14.4,16.6,4.4,7.0,6.0,4.6
2025-09-13,Brentford,Chelsea,2,2,D,7,16,4,6,5,6,4.54,3.92,1.73,4,13,10,10,1.2,1.8,1.8,0.2,10.0,12.2,4.4,4.2,3.8,6.6
2025-09-13,Crystal Palace,Sunderland,0,0,D,14,6,6,0,5,3,1.66,3.76,5.42,9,6,9,0,1.8,1.6666666666666667,0.8,1.0,9.6,10.333333333333334,5.4,3.0,0.8,3.6666666666666665
2025-09-13,Everton,Aston Villa,0,0,D,20,7,2,1,10,3,2.44,3.27,2.95,12,4,8,6,1.6,0.4,0.6,1.2,11.0,11.4,3.8,3.4,2.6,6.8
2025-09-13,Fulham,Leeds,1,0,H,5,10,3,3,3,3,1.96,3.51,3.89,5,4,4,0,1.0,0.6,1.6,2.4,12.0,13.0,3.8,2.0,4.0,6.2
2025-09-13,Newcastle,Wolves,1,0,H,16,8,4,3,10,4,1.43,4.62,7.45,2,1,9,6,0.4,1.0,1.0,2.6,13.0,11.4,3.8,3.4,7.4,5.4
2025-09-13,West Ham,Tottenham,0,3,A,7,14,4,5,2,13,3.36,3.56,2.1,6,6,3,4,1.6,1.2,2.2,1.4,12.4,8.0,5.4,3.0,5.8,2.2
2025-09-14,Burnley,Liverpool,0,1,A,3,27,0,4,1,13,8.6,5.43,1.33,3,10,5,6,1.2,2.2,2.0,1.6,10.8,13.0,3.0,5.0,3.4,4.8
2025-09-14,Man City,Man United,3,0,H,13,12,6,2,2,4,1.76,3.99,4.19,9,7,12,2,2.0,1.2,1.0,1.0,13.8,17.4,4.2,5.4,4.8,4.4
2025-09-20,Brighton,Tottenham,2,2,D,12,11,4,3,2,10,2.25,3.61,3.0,7,9,11,7,1.6,1.8,1.4,1.0,12.8,10.2,5.0,3.8,4.8,4.6
2025-09-20,Burnley,Nott'm Forest,1,1,D,12,17,5,8,4,5,3.36,3.37,2.18,3,4,4,8,1.0,0.8,1.8,1.8,10.0,9.2,2.4,2.4,3.0,5.6
2025-09-20,Fulham,Brentford,3,1,H,14,8,3,3,2,10,2.02,3.48,3.69,5,5,4,7,0.6,1.2,1.2,1.6,9.8,9.2,3.0,4.0,4.0,3.8
2025-09-20,Liverpool,Everton,2,1,H,11,9,3,2,5,4,1.45,4.65,6.7,13,10,11,9,2.0,1.2,1.0,0.6,14.8,12.4,4.8,3.2,6.8,3.8
2025-09-20,Man United,Chelsea,2,1,H,11,5,4,1,5,5,2.68,3.69,2.44,7,11,6,10,1.2,2.0,1.4,0.6,19.0,13.2,5.6,4.8,4.8,6.4
2025-09-20,West Ham,Crystal Palace,1,2,A,8,18,3,3,8,8,2.98,3.36,2.37,6,7,2,9,1.4,1.0,2.4,0.4,10.6,9.6,5.2,4.6,4.6,1.8
2025-09-20,Wolves,Leeds,1,3,A,16,6,6,4,4,0,2.67,3.16,2.74,1,4,4,0,0.6,0.4,2.0,2.0,10.6,12.6,3.4,2.0,4.2,5.8
2025-09-21,Arsenal,Man City,1,1,D,12,5,3,3,11,2,1.9,3.7,3.85,12,9,10,10,2.2,2.0,0.4,0.8,15.4,14.0,4.4,4.4,6.0,4.6
2025-09-21,Bournemouth,Newcastle,0,0,D,11,4,2,1,5,2,2.44,3.45,2.78,12,5,10,3,1.6,0.6,1.0,0.8,15.4,13.4,5.0,3.6,6.6,8.0
2025-09-21,Sunderland,Aston Villa,1,1,D,14,12,4,2,6,5,3.56,3.34,2.1,7,2,6,4,1.25,0.0,0.75,1.2,9.25,9.2,2.25,2.2,3.5,5.6
2025-09-27,Brentford,Man United,3,1,H,10,14,8,6,4,2,3.4,3.77,2.02,4,7,10,2,1.2,1.2,2.0,1.6,8.2,16.2,3.2,4.4,5.2,5.0
2025-09-27,Chelsea,Brighton,1,3,A,13,12,3,3,5,7,1.86,3.86,3.86,8,5,13,6,2.0,1.2,1.0,1.6,13.0,10.6,4.6,4.2,6.6,3.0
2025-09-27,Crystal Palace,Liverpool,2,1,H,16,20,7,4,2,6,3.82,3.72,1.91,9,15,7,9,1.2,2.2,0.4,1.0,11.6,14.2,4.2,4.8,3.4,5.6
2025-09-27,Leeds,Bournemouth,2,2,D,19,12,8,5,7,4,2.98,3.29,2.41,7,10,6,7,0.8,1.2,1.4,1.0,10.0,13.6,2.4,4.0,3.4,6.4
2025-09-27,Man City,Burnley,5,1,H,21,9,8,2,10,2,1.17,7.48,15.54,7,4,12,4,1.8,1.0,1.0,1.6,11.0,8.4,4.0,2.8,3.8,3.0
2025-09-27,Nott'm Forest,Sunderland,0,1,A,22,11,6,3,7,4,1.77,3.67,4.64,5,8,4,1,1.0,1.2,1.8,0.8,10.6,10.2,3.6,2.6,5.2,4.0
2025-09-27,Tottenham,Wolves,1,1,D,10,9,3,3,10,9,1.47,4.57,6.38,10,0,3,3,2.0,0.6,0.6,2.4,11.6,10.2,4.0,3.4,6.2,3.4
2025-09-28,Aston Villa,Fulham,3,1,H,9,11,4,4,2,8,2.29,3.19,3.3,3,8,10,7,0.2,1.2,1.0,1.0,10.4,10.0,2.4,3.0,6.0,4.2
2025-09-28,Newcastle,Arsenal,1,2,A,8,20,3,7,7,12,3.51,3.32,2.12,6,10,9,10,0.6,2.0,0.6,0.4,10.8,13.2,2.6,3.4,6.0,6.6
2025-09-29,Everton,West Ham,1,1,D,12,14,6,3,3,5,1.72,3.69,4.83,7,3,8,9,1.2,1.0,1.0,2.6,11.4,10.2,2.4,4.6,4.0,6.2
2025-10-03,Bournemouth,Fulham,3,1,H,11,12,6,4,4,3,1.97,3.5,3.85,11,7,10,4,1.2,1.2,0.6,1.4,14.0,10.8,4.4,3.4,5.8,5.2
2025-10-04,Arsenal,West Ham,2,0,H,21,4,5,0,8,3,1.19,6.83,15.25,10,4,10,10,2.2,1.2,0.6,2.2,15.4,10.6,4.2,4.4,8.2,5.8
2025-10-04,Chelsea,Liverpool,2,1,H,12,12,6,2,7,2,2.87,3.7,2.28,7,12,10,6,2.2,1.6,1.6,1.0,11.8,14.4,4.6,3.6,5.4,5.6
2025-10-04,Leeds,Tottenham,1,2,A,16,9,4,3,4,1,2.75,3.46,2.49,5,8,6,8,1.0,1.6,1.8,0.8,9.6,10.4,3.4,3.4,3.4,7.0
2025-10-04,Man United,Sunderland,2,0,H,15,8,6,3,2,3,1.5,4.55,5.98,7,8,9,4,1.4,0.8,2.0,0.8,14.6,10.4,4.2,2.2,4.8,3.8
2025-10-05,Aston Villa,Burnley,2,1,H,15,5,7,2,6,4,1.59,4.0,5.76,5,4,10,1,0.8,1.2,1.2,2.0,11.6,7.4,2.6,2.4,5.8,2.4
2025-10-05,Brentford,Man City,0,1,A,6,10,1,4,3,2,4.73,4.27,1.64,7,7,10,8,1.6,2.0,1.6,1.2,8.2,12.2,4.2,4.8,5.0,4.6
2025-10-05,Everton,Crystal Palace,2,1,H,14,15,7,8,2,4,2.53,3.21,2.89,8,11,9,11,1.4,1.6,1.0,0.6,12.4,12.4,3.4,4.8,4.2,3.4
2025-10-05,Newcastle,Nott'm Forest,2,0,H,18,5,9,4,8,1,1.58,4.21,5.46,5,2,6,6,0.8,0.4,1.0,1.8,9.2,12.8,2.6,3.8,6.2,5.6
2025-10-05,Wolves,Brighton,1,1,D,6,17,3,6,2,8,3.67,3.6,1.99,1,7,1,9,0.8,1.6,1.8,1.6,10.2,11.0,3.4,4.0,4.4,3.6
2025-10-18,Brighton,Newcastle,2,1,H,13,16,5,3,8,4,2.61,3.48,2.62,8,8,9,4,1.8,0.8,1.4,0.4,11.8,10.8,4.4,3.8,4.8,6.4
2025-10-18,Burnley,Leeds,2,0,H,4,19,3,4,1,5,3.3,3.25,2.26,1,5,4,3,1.0,1.2,2.4,1.2,7.0,12.2,2.4,4.0,2.4,3.8
2025-10-18,Crystal Palace,Bournemouth,3,3,D,20,8,7,5,6,5,2.25,3.35,3.22,10,11,9,7,1.6,1.6,0.8,0.8,13.8,13.4,5.6,4.8,4.0,5.0
2025-10-18,Fulham,Arsenal,0,1,A,9,16,0,5,6,10,6.14,4.13,1.54,6,10,7,10,1.2,1.6,1.8,0.6,10.6,16.0,3.4,4.2,4.0,9.4
2025-10-18,Man City,Everton,2,0,H,19,5,7,1,11,3,1.38,4.92,7.91,10,8,12,9,2.2,1.4,0.8,1.2,12.2,13.0,4.8,4.2,3.6,4.2
2025-10-18,Nott'm Forest,Chelsea,0,3,A,12,17,2,6,5,2,3.75,3.74,1.93,1,7,4,7,0.2,1.6,2.0,1.6,12.0,11.8,4.4,4.4,5.2,5.8
2025-10-18,Sunderland,Wolves,2,0,H,8,16,2,3,3,2,2.46,3.07,3.13,8,2,7,1,0.8,1.0,0.8,1.8,10.2,10.2,2.6,3.8,3.8,4.2
2025-10-19,Liverpool,Man United,1,2,A,19,12,6,4,9,4,1.6,4.4,4.89,9,9,11,1,1.2,1.6,1.0,1.8,15.8,15.6,3.2,4.8,5.8,4.0
2025-10-19,Tottenham,Aston Villa,1,2,A,9,8,3,2,6,6,2.06,3.56,3.42,8,8,4,5,1.6,1.2,1.0,1.2,9.8,11.2,3.0,3.6,6.8,5.2
2025-10-20,West Ham,Brentford,0,2,A,7,22,1,7,6,10,2.46,3.37,2.82,4,4,1,4,1.0,1.4,1.6,1.8,9.0,7.6,3.6,4.0,5.0,5.2
2025-10-24,Leeds,West Ham,2,1,H,13,9,5,3,3,4,1.81,3.57,4.59,4,1,5,7,1.2,0.4,1.6,2.0,14.0,8.0,4.6,2.2,3.8,4.8
2025-10-25,Brentford,Liverpool,3,2,H,17,18,8,5,5,4,4.28,4.13,1.73,7,6,7,6,1.6,1.2,1.4,1.4,10.6,17.8,4.6,3.8,6.4,7.0
2025-10-25,Chelsea,Sunderland,1,2,A,16,10,7,4,9,1,1.37,4.99,8.31,7,8,10,4,1.8,0.8,1.6,0.6,12.6,9.4,4.4,2.4,5.0,3.8
2025-10-25,Man United,Brighton,4,2,H,13,17,9,5,1,6,2.0,3.83,3.45,9,8,12,7,1.4,1.8,1.6,1.4,12.8,12.0,4.4,4.0,3.4,5.8
2025-10-25,Newcastle,Fulham,2,1,H,18,12,7,5,4,3,1.62,3.97,5.44,7,6,6,4,1.0,1.2,0.8,1.6,12.4,10.2,4.0,2.8,6.2,4.4
2025-10-26,Arsenal,Crystal Palace,1,0,H,10,7,3,1,4,3,1.41,4.6,7.76,13,8,13,8,1.8,1.6,0.4,1.4,17.0,16.6,5.0,6.2,9.8,5.0
2025-10-26,Aston Villa,Man City,1,0,H,9,18,3,4,5,6,4.08,3.8,1.83,11,13,10,10,1.6,2.4,0.8,0.4,10.2,13.6,3.2,5.6,4.4,5.4
2025-10-26,Bournemouth,Nott'm Forest,2,0,H,13,8,5,4,6,4,1.79,3.79,4.29,9,1,13,5,2.0,0.2,1.4,2.0,11.0,12.2,4.6,4.2,4.4,4.4
2025-10-26,Everton,Tottenham,0,3,A,12,7,2,4,9,8,2.35,3.38,2.99,5,8,11,10,0.8,1.8,1.2,1.2,12.0,10.6,3.6,3.4,4.4,8.0
2025-10-26,Wolves,Burnley,2,3,A,15,11,7,7,5,3,1.97,3.3,4.06,2,4,2,0,0.6,1.0,1.6,1.8,11.0,6.6,3.6,2.4,4.2,2.4
2025-11-01,Brighton,Leeds,3,0,H,14,5,7,2,4,7,1.85,3.74,4.11,8,7,11,3,2.0,1.6,1.8,1.6,14.2,14.6,4.6,5.0,6.2,3.8
2025-11-01,Burnley,Arsenal,0,2,A,3,12,0,8,1,6,10.97,5.65,1.28,7,13,7,12,1.6,1.4,2.0,0.4,8.2,15.8,3.8,4.6,2.8,9.0
2025-11-01,Crystal Palace,Brentford,2,0,H,9,6,2,2,6,5,1.92,3.65,3.85,7,9,9,4,1.6,1.8,1.6,1.4,15.2,12.6,5.2,5.4,4.6,6.4
2025-11-01,Fulham,Wolves,3,0,H,19,5,6,2,10,1,1.84,3.46,4.51,3,2,7,1,1.2,1.0,2.0,2.0,11.6,12.4,3.2,4.4,4.4,4.4
2025-11-01,Liverpool,Aston Villa,2,0,H,16,10,4,3,1,4,1.63,4.32,4.81,3,13,10,5,1.4,1.8,2.0,0.8,16.0,10.6,4.0,3.6,5.2,4.8
2025-11-01,Nott'm Forest,Man United,2,2,D,17,18,3,7,8,5,3.41,3.67,2.05,1,12,3,4,0.2,2.2,1.8,1.4,12.8,13.0,4.8,5.8,4.4,2.8
2025-11-01,Tottenham,Chelsea,0,1,A,3,15,1,9,6,5,2.71,3.52,2.5,8,6,4,10,1.8,1.6,1.2,1.6,9.2,12.6,3.2,4.6,7.0,5.6
2025-11-02,Man City,Bournemouth,3,1,H,15,8,8,5,10,4,1.49,4.64,5.9,10,9,12,5,1.8,2.0,0.6,1.2,14.6,11.0,5.2,4.6,6.2,4.8
2025-11-02,West Ham,Newcastle,3,1,H,15,12,9,4,7,6,4.99,4.08,1.64,1,7,0,3,0.6,1.2,1.8,1.0,8.4,12.8,2.0,4.6,5.2,5.0
2025-11-03,Sunderland,Everton,1,1,D,17,8,3,2,4,1,2.74,3.12,2.67,10,4,10,6,1.2,0.8,0.8,1.8,10.2,10.4,3.2,3.6,3.4,4.2
2025-11-08,Chelsea,Wolves,3,0,H,20,3,8,0,10,1,1.36,5.06,8.27,9,2,7,1,1.6,0.8,1.2,2.0,14.6,10.2,6.2,3.6,5.6,3.8
2025-11-08,Everton,Fulham,2,0,H,14,8,5,4,7,5,2.2,3.28,3.4,5,3,8,1,0.8,1.2,1.6,1.8,10.2,12.6,3.6,3.8,3.6,6.0
2025-11-08,Sunderland,Arsenal,2,2,D,6,17,2,7,2,2,8.39,4.67,1.39,10,15,11,12,1.2,1.6,0.8,0.2,10.8,15.8,3.0,5.6,3.0,8.0
2025-11-08,Tottenham,Man United,2,2,D,10,5,4,2,5,3,2.65,3.58,2.52,7,10,4,5,1.4,2.2,1.0,1.6,7.6,14.4,2.8,6.4,6.2,2.8
2025-11-08,West Ham,Burnley,3,2,H,15,16,6,7,7,4,1.94,3.5,3.98,4,6,3,3,1.0,1.4,1.6,2.2,9.8,6.4,3.2,2.8,5.0,2.2
2025-11-09,Aston Villa,Bournemouth,4,0,H,16,13,8,4,6,9,2.19,3.45,3.25,12,8,10,5,1.6,2.2,1.0,1.8,10.2,10.4,3.8,5.2,4.6,4.6
2025-11-09,Brentford,Newcastle,3,1,H,15,5,7,1,6,2,2.84,3.4,2.45,9,6,10,3,1.6,1.4,1.2,1.6,12.2,14.4,5.2,5.2,5.4,5.8
2025-11-09,Crystal Palace,Brighton,0,0,D,10,7,2,3,4,8,2.27,3.52,3.04,7,10,9,4,1.6,2.2,1.4,1.4,13.4,14.6,5.0,5.2,4.2,6.6
2025-11-09,Man City,Liverpool,3,0,H,14,7,6,1,7,7,1.88,3.92,3.72,12,3,12,6,2.2,1.4,0.6,1.8,16.6,17.0,6.2,4.2,7.8,4.4
2025-11-09,Nott'm Forest,Leeds,3,1,H,14,10,6,3,6,4,2.22,3.32,3.29,1,4,4,3,0.4,1.0,2.0,2.0,12.8,14.4,3.8,4.6,5.0,5.2
2025-11-22,Bournemouth,West Ham,2,2,D,28,5,10,2,9,2,1.62,4.09,5.14,7,6,13,4,1.8,1.4,2.2,1.8,10.6,10.0,5.0,3.8,5.6,5.4
2025-11-22,Brighton,Brentford,2,1,H,14,10,5,4,7,4,1.93,3.66,3.82,8,9,11,3,1.6,1.6,1.2,1.2,13.6,13.2,5.2,5.0,6.8,5.8
2025-11-22,Burnley,Chelsea,0,2,A,8,15,2,5,1,9,6.56,4.45,1.48,6,12,7,10,1.6,2.0,1.8,0.6,7.8,16.0,3.8,7.2,2.6,6.6
2025-11-22,Fulham,Sunderland,1,0,H,24,4,6,2,7,4,2.1,3.24,3.74,3,8,10,7,1.0,1.4,1.6,1.2,12.0,9.8,3.8,2.8,5.4,2.6
2025-11-22,Liverpool,Nott'm Forest,0,3,A,21,15,4,7,8,6,1.42,4.86,6.97,3,4,12,2,1.2,1.0,2.0,2.0,14.4,11.2,3.6,3.8,4.6,4.8
2025-11-22,Newcastle,Man City,2,1,H,9,17,5,4,5,9,3.54,3.75,1.98,6,12,9,7,1.4,1.8,1.8,0.4,13.8,15.2,4.8,5.8,4.8,7.2
2025-11-22,Wolves,Crystal Palace,0,2,A,8,10,1,4,1,4,3.86,3.5,1.97,1,5,1,7,0.6,1.2,2.4,1.2,9.0,12.2,3.0,4.0,2.2,4.6
2025-11-23,Arsenal,Tottenham,4,1,H,17,3,8,2,4,1,1.39,4.66,8.03,13,7,13,13,1.6,1.6,0.4,1.2,15.2,7.6,5.6,3.0,6.0,5.2
2025-11-23,Leeds,Aston Villa,1,2,A,14,14,5,3,3,3,3.04,3.25,2.37,3,12,8,5,0.8,1.8,2.2,0.8,12.6,11.6,3.6,4.6,4.6,5.4
2025-11-24,Man United,Everton,0,1,A,25,3,6,1,9,1,1.74,3.83,4.49,11,7,12,4,2.4,1.0,1.4,1.4,12.6,10.6,5.6,3.4,3.0,4.4
2025-11-29,Brentford,Burnley,3,1,H,14,6,4,2,5,6,1.45,4.54,6.96,9,6,10,3,1.8,1.4,1.4,1.8,14.0,8.4,5.6,3.8,6.0,2.0
2025-11-29,Everton,Newcastle,1,4,A,10,13,2,8,8,7,2.79,3.31,2.55,7,6,8,2,0.8,1.4,1.2,2.0,8.4,12.0,2.2,4.0,4.2,4.2
2025-11-29,Man City,Leeds,3,2,H,18,9,9,4,8,1,1.23,6.42,11.78,9,3,15,3,1.8,0.8,0.8,2.2,16.6,12.2,5.8,3.8,8.6,4.4
2025-11-29,Sunderland,Bournemouth,3,2,H,12,18,6,6,6,3,3.04,3.3,2.35,8,5,9,5,1.4,1.6,1.0,2.4,9.0,14.0,2.6,5.8,2.8,6.6
2025-11-29,Tottenham,Fulham,1,2,A,14,7,2,3,8,2,2.18,3.39,3.33,4,6,2,0,1.4,1.0,1.8,1.0,6.4,14.4,2.8,4.2,5.2,6.2
2025-11-30,Aston Villa,Wolves,1,0,H,16,9,6,4,7,3,1.48,4.39,6.57,12,0,12,1,1.8,0.4,0.8,2.6,11.4,9.4,3.8,2.6,4.8,2.0
2025-11-30,Chelsea,Arsenal,1,1,D,11,8,4,4,3,3,3.33,3.35,2.18,12,13,9,10,2.0,2.0,0.4,0.6,16.6,14.4,7.0,6.2,7.0,5.2
2025-11-30,Crystal Palace,Man United,1,2,A,14,14,3,6,4,4,2.32,3.51,2.93,8,8,9,5,1.4,2.0,0.8,1.6,11.2,14.6,3.2,5.6,4.6,4.4
2025-11-30,Nott'm Forest,Brighton,0,2,A,19,17,3,6,9,2,2.72,3.36,2.54,7,10,4,5,1.6,1.8,1.6,1.2,13.2,13.0,4.4,5.0,5.8,6.6
2025-11-30,West Ham,Liverpool,0,2,A,7,9,0,5,7,2,4.28,4.06,1.74,7,3,6,3,1.8,1.0,1.8,2.2,10.2,16.2,4.2,4.0,5.2,5.8
2025-12-02,Bournemouth,Everton,0,1,A,5,13,2,3,1,6,2.2,3.29,3.38,4,7,11,7,1.4,1.0,2.4,1.6,16.0,9.4,6.0,2.4,6.2,5.2
2025-12-02,Fulham,Man City,4,5,A,12,11,6,4,7,2,4.66,4.04,1.69,9,9,12,4,1.4,2.0,1.0,1.2,14.0,16.4,4.8,6.2,5.4,8.0
2025-12-02,Newcastle,Tottenham,2,2,D,19,8,7,2,11,8,1.8,3.78,4.24,9,4,12,10,2.0,1.4,1.8,1.8,11.4,7.4,5.0,2.6,4.8,5.6
2025-12-03,Arsenal,Brentford,2,0,H,15,6,7,1,4,8,1.35,4.97,8.94,11,9,13,3,2.0,2.0,0.8,1.6,12.8,12.4,6.0,5.0,3.8,5.0
2025-12-03,Brighton,Aston Villa,3,4,A,16,14,7,10,5,6,2.15,3.48,3.33,10,12,13,8,1.8,1.6,1.0,0.6,13.8,13.0,5.2,4.6,5.4,5.0
2025-12-03,Burnley,Crystal Palace,0,1,A,11,3,4,3,3,4,4.57,3.71,1.77,3,7,4,9,1.2,1.0,2.4,0.6,8.8,10.0,3.6,2.4,3.0,4.2
2025-12-03,Leeds,Chelsea,3,1,H,17,14,5,2,4,2,4.31,3.87,1.78,3,10,5,10,1.2,1.6,2.4,0.6,10.2,15.4,3.8,6.6,3.6,7.2
2025-12-03,Liverpool,Sunderland,1,1,D,23,9,4,6,7,3,1.35,5.29,8.05,6,8,9,7,1.2,1.6,1.8,1.4,14.2,9.8,3.8,3.4,4.4,3.4
2025-12-03,Wolves,Nott'm Forest,0,1,A,5,10,1,3,3,9,3.28,3.3,2.24,0,7,1,4,0.4,1.6,2.4,1.4,8.0,14.6,2.8,4.6,2.2,6.6
2025-12-04,Man United,West Ham,1,1,D,17,11,4,3,6,6,1.43,4.81,6.59,8,7,12,5,2.0,1.8,1.6,1.8,15.0,10.2,6.0,4.0,4.4,5.4
2025-12-06,Aston Villa,Arsenal,2,1,H,15,15,6,9,3,3,4.13,3.45,1.91,12,11,15,11,2.2,2.2,1.2,0.8,14.0,13.8,6.0,6.8,5.2,3.8
2025-12-06,Bournemouth,Chelsea,0,0,D,13,11,5,4,5,0,3.14,3.67,2.16,1,10,8,9,1.0,1.6,2.6,0.8,14.4,15.0,5.4,5.6,5.2,5.8
2025-12-06,Everton,Nott'm Forest,3,0,H,11,7,5,3,6,3,2.17,3.25,3.52,10,10,7,7,1.2,1.8,1.0,1.0,9.6,15.0,2.6,4.4,4.6,7.6
2025-12-06,Leeds,Liverpool,3,3,D,12,16,5,7,5,4,3.95,3.9,1.84,3,7,7,3,1.4,1.0,2.4,1.4,11.0,15.2,3.8,3.6,3.8,5.0
2025-12-06,Man City,Sunderland,3,0,H,18,8,6,1,6,5,1.24,6.22,11.38,12,6,15,7,3.0,1.4,1.8,1.4,15.0,9.6,6.2,3.8,7.2,3.8
2025-12-06,Newcastle,Burnley,2,1,H,17,9,7,3,9,9,1.28,5.72,10.39,7,0,10,3,2.0,0.6,2.0,2.2,11.6,8.8,5.0,3.0,6.2,3.0
2025-12-06,Tottenham,Brentford,2,0,H,15,4,7,1,7,6,2.31,3.44,3.03,2,6,2,3,1.2,1.4,2.2,1.6,7.6,10.2,2.2,3.6,5.6,5.6
2025-12-07,Brighton,West Ham,1,1,D,22,14,4,5,10,6,1.55,4.32,5.63,10,8,10,3,2.0,1.8,1.0,1.6,13.6,10.6,5.6,4.0,5.2,5.8
2025-12-07,Fulham,Crystal Palace,1,2,A,12,11,4,5,6,4,2.57,3.27,2.77,9,10,9,9,2.0,1.2,1.6,0.4,14.0,9.2,5.0,2.8,6.2,4.4
2025-12-08,Wolves,Man United,1,4,A,8,27,2,10,1,9,4.22,3.9,1.77,0,6,1,8,0.0,1.4,2.0,1.4,6.0,15.8,1.6,5.0,1.8,5.4
2025-12-13,Arsenal,Wolves,2,1,H,16,3,2,2,8,0,1.12,8.62,22.31,8,0,13,1,2.0,0.2,1.2,2.2,14.4,6.6,7.0,1.6,3.2,1.8
2025-12-13,Burnley,Fulham,2,3,A,16,6,8,4,10,4,3.93,3.48,1.95,0,6,4,3,0.8,1.6,2.2,2.0,10.0,12.6,3.6,4.6,4.6,5.4
2025-12-13,Chelsea,Everton,2,0,H,17,11,5,2,4,7,1.66,3.9,5.09,8,12,7,7,1.4,1.6,0.8,0.8,14.2,10.2,4.6,3.2,4.8,5.6
2025-12-13,Liverpool,Brighton,2,0,H,18,14,4,1,2,2,1.67,4.17,4.62,5,8,7,8,1.2,1.6,2.0,1.2,15.2,15.2,4.2,5.0,5.6,6.4
2025-12-14,Brentford,Leeds,1,1,D,7,18,2,4,0,3,1.94,3.54,3.85,6,4,12,3,1.4,2.0,1.6,2.4,9.8,12.4,3.4,4.4,5.8,3.4
2025-12-14,Crystal Palace,Man City,0,3,A,16,7,4,6,2,2,3.98,3.81,1.83,10,12,8,7,1.2,3.0,0.6,1.6,9.6,15.6,3.4,5.8,4.0,6.4
2025-12-14,Nott'm Forest,Tottenham,3,0,H,15,6,6,1,3,3,2.55,3.28,2.76,9,5,4,8,1.4,1.6,1.2,2.0,13.0,10.0,4.4,3.4,6.6,5.8
2025-12-14,Sunderland,Newcastle,1,0,H,5,6,1,2,3,6,3.26,3.33,2.22,5,10,9,4,1.2,2.2,1.8,1.6,7.8,12.6,3.4,5.6,4.0,6.8
2025-12-14,West Ham,Aston Villa,2,3,A,10,7,3,4,5,3,3.63,3.51,2.0,6,15,6,10,1.4,2.6,1.6,1.0,10.4,15.0,3.2,6.6,5.6,5.0
2025-12-15,Man United,Bournemouth,4,4,D,25,14,9,9,5,4,1.82,3.98,3.84,8,2,10,2,1.8,0.8,1.2,2.0,17.6,15.4,5.6,5.4,6.2,5.4
2025-12-20,Bournemouth,Burnley,1,1,D,16,4,1,1,5,3,1.47,4.44,6.59,3,0,8,3,1.6,0.8,2.0,2.2,15.6,10.0,6.4,3.8,4.4,5.8
2025-12-20,Brighton,Sunderland,0,0,D,16,14,4,6,3,4,1.65,3.95,5.16,7,7,10,4,1.6,1.0,1.6,1.4,16.6,7.6,4.6,3.2,5.2,4.2
2025-12-20,Everton,Arsenal,0,1,A,5,13,1,2,2,3,6.03,3.89,1.57,9,10,9,8,1.2,2.0,1.2,1.0,9.6,14.2,2.6,6.0,5.6,4.4
2025-12-20,Leeds,Crystal Palace,4,1,H,20,9,8,3,9,5,2.6,3.25,2.76,5,9,7,9,2.0,1.2,2.0,1.2,14.0,10.8,4.6,3.8,3.2,3.6
2025-12-20,Man City,West Ham,3,0,H,17,7,8,3,6,0,1.2,7.36,11.88,12,3,15,3,3.0,1.2,1.6,1.8,14.2,9.4,5.8,2.6,5.4,5.2
2025-12-20,Newcastle,Chelsea,2,2,D,11,13,5,4,6,4,2.73,3.51,2.47,10,8,13,10,2.0,1.2,1.2,0.8,12.8,13.6,5.8,4.0,7.6,3.6
2025-12-20,Tottenham,Liverpool,1,2,A,15,8,4,4,2,6,3.36,3.71,2.02,4,8,4,4,1.2,1.6,2.2,1.4,9.2,17.4,2.8,4.8,5.4,4.6
2025-12-20,Wolves,Brentford,0,2,A,9,7,2,6,3,4,3.59,3.48,2.05,0,4,1,3,0.4,1.0,2.0,1.6,6.6,8.2,2.0,2.4,1.6,4.6
2025-12-21,Aston Villa,Man United,2,1,H,12,15,4,6,5,5,2.1,3.64,3.26,15,8,15,11,2.4,2.2,1.4,1.6,13.2,21.6,5.8,7.0,4.4,6.6
2025-12-22,Fulham,Nott'm Forest,1,0,H,11,12,1,2,1,5,2.42,3.27,2.93,9,9,6,6,2.2,1.4,2.0,1.0,12.2,13.2,4.6,4.4,5.2,6.0
2025-12-26,Man United,Newcastle,1,0,H,10,16,4,3,2,11,2.47,3.58,2.67,8,8,8,3,2.4,2.0,1.8,1.4,19.6,13.2,7.0,5.8,5.8,7.8
2025-12-27,Arsenal,Brighton,2,1,H,24,8,6,3,7,2,1.41,4.73,7.34,10,5,15,5,1.4,1.2,0.8,1.4,13.4,17.0,4.8,4.4,4.2,4.4
2025-12-27,Brentford,Bournemouth,4,1,H,15,20,7,10,2,15,2.25,3.57,2.98,7,3,10,2,1.2,1.4,1.2,1.8,7.6,13.2,2.8,4.6,4.6,3.6
2025-12-27,Burnley,Everton,0,0,D,16,15,0,6,6,5,4.03,3.33,1.96,1,6,3,7,1.0,1.0,2.0,1.4,9.2,10.0,3.6,2.6,6.2,5.8
2025-12-27,Chelsea,Aston Villa,1,2,A,14,11,3,8,6,7,1.84,3.82,3.97,6,15,10,12,1.2,2.4,1.2,1.4,13.2,12.8,3.8,6.0,2.6,4.8
2025-12-27,Liverpool,Wolves,2,1,H,14,9,4,4,6,4,1.24,6.31,11.25,11,0,7,0,2.0,0.4,1.0,2.0,14.8,6.8,4.8,2.2,4.2,2.0
2025-12-27,Nott'm Forest,Man City,1,2,A,7,16,2,5,5,5,5.21,4.24,1.59,6,15,7,9,0.8,3.4,1.2,1.2,12.6,14.2,3.4,6.6,5.8,4.8
2025-12-27,West Ham,Fulham,0,1,A,11,15,2,4,5,4,2.65,3.38,2.59,2,9,6,6,0.8,2.2,2.0,2.0,9.8,9.6,2.8,3.6,4.8,4.0
2025-12-28,Crystal Palace,Tottenham,0,1,A,15,8,2,4,3,2,2.25,3.33,3.19,6,4,5,7,1.0,1.2,2.0,1.8,10.6,11.6,3.6,3.2,3.8,5.6
2025-12-28,Sunderland,Leeds,1,1,D,8,17,3,6,3,9,2.56,3.18,2.8,8,8,11,1,1.0,2.6,1.2,1.8,9.6,15.2,4.0,5.2,4.2,4.4
2025-12-30,Arsenal,Aston Villa,4,1,H,22,11,7,3,3,3,1.43,4.68,7.02,12,15,15,12,1.6,2.6,0.8,1.6,16.6,11.8,5.2,6.4,5.0,4.8
2025-12-30,Burnley,Newcastle,1,3,A,15,20,4,9,3,4,5.5,4.11,1.59,2,5,1,3,0.8,1.2,1.4,1.4,11.2,13.8,3.2,4.8,6.2,8.6
2025-12-30,Chelsea,Bournemouth,2,2,D,17,17,3,6,12,3,1.51,4.56,5.81,5,3,7,1,1.2,1.2,1.4,2.0,13.8,13.6,3.6,5.4,3.2,6.0
2025-12-30,Man United,Wolves,1,1,D,15,11,6,4,8,4,1.37,5.06,8.09,8,0,8,0,2.2,0.6,1.6,2.2,18.8,6.8,6.6,2.2,5.4,2.2
2025-12-30,Nott'm Forest,Everton,0,2,A,21,11,6,3,9,2,2.12,3.21,3.7,6,7,7,8,1.0,0.8,1.2,0.6,10.2,11.0,3.2,3.4,5.0,5.2
2025-12-30,West Ham,Brighton,2,2,D,10,16,4,6,5,5,3.41,3.67,2.04,2,2,6,4,0.8,1.0,1.8,1.8,10.6,15.2,3.2,3.8,4.4,4.4
2026-01-01,Brentford,Tottenham,0,0,D,7,9,2,3,3,1,2.11,3.49,3.35,7,7,13,7,1.4,1.2,1.2,1.4,7.8,10.4,3.4,3.6,4.0,4.4
2026-01-01,Crystal Palace,Fulham,1,1,D,11,17,2,5,6,3,2.17,3.34,3.4,6,9,4,9,0.8,2.0,1.8,1.8,10.8,11.2,3.4,3.8,3.6,4.4
2026-01-01,Liverpool,Leeds,0,0,D,19,4,4,2,8,3,1.53,4.41,5.83,11,9,10,2,2.0,2.4,1.2,1.4,15.8,16.8,4.6,5.6,5.0,6.0
2026-01-01,Sunderland,Man City,0,0,D,10,14,4,4,3,5,7.81,4.82,1.39,6,15,9,9,0.6,3.2,1.0,1.0,8.8,13.8,3.4,5.8,3.6,4.2
2026-01-03,Aston Villa,Nott'm Forest,3,1,H,11,10,4,5,4,4,1.76,3.74,4.54,12,3,15,6,2.0,0.8,1.8,1.6,11.2,12.4,5.0,3.8,4.2,5.0
2026-01-03,Bournemouth,Arsenal,2,3,A,15,12,3,5,7,5,6.13,4.57,1.48,4,12,6,8,1.6,2.0,2.2,1.0,16.0,18.0,6.2,5.2,6.4,4.8
2026-01-03,Brighton,Burnley,2,0,H,15,5,4,3,4,4,1.49,4.35,6.56,3,2,8,4,0.8,1.0,1.4,1.8,15.2,12.0,3.6,3.2,4.4,6.2
2026-01-03,Wolves,West Ham,3,0,H,11,6,8,0,6,7,2.48,3.37,2.82,1,2,0,3,0.8,1.0,2.2,2.0,8.0,10.4,2.8,3.4,2.4,4.2
2026-01-04,Everton,Brentford,2,4,A,14,11,6,7,4,5,2.36,3.19,3.1,7,8,6,3,1.0,1.4,0.6,0.8,10.6,8.0,3.4,3.6,4.4,3.0
2026-01-04,Fulham,Liverpool,2,2,D,8,10,2,2,3,8,3.74,3.68,1.92,10,11,9,7,1.4,1.8,1.0,1.0,12.2,15.0,3.6,4.6,3.6,5.2
2026-01-04,Leeds,Man United,1,1,D,11,15,3,2,6,4,2.68,3.44,2.56,7,8,10,8,1.8,2.2,1.2,1.6,14.2,18.4,5.0,7.0,5.8,5.8
2026-01-04,Man City,Chelsea,1,1,D,14,8,3,3,8,2,1.63,4.39,4.66,13,6,15,8,2.2,1.4,0.2,1.2,14.4,14.4,5.8,3.8,4.8,5.2
2026-01-04,Newcastle,Crystal Palace,2,0,H,12,11,7,1,8,6,1.67,3.92,4.89,7,4,11,9,1.4,0.8,1.2,2.0,14.0,12.4,5.2,3.2,7.2,4.0
2026-01-04,Tottenham,Sunderland,1,1,D,13,10,5,3,3,5,1.8,3.65,4.37,7,6,4,5,0.8,0.4,1.0,0.8,10.6,9.0,3.8,3.0,3.0,3.6
2026-01-06,West Ham,Nott'm Forest,1,2,A,14,13,3,5,6,5,3.1,3.33,2.3,1,3,4,6,0.8,1.0,2.4,1.6,8.8,13.0,2.4,4.2,4.4,5.2
2026-01-07,Bournemouth,Tottenham,3,2,H,11,16,3,4,3,7,2.11,3.62,3.27,3,5,3,5,2.0,0.6,2.8,1.2,16.4,10.2,5.8,3.4,6.8,2.2
2026-01-07,Brentford,Sunderland,3,0,H,18,11,6,3,7,4,1.83,3.56,4.36,11,7,11,3,2.2,0.6,0.8,0.4,9.4,9.4,4.8,3.4,2.8,3.6
2026-01-07,Burnley,Man United,2,2,D,7,30,1,10,2,6,4.68,3.95,1.7,2,6,1,8,0.8,1.6,1.8,1.6,11.2,16.0,3.2,5.4,5.2,4.8
2026-01-07,Crystal Palace,Aston Villa,0,0,D,11,15,5,3,3,5,3.08,3.36,2.31,1,12,2,12,0.4,2.2,2.2,1.8,12.4,10.4,2.4,4.6,4.4,4.4
2026-01-07,Everton,Wolves,1,1,D,13,13,2,4,2,7,1.76,3.55,4.85,4,4,6,1,0.8,1.2,1.4,1.4,11.2,8.6,3.6,4.0,4.0,3.4
2026-01-07,Fulham,Chelsea,2,1,H,16,14,5,6,2,11,3.38,3.59,2.07,11,6,7,6,1.6,1.6,1.0,1.4,11.4,13.8,3.2,3.6,3.0,5.6
2026-01-07,Man City,Brighton,1,1,D,22,6,6,3,6,2,1.37,5.23,7.27,11,5,13,5,1.8,1.0,0.4,1.2,13.6,13.8,5.2,3.6,5.2,3.2
2026-01-07,Newcastle,Leeds,4,3,H,18,14,8,6,8,4,1.67,3.87,5.02,7,7,11,3,1.4,1.4,1.0,0.8,13.0,14.0,5.2,4.6,7.0,6.0
2026-01-08,Arsenal,Liverpool,0,0,D,9,8,4,0,3,0,1.6,4.11,5.25,15,11,15,8,2.4,1.6,1.0,0.8,17.4,13.8,4.4,3.6,5.2,6.0
2026-01-17,Chelsea,Brentford,2,0,H,6,15,2,5,3,9,1.69,3.97,4.75,3,13,8,6,1.4,2.6,1.8,0.6,13.2,11.6,3.8,5.6,7.0,4.2
2026-01-17,Leeds,Fulham,1,0,H,14,8,5,1,7,3,2.17,3.33,3.41,6,11,8,10,1.8,1.4,1.4,0.8,13.2,13.4,5.0,3.4,6.2,2.6
2026-01-17,Liverpool,Burnley,1,1,D,32,7,11,1,9,1,1.22,6.4,12.44,9,3,8,1,1.2,0.8,0.8,1.6,11.8,9.4,2.8,1.8,5.6,3.6
2026-01-17,Man United,Man City,2,0,H,11,7,7,1,1,6,3.55,3.87,1.94,6,9,6,10,1.2,1.4,1.2,0.6,17.0,16.6,5.6,5.2,5.0,6.0
2026-01-17,Nott'm Forest,Arsenal,0,0,D,6,15,0,3,4,9,6.1,4.16,1.54,3,13,6,8,0.8,2.0,1.8,0.8,12.6,16.0,4.0,4.8,5.6,4.2
2026-01-17,Sunderland,Crystal Palace,2,1,H,13,6,7,2,3,4,2.69,3.15,2.74,4,2,9,9,0.4,0.4,1.0,1.6,10.6,11.4,3.8,2.6,3.8,4.6
2026-01-17,Tottenham,West Ham,1,2,A,21,17,6,4,11,5,1.71,3.91,4.63,5,1,5,3,1.0,0.6,1.2,2.2,12.2,9.6,4.0,2.4,3.0,4.6
2026-01-18,Aston Villa,Everton,0,1,A,18,9,5,3,6,4,1.66,3.87,5.09,10,5,15,10,1.6,1.0,1.4,1.2,12.0,11.6,4.4,3.6,4.8,3.0
2026-01-18,Wolves,Newcastle,0,0,D,6,12,2,2,4,7,4.6,3.98,1.7,5,10,3,6,1.2,2.2,1.2,1.4,10.6,15.4,4.4,6.4,4.8,7.4
2026-01-19,Brighton,Bournemouth,1,1,D,17,11,5,2,11,6,1.85,3.92,3.75,6,5,8,2,1.2,1.8,1.0,2.4,12.2,15.8,4.0,4.6,3.2,6.6
2026-01-24,Bournemouth,Liverpool,3,2,H,12,14,5,4,3,11,3.73,3.87,1.89,5,7,5,9,1.8,1.0,2.4,0.8,14.8,16.6,4.8,4.2,6.8,6.2
2026-01-24,Burnley,Tottenham,2,2,D,9,18,4,11,1,3,3.64,3.39,2.05,3,5,2,5,0.8,1.0,1.6,1.2,10.0,13.4,1.8,4.4,3.2,4.8
2026-01-24,Fulham,Brighton,2,1,H,12,13,4,5,6,6,2.54,3.42,2.71,8,6,7,5,1.2,1.4,1.0,1.2,12.8,12.4,3.4,4.2,3.0,4.8
2026-01-24,Man City,Wolves,2,0,H,11,11,4,1,4,6,1.21,6.68,12.0,6,6,11,2,0.8,1.2,1.0,0.8,14.6,10.0,3.8,4.4,6.0,5.0
2026-01-24,West Ham,Sunderland,3,1,H,13,7,5,2,3,3,2.51,3.24,2.85,4,6,1,3,1.0,0.8,1.8,1.2,11.6,10.4,2.6,4.0,5.6,3.6
2026-01-25,Arsenal,Man United,2,3,A,15,10,4,3,9,2,1.55,4.08,5.89,11,9,13,8,1.8,1.4,0.8,0.8,16.4,16.2,5.0,5.8,5.4,4.2
2026-01-25,Brentford,Nott'm Forest,0,2,A,10,7,1,2,6,5,1.9,3.49,4.02,10,4,11,6,2.2,0.8,1.0,1.6,13.2,11.4,5.4,3.6,5.2,5.4
2026-01-25,Crystal Palace,Chelsea,1,3,A,13,10,7,6,4,5,3.5,3.66,2.0,2,5,2,3,0.4,1.4,1.2,1.4,10.8,11.8,2.4,3.4,4.4,6.8
2026-01-25,Newcastle,Aston Villa,0,2,A,15,14,4,8,6,5,1.98,3.66,3.54,10,7,11,10,1.8,1.2,1.0,1.4,15.6,13.2,5.8,4.6,7.6,5.0
2026-01-26,Everton,Leeds,1,1,D,10,14,3,4,4,4,2.48,3.15,2.92,8,6,4,3,1.2,1.2,1.0,1.2,12.4,12.0,4.0,4.4,3.4,5.8
2026-01-31,Brighton,Everton,1,1,D,11,7,2,4,5,2,1.86,3.6,4.13,6,8,6,10,1.4,1.4,1.2,1.2,13.4,11.4,4.6,3.4,5.6,3.2
2026-01-31,Chelsea,West Ham,3,2,H,14,11,6,6,9,3,1.49,4.53,6.05,8,7,8,5,1.8,1.6,1.2,1.8,11.0,12.0,4.0,3.2,6.6,5.2
2026-01-31,Leeds,Arsenal,0,4,A,3,14,1,8,4,12,6.16,4.1,1.54,6,8,11,8,1.2,1.8,1.2,1.2,11.4,14.6,4.0,4.6,4.8,5.8
2026-01-31,Liverpool,Newcastle,4,1,H,17,8,7,2,7,11,1.77,3.99,4.12,4,10,9,7,1.0,1.8,1.2,1.2,16.6,15.4,4.2,6.0,7.2,6.6
2026-01-31,Wolves,Bournemouth,0,2,A,17,9,7,4,5,6,2.95,3.5,2.31,6,8,4,3,1.0,2.2,0.8,2.0,10.4,13.2,3.8,3.8,5.4,4.4
2026-02-01,Aston Villa,Brentford,0,1,A,27,6,5,2,12,1,2.08,3.47,3.46,7,7,12,6,1.2,1.4,1.2,1.2,13.8,12.2,4.6,4.2,4.6,6.0
2026-02-01,Man United,Fulham,3,2,H,13,14,6,6,3,7,1.58,4.32,5.2,9,8,9,10,1.8,1.4,1.2,1.2,16.2,12.2,5.6,3.4,4.2,3.4
2026-02-01,Nott'm Forest,Crystal Palace,1,1,D,9,14,1,3,5,7,1.95,3.48,3.88,7,2,4,6,1.0,0.6,1.2,1.6,11.4,10.4,3.6,3.4,5.4,4.6
2026-02-01,Tottenham,Man City,2,2,D,12,15,6,3,3,4,4.41,4.06,1.71,3,6,4,10,1.2,0.8,1.6,0.8,15.4,13.6,5.8,3.6,5.0,5.8
2026-02-02,Sunderland,Burnley,3,0,H,14,5,5,0,1,2,1.8,3.42,4.73,5,3,11,2,0.8,1.2,1.6,2.0,10.2,8.6,3.8,2.6,3.6,2.2
2026-02-06,Leeds,Nott'm Forest,3,1,H,14,16,5,6,5,10,2.21,3.26,3.37,5,8,8,6,1.2,1.2,2.0,1.0,11.2,9.0,3.8,2.6,5.0,4.6
2026-02-07,Arsenal,Sunderland,3,0,H,16,5,5,3,5,2,1.21,6.23,14.08,8,7,10,2,1.8,1.4,1.0,1.6,13.0,11.0,4.8,4.0,7.6,3.2
2026-02-07,Bournemouth,Aston Villa,1,1,D,20,7,9,4,11,4,2.68,3.6,2.46,10,7,8,10,2.2,1.0,1.6,0.6,11.6,17.0,3.4,5.0,5.0,6.4
2026-02-07,Burnley,West Ham,0,2,A,18,6,5,4,5,2,3.28,3.5,2.14,3,6,3,4,1.0,1.6,2.0,2.0,6.6,12.2,1.8,3.6,2.0,4.8
2026-02-07,Fulham,Everton,1,2,A,13,16,3,3,6,6,2.1,3.27,3.64,7,6,10,8,1.6,1.2,1.6,1.4,11.6,10.6,3.6,3.6,4.2,3.2
2026-02-07,Man United,Tottenham,2,0,H,23,7,10,1,7,0,1.57,4.54,4.97,11,3,11,5,2.2,1.6,1.4,2.0,15.8,16.0,5.6,6.4,3.2,5.4
2026-02-07,Newcastle,Brentford,2,3,A,16,11,4,5,9,3,2.05,3.53,3.51,7,9,10,9,1.4,1.6,1.8,1.2,13.0,12.0,4.6,4.2,8.0,5.6
2026-02-07,Wolves,Chelsea,1,3,A,11,15,3,6,3,4,4.9,4.05,1.65,5,10,4,6,0.8,2.0,1.0,1.2,11.6,10.4,4.4,4.6,5.6,6.0
2026-02-08,Brighton,Crystal Palace,0,1,A,7,7,2,4,3,4,1.96,3.57,3.68,6,2,7,4,1.2,0.6,1.0,1.6,12.4,11.0,3.8,3.6,5.6,4.8
2026-02-08,Liverpool,Man City,1,2,A,15,17,4,7,5,4,2.34,3.68,2.76,6,6,11,8,1.8,1.2,1.4,1.2,16.2,13.8,4.8,3.4,7.0,5.6
2026-02-10,Chelsea,Leeds,2,2,D,19,4,4,2,4,1,1.55,4.28,5.66,12,7,10,4,2.4,1.6,1.2,2.0,11.8,11.8,5.2,4.2,6.4,4.8
2026-02-10,Everton,Bournemouth,1,2,A,16,11,6,4,7,2,2.41,3.35,2.91,9,11,5,6,1.2,2.0,0.8,1.2,11.0,12.6,3.0,4.6,3.6,5.8
2026-02-10,Tottenham,Newcastle,1,2,A,16,21,2,5,2,12,3.18,3.48,2.2,2,4,5,4,1.4,1.4,2.2,2.4,14.8,13.8,5.6,4.0,4.8,8.2
2026-02-10,West Ham,Man United,1,1,D,7,9,3,3,5,3,4.36,4.23,1.7,9,13,4,8,2.0,2.4,1.4,1.2,12.2,17.4,4.4,7.2,3.8,3.8
2026-02-11,Aston Villa,Brighton,1,0,H,15,9,1,3,7,5,1.92,3.67,3.79,5,3,9,2,0.6,0.8,0.6,1.2,16.2,10.8,5.0,3.4,6.4,5.4
2026-02-11,Crystal Palace,Burnley,2,3,A,21,8,3,3,8,2,1.55,3.98,6.18,5,3,2,2,0.8,1.0,1.2,2.0,10.2,9.2,4.2,2.2,4.4,2.2
2026-02-11,Man City,Fulham,3,0,H,13,14,5,3,4,4,1.34,5.33,8.08,8,6,11,7,1.4,1.4,1.2,1.6,14.4,12.6,4.2,3.8,4.8,4.8
2026-02-11,Nott'm Forest,Wolves,0,0,D,35,7,10,3,8,2,1.69,3.72,5.09,8,2,5,2,1.2,0.4,1.0,1.6,10.2,11.6,2.8,3.4,5.8,5.0
2026-02-11,Sunderland,Liverpool,0,1,A,11,23,2,3,3,11,4.65,3.83,1.72,6,5,11,6,1.2,1.6,2.0,1.4,10.0,17.2,4.0,5.2,2.6,6.4
2026-02-12,Brentford,Arsenal,1,1,D,12,7,3,2,6,4,4.83,3.86,1.69,9,8,8,10,1.4,1.8,1.2,0.6,12.0,13.8,3.8,4.8,5.2,7.6
2026-02-18,Wolves,Arsenal,2,2,D,5,10,2,4,1,3,10.94,5.48,1.28,2,8,4,11,0.2,2.0,1.4,0.8,10.4,13.4,3.2,4.4,4.0,7.8
2026-02-21,Aston Villa,Leeds,1,1,D,16,14,4,4,7,2,1.84,3.62,4.24,7,8,9,4,0.8,1.4,0.6,1.6,16.2,9.8,4.6,3.4,6.8,4.2
2026-02-21,Brentford,Brighton,0,2,A,13,11,3,7,6,4,2.01,3.7,3.45,7,2,8,2,1.0,0.6,1.4,1.2,10.8,11.4,3.2,3.4,5.0,6.0
2026-02-21,Chelsea,Burnley,1,1,D,12,12,2,4,9,5,1.2,6.7,12.88,13,5,8,5,2.6,1.2,1.2,2.0,12.8,9.4,4.8,2.6,5.0,2.2
2026-02-21,Man City,Newcastle,2,1,H,15,13,7,7,5,5,1.46,4.92,5.82,10,4,11,7,1.8,1.0,1.0,2.0,12.6,14.4,4.0,3.4,4.4,9.0
2026-02-21,West Ham,Bournemouth,0,0,D,20,10,3,5,9,5,2.41,3.65,2.71,10,11,5,8,2.0,1.8,1.2,1.0,10.8,12.6,4.4,4.8,3.6,5.6
2026-02-22,Crystal Palace,Wolves,1,0,H,14,12,3,7,7,3,1.62,3.99,5.26,4,2,2,3,1.2,0.6,1.8,1.8,12.2,10.2,3.8,3.2,5.4,3.4
2026-02-22,Nott'm Forest,Liverpool,0,1,A,18,10,2,4,7,2,4.08,3.88,1.8,6,7,3,8,0.8,1.8,0.8,1.4,14.6,20.2,3.8,5.8,6.4,8.6
2026-02-22,Sunderland,Fulham,1,3,A,12,12,2,4,6,4,2.65,3.27,2.67,6,3,8,4,1.2,1.0,1.6,2.0,10.0,12.2,3.8,3.4,2.4,5.2
2026-02-22,Tottenham,Arsenal,1,4,A,6,20,5,7,2,5,5.83,3.98,1.56,2,8,2,9,1.2,2.4,2.0,1.2,14.8,12.4,5.2,4.6,3.8,6.6
2026-02-23,Everton,Man United,0,1,A,12,11,4,3,10,1,3.57,3.73,1.94,8,13,2,6,1.2,2.2,1.0,1.0,11.6,13.2,3.8,5.8,4.6,3.2
2026-02-27,Wolves,Aston Villa,2,0,H,9,14,2,5,0,5,4.17,3.64,1.84,2,8,5,8,0.6,1.0,1.6,0.6,10.4,15.8,4.4,4.4,2.8,7.0
2026-02-28,Bournemouth,Sunderland,1,1,D,21,8,5,4,7,3,1.77,3.8,4.34,11,3,8,2,1.6,1.0,0.8,2.0,12.4,9.8,5.4,2.8,5.4,3.0
2026-02-28,Burnley,Brentford,3,4,A,12,16,3,7,4,8,4.58,3.81,1.73,5,7,3,12,1.2,1.0,2.0,1.4,10.4,10.4,3.2,2.8,3.0,4.4
2026-02-28,Leeds,Man City,0,1,A,14,14,2,5,5,3,5.0,4.25,1.6,6,13,10,8,1.4,2.2,1.8,0.8,9.8,14.2,3.2,5.2,3.2,4.2
2026-02-28,Liverpool,West Ham,5,2,H,18,11,7,4,10,5,1.41,5.02,6.68,9,8,8,6,1.8,1.6,1.2,1.0,15.8,11.4,4.4,4.2,7.2,4.4
2026-02-28,Newcastle,Everton,2,3,A,17,9,7,5,7,2,1.69,3.92,4.67,3,5,7,11,1.2,1.0,2.4,1.2,14.6,12.2,4.4,4.0,8.6,5.8
2026-03-01,Arsenal,Chelsea,2,1,H,12,9,5,3,5,10,1.6,3.98,5.28,11,11,10,8,2.8,2.4,0.8,1.4,13.4,14.0,5.2,4.8,5.8,6.2
2026-03-01,Brighton,Nott'm Forest,2,1,H,14,13,7,4,4,4,2.05,3.54,3.42,4,5,6,6,0.8,0.8,1.0,1.0,10.2,17.0,3.8,4.2,4.6,7.0
2026-03-01,Fulham,Tottenham,2,1,H,18,13,4,1,5,8,2.08,3.57,3.3,6,2,10,5,1.6,1.2,2.0,2.4,13.0,11.8,4.0,5.0,5.4,2.0
2026-03-01,Man United,Crystal Palace,2,1,H,20,8,11,3,7,1,1.53,4.31,5.61,13,7,13,4,2.0,1.2,1.0,1.4,13.2,13.8,5.0,4.0,3.2,6.0
2026-03-03,Bournemouth,Brentford,0,0,D,13,5,2,2,4,3,2.48,3.59,2.65,9,10,8,12,1.2,1.8,0.6,1.6,14.2,11.6,5.4,4.0,6.2,4.8
2026-03-03,Everton,Burnley,2,0,H,14,5,5,2,6,3,1.56,3.96,6.06,7,4,2,5,1.4,1.4,1.4,2.4,12.0,11.0,4.4,3.0,5.4,3.6
2026-03-03,Leeds,Sunderland,0,1,A,18,3,4,1,9,2,1.86,3.43,4.31,5,4,7,2,1.2,1.0,1.8,1.6,9.8,10.0,2.8,3.2,3.4,3.0
2026-03-03,Wolves,Liverpool,2,1,H,4,19,3,7,2,11,6.08,4.61,1.48,5,12,5,8,1.0,2.4,1.2,1.0,8.8,16.6,3.4,5.0,1.8,7.0
2026-03-04,Aston Villa,Chelsea,1,4,A,9,15,4,8,3,8,2.67,3.57,2.46,5,8,7,7,0.6,2.0,1.0,1.6,15.8,13.8,3.8,4.2,7.0,7.2
2026-03-04,Brighton,Arsenal,0,1,A,11,7,3,2,4,3,5.03,3.92,1.64,7,11,8,9,1.0,2.4,0.8,1.0,10.4,13.0,4.2,4.6,4.2,4.4
2026-03-04,Fulham,West Ham,0,1,A,13,9,5,3,7,5,2.03,3.56,3.52,6,5,10,6,1.6,1.4,2.0,1.8,14.2,11.0,4.0,4.0,5.2,4.8
2026-03-04,Man City,Nott'm Forest,2,2,D,21,9,7,4,6,1,1.37,4.95,7.65,13,2,11,6,2.0,0.6,0.8,1.4,14.8,18.2,5.4,4.6,4.0,6.8
2026-03-04,Newcastle,Man United,2,1,H,12,14,5,5,2,4,2.56,3.66,2.53,3,13,6,9,1.6,1.8,2.6,0.8,15.0,15.2,5.0,6.6,8.8,4.2
2026-03-05,Tottenham,Crystal Palace,1,3,A,12,9,4,4,6,3,2.34,3.32,2.97,1,7,2,4,1.0,1.2,2.4,1.2,10.8,12.8,3.0,3.2,3.0,5.4
2026-03-14,Arsenal,Everton,2,0,H,25,9,7,3,8,3,1.37,4.56,8.83,11,9,10,13,2.0,1.6,1.0,1.2,11.2,13.4,4.0,4.6,4.0,6.2
2026-03-14,Burnley,Bournemouth,0,0,D,15,22,2,3,5,8,4.02,3.83,1.82,4,7,2,9,1.4,0.8,2.2,0.6,11.0,15.0,3.4,5.0,3.8,5.8
2026-03-14,Chelsea,Newcastle,0,1,A,22,7,3,5,8,1,1.79,4.12,3.86,8,6,9,7,2.2,1.8,1.4,2.0,14.0,15.8,4.6,5.6,7.0,7.0
2026-03-14,Sunderland,Brighton,0,1,A,14,12,4,4,7,3,3.26,3.27,2.23,4,6,7,5,0.6,0.8,1.6,0.8,7.8,10.4,2.4,4.4,3.2,4.0
2026-03-14,West Ham,Man City,1,1,D,1,24,1,6,1,15,4.43,4.15,1.69,8,13,6,8,1.2,2.0,1.2,0.8,10.6,16.0,3.4,6.2,5.2,4.4
2026-03-15,Crystal Palace,Leeds,0,0,D,12,10,0,3,8,3,2.49,3.24,2.85,9,5,5,4,1.6,1.2,1.2,1.2,11.8,12.8,3.4,3.4,4.6,4.4
2026-03-15,Liverpool,Tottenham,1,1,D,17,13,4,7,3,4,1.29,5.79,8.72,9,0,8,2,1.8,0.8,1.2,2.6,17.0,10.8,5.0,2.6,7.8,3.6
2026-03-15,Man United,Aston Villa,3,1,H,16,9,6,2,6,6,1.71,4.02,4.38,10,5,13,5,1.4,0.8,0.8,1.6,15.4,12.2,6.4,3.6,4.4,5.2
2026-03-15,Nott'm Forest,Fulham,0,0,D,11,5,2,0,5,4,2.19,3.4,3.24,2,6,3,4,0.8,1.2,1.6,1.6,18.2,14.0,5.2,3.8,6.0,5.2
2026-03-16,Brentford,Wolves,2,2,D,10,13,3,4,1,5,1.54,4.15,5.68,8,8,5,3,1.6,1.2,1.6,0.8,11.4,7.4,4.0,3.4,5.2,1.6
2026-03-20,Bournemouth,Man United,2,2,D,16,14,5,5,6,8,3.22,3.76,2.07,7,10,9,8,0.6,1.6,0.4,1.0,15.4,14.0,3.8,5.6,5.2,4.2
2026-03-21,Brighton,Liverpool,2,1,H,16,12,7,5,4,8,3.02,3.55,2.22,9,10,5,7,1.0,1.8,0.6,1.0,11.4,17.4,4.8,5.0,4.0,7.4
2026-03-21,Everton,Chelsea,3,0,H,10,12,9,4,3,9,3.38,3.5,2.08,6,5,5,9,1.2,1.6,1.4,1.4,12.0,15.4,4.6,4.0,5.6,7.8
2026-03-21,Fulham,Burnley,3,1,H,22,9,6,5,6,6,1.53,4.09,6.22,7,5,9,5,1.0,1.4,1.2,1.8,12.4,10.4,3.2,2.8,4.8,3.8
2026-03-21,Leeds,Brentford,0,0,D,14,6,4,2,6,2,2.46,3.42,2.77,3,6,6,10,0.6,1.4,1.0,1.6,12.0,11.2,3.0,3.6,4.0,4.8
2026-03-22,Aston Villa,West Ham,2,0,H,23,9,7,1,6,6,1.95,3.56,3.7,4,6,4,9,0.8,1.0,2.0,1.4,12.6,9.6,3.2,2.8,5.6,5.0
2026-03-22,Newcastle,Sunderland,1,2,A,16,17,4,7,9,5,1.65,3.89,5.04,9,4,6,4,1.6,0.6,1.4,1.2,14.0,9.6,5.8,2.6,5.4,4.2
2026-03-22,Tottenham,Nott'm Forest,0,3,A,14,8,3,7,13,3,2.24,3.39,3.11,1,3,1,7,1.0,0.6,2.4,1.0,12.0,17.2,3.8,4.4,4.4,5.0
2026-04-10,West Ham,Wolves,4,0,H,18,14,7,3,5,2,1.78,3.74,4.34,5,8,6,3,0.8,1.6,1.6,1.2,10.0,8.6,2.4,3.6,5.2,2.2
2026-04-11,Arsenal,Bournemouth,1,2,A,15,8,3,3,10,1,1.43,4.55,7.06,13,5,10,9,2.2,0.6,0.8,0.6,14.8,16.4,5.0,4.0,4.8,6.0
2026-04-11,Brentford,Everton,2,2,D,17,14,4,7,2,3,2.13,3.31,3.45,6,9,5,10,1.2,1.6,1.4,1.0,10.0,10.8,3.4,5.2,4.0,4.8
2026-04-11,Burnley,Brighton,0,2,A,10,13,5,6,8,2,4.48,3.93,1.72,2,12,3,7,1.0,1.4,2.0,0.6,10.6,12.8,3.2,5.6,4.6,3.8
2026-04-11,Liverpool,Fulham,2,0,H,18,19,5,4,6,9,1.62,4.18,4.83,7,10,8,4,1.8,1.6,1.4,0.8,15.2,14.0,5.4,3.8,6.8,5.2
2026-04-12,Chelsea,Man City,0,3,A,12,18,3,8,4,12,3.08,3.8,2.1,4,11,8,8,1.2,1.8,1.6,0.8,14.0,17.4,4.0,6.0,8.8,6.6
2026-04-12,Crystal Palace,Newcastle,2,1,H,11,7,5,3,2,4,3.07,3.5,2.22,7,6,5,7,1.4,1.4,1.2,1.6,12.8,13.0,2.6,5.6,5.4,4.8
2026-04-12,Nott'm Forest,Aston Villa,1,1,D,15,12,4,5,7,3,2.61,3.33,2.65,5,4,4,5,1.2,1.0,1.0,2.0,11.8,14.2,3.8,4.4,4.0,5.4
2026-04-12,Sunderland,Tottenham,1,0,H,13,11,2,7,2,6,2.62,3.34,2.63,7,1,6,2,1.0,0.8,1.2,2.6,10.8,11.6,3.6,4.0,4.6,6.6
2026-04-13,Man United,Leeds,1,2,A,20,15,9,6,11,4,1.59,4.07,5.3,10,3,15,4,1.8,0.2,1.2,0.6,15.0,14.0,6.0,3.4,5.2,5.0
2026-04-18,Brentford,Fulham,0,0,D,13,11,4,0,9,3,2.09,3.63,3.26,7,7,3,4,1.6,1.0,1.4,1.0,10.8,15.4,3.6,3.8,3.2,6.2
2026-04-18,Chelsea,Man United,0,1,A,21,4,3,1,7,1,2.21,3.54,3.07,3,7,5,8,1.0,1.8,2.0,1.6,14.0,16.8,4.2,7.2,7.8,7.2
2026-04-18,Leeds,Wolves,3,0,H,17,7,6,2,5,6,1.6,3.93,5.5,5,7,4,2,0.4,1.2,0.6,1.6,14.2,10.4,3.8,3.8,5.4,2.4
2026-04-18,Newcastle,Bournemouth,1,2,A,12,12,3,3,2,3,1.96,3.81,3.48,6,7,3,11,1.4,1.0,1.6,0.8,11.8,16.0,4.8,3.6,4.6,5.2
2026-04-18,Tottenham,Brighton,2,2,D,13,10,6,3,7,5,2.68,3.65,2.41,1,12,1,9,0.6,1.4,2.0,0.6,12.6,13.2,4.4,5.4,7.4,3.4
2026-04-19,Aston Villa,Sunderland,4,3,H,15,10,7,7,4,5,1.65,3.78,5.25,4,10,7,7,1.0,1.0,2.0,0.6,13.4,11.0,4.6,3.6,4.6,3.8
2026-04-19,Everton,Liverpool,1,2,A,10,14,4,6,1,6,3.11,3.36,2.25,10,7,7,6,2.0,2.0,1.2,1.4,11.2,16.8,5.8,5.6,3.4,7.6
2026-04-19,Man City,Arsenal,2,1,H,15,9,5,3,8,5,1.82,3.6,4.25,11,12,11,11,1.8,2.0,0.8,0.8,18.4,15.8,6.6,4.8,8.2,6.2
2026-04-19,Nott'm Forest,Burnley,4,1,H,10,4,4,3,4,4,1.49,4.25,6.32,6,1,4,4,1.4,0.8,1.0,2.2,11.2,10.2,4.2,3.4,4.0,5.2
2026-04-20,Crystal Palace,West Ham,0,0,D,9,9,1,4,4,6,2.31,3.21,3.11,10,7,7,6,1.4,1.6,0.8,1.6,10.8,9.6,3.0,3.2,4.2,4.4
2026-04-21,Brighton,Chelsea,3,0,H,15,6,9,0,6,5,2.44,3.62,2.66,10,3,7,9,1.4,0.8,0.8,1.8,12.4,16.4,4.6,4.2,3.6,7.2
2026-04-22,Bournemouth,Leeds,2,2,D,17,10,7,3,12,1,2.02,3.51,3.57,9,8,7,7,1.2,1.0,0.8,0.4,14.2,14.8,3.2,4.6,4.4,5.4
2026-04-22,Burnley,Man City,0,1,A,9,28,1,9,3,11,16.53,8.3,1.14,1,11,2,11,0.4,1.8,2.2,0.8,8.6,18.4,3.4,6.2,5.2,8.8
2026-04-24,Sunderland,Nott'm Forest,0,5,A,14,10,4,6,3,6,2.67,3.18,2.66,9,9,6,7,1.4,2.0,1.2,0.8,11.4,10.6,4.2,4.2,4.2,4.0
2026-04-25,Arsenal,Newcastle,1,0,H,11,13,4,3,7,2,1.45,4.66,6.22,9,6,9,6,1.4,1.2,1.0,1.4,13.6,10.8,4.0,4.0,6.2,3.6
2026-04-25,Fulham,Aston Villa,1,0,H,13,10,6,1,2,5,2.67,3.5,2.47,5,7,9,5,0.6,1.8,0.8,2.2,14.0,13.6,3.0,5.0,5.8,4.4
2026-04-25,Liverpool,Crystal Palace,3,1,H,9,14,3,7,5,8,1.44,4.76,6.31,7,8,10,7,1.4,1.2,1.2,0.8,16.0,9.8,5.4,2.6,6.8,3.6
2026-04-25,West Ham,Everton,2,1,H,10,11,3,3,3,4,2.38,3.34,2.9,8,7,9,8,1.2,1.6,0.6,1.2,9.2,11.4,3.2,5.6,4.6,3.2
2026-04-25,Wolves,Tottenham,0,1,A,11,11,2,2,5,5,4.48,3.99,1.7,7,2,7,2,1.2,0.8,2.0,2.0,9.4,12.6,2.8,5.4,3.0,7.2
2026-04-27,Man United,Brentford,2,1,H,11,12,6,4,7,8,1.84,3.82,3.84,7,5,12,11,1.6,0.8,1.4,0.8,13.6,10.2,5.2,3.0,6.0,3.4
2026-05-01,Leeds,Burnley,3,1,H,18,9,8,3,5,0,1.34,5.09,8.57,9,1,7,4,1.4,0.4,0.6,2.0,13.2,9.4,4.4,3.2,3.8,5.2
2026-05-02,Arsenal,Fulham,3,0,H,18,10,9,1,3,4,1.44,4.39,7.0,9,8,12,5,1.2,0.8,0.8,0.6,13.4,14.0,3.8,3.2,6.6,4.8
2026-05-02,Brentford,West Ham,3,0,H,14,13,6,4,2,6,1.91,3.77,3.62,4,8,4,7,1.0,1.4,1.2,0.8,11.6,9.4,3.4,3.2,4.4,4.2
2026-05-02,Newcastle,Brighton,3,1,H,13,13,6,4,2,10,2.5,3.6,2.6,3,13,3,10,0.8,2.0,1.4,0.6,11.0,13.2,3.6,5.8,3.6,4.0
2026-05-02,Wolves,Sunderland,1,1,D,20,10,7,2,6,3,3.24,3.35,2.18,4,6,7,7,0.8,1.2,2.2,2.2,9.8,13.6,2.8,4.8,4.0,4.4
2026-05-03,Aston Villa,Tottenham,1,2,A,5,10,1,5,5,5,2.1,3.59,3.21,7,5,10,4,1.6,0.8,1.6,1.4,13.8,12.4,4.4,5.0,4.8,7.0
2026-05-03,Bournemouth,Crystal Palace,3,0,H,16,7,5,1,7,1,1.58,4.16,5.2,9,8,5,7,1.6,1.2,1.2,1.0,15.0,11.0,4.2,3.4,6.0,5.0
2026-05-03,Man United,Liverpool,3,2,H,18,13,6,5,3,2,2.29,3.73,2.76,10,10,12,9,1.8,1.8,1.2,1.0,13.0,14.0,5.4,4.6,6.6,5.6
2026-05-04,Chelsea,Nott'm Forest,1,3,A,21,6,5,4,10,1,1.68,3.93,4.65,0,11,2,7,0.0,2.6,2.2,0.4,14.6,10.8,2.6,4.6,6.6,5.0
2026-05-04,Everton,Man City,3,3,D,14,21,6,4,5,9,6.38,4.63,1.44,4,11,6,13,1.4,1.8,1.6,0.8,10.8,21.2,5.2,7.0,2.8,10.4
2026-05-09,Brighton,Wolves,3,0,H,14,5,6,1,7,1,1.27,5.88,9.98,10,2,9,2,2.0,0.6,1.2,2.2,13.4,13.0,5.8,3.6,5.4,4.8
2026-05-09,Fulham,Bournemouth,0,1,A,14,10,2,5,11,2,2.68,3.66,2.39,7,11,9,11,0.8,2.2,1.2,1.2,15.0,13.8,3.4,4.6,4.8,5.8
2026-05-09,Liverpool,Chelsea,1,1,D,8,6,3,3,5,2,1.82,3.95,3.81,9,0,10,6,2.0,0.2,1.4,2.6,13.2,14.4,4.8,3.0,5.4,7.0
2026-05-09,Man City,Brentford,3,0,H,25,4,10,2,10,2,1.35,5.51,7.23,11,6,13,8,2.0,1.2,1.0,0.8,21.2,12.4,6.4,4.0,11.0,4.6
2026-05-09,Sunderland,Man United,0,0,D,15,11,4,1,7,8,3.93,3.7,1.86,7,10,3,8,1.4,1.8,2.2,1.4,12.8,13.4,4.4,5.4,3.6,6.0
2026-05-10,Burnley,Aston Villa,2,2,D,15,18,6,7,2,8,5.34,4.09,1.58,0,7,1,2,0.6,1.6,2.6,1.4,8.2,13.0,3.4,4.2,4.2,4.6
2026-05-10,Crystal Palace,Everton,2,2,D,21,13,8,6,5,10,2.71,3.26,2.56,5,5,8,7,0.6,2.0,1.4,1.8,10.6,11.8,2.8,5.8,4.6,3.2
2026-05-10,Nott'm Forest,Newcastle,1,1,D,17,16,6,6,2,1,2.58,3.48,2.56,13,3,6,6,3.2,1.2,0.6,1.6,9.8,12.2,5.0,3.8,4.2,3.8
2026-05-10,West Ham,Arsenal,0,1,A,9,15,3,4,4,3,5.29,4.09,1.58,7,9,9,8,1.2,1.6,1.2,0.8,11.8,15.6,3.8,5.2,5.2,6.6
2026-05-11,Tottenham,Leeds,1,1,D,16,11,3,4,14,2,1.82,3.82,3.92,7,11,1,7,1.0,2.0,1.4,0.8,11.8,14.8,4.6,5.4,7.2,4.2
2026-05-13,Man City,Crystal Palace,3,0,H,15,6,4,2,9,4,1.19,7.03,12.75,13,5,13,6,2.4,1.0,0.8,1.8,21.4,12.4,7.2,4.4,10.0,4.0
2026-05-15,Aston Villa,Liverpool,4,2,H,14,16,9,5,4,9,2.76,3.44,2.43,5,10,7,6,1.6,2.0,1.8,1.2,12.0,12.4,4.2,4.4,5.0,4.8
2026-05-17,Brentford,Crystal Palace,2,2,D,14,16,3,5,9,4,1.71,4.09,4.17,5,2,6,3,1.2,0.6,1.4,2.2,12.0,11.4,4.0,3.8,4.6,4.4
2026-05-17,Everton,Sunderland,1,3,A,10,7,4,3,3,2,1.81,3.63,4.18,3,5,7,8,1.8,1.0,2.2,2.0,12.4,12.4,5.2,3.8,4.6,4.0
2026-05-17,Leeds,Brighton,1,0,H,7,19,1,8,7,8,3.09,3.57,2.14,11,10,7,10,2.2,2.2,1.0,1.0,14.2,13.0,5.4,5.6,3.4,6.0
2026-05-17,Man United,Nott'm Forest,3,2,H,29,11,8,4,7,6,1.58,4.23,4.94,10,11,12,10,1.4,2.8,1.0,0.8,12.8,11.6,4.6,4.8,6.0,4.0
2026-05-17,Newcastle,West Ham,3,1,H,15,15,7,8,9,1,2.05,3.78,3.15,4,7,6,4,1.2,1.2,1.4,1.0,12.2,11.8,4.2,4.2,2.2,4.8
2026-05-17,Wolves,Fulham,1,1,D,11,13,3,5,3,6,3.68,3.78,1.87,1,4,8,5,0.2,0.2,2.4,1.2,11.4,13.4,3.0,2.6,4.0,5.8
2026-05-18,Arsenal,Burnley,1,0,H,13,5,3,0,3,3,1.08,10.12,22.13,9,1,12,1,1.4,0.8,0.8,2.4,13.6,9.4,4.6,3.6,5.6,3.4
2026-05-19,Bournemouth,Man City,1,1,D,10,14,2,5,7,6,4.42,4.27,1.66,13,13,7,11,2.0,2.4,0.8,0.8,12.6,20.8,4.6,6.4,5.0,9.4
2026-05-19,Chelsea,Tottenham,2,1,H,9,9,4,3,3,4,1.9,3.64,3.76,1,8,1,7,0.4,1.2,2.2,1.0,13.2,12.2,2.8,4.6,5.6,7.4
2026-05-24,Brighton,Man United,0,3,A,13,11,2,7,0,3,1.86,3.98,3.58,7,13,12,8,1.8,1.8,1.2,1.0,14.2,14.6,6.0,4.4,7.2,5.2
2026-05-24,Burnley,Wolves,1,1,D,16,16,8,4,7,7,2.36,3.5,2.77,1,2,2,1,0.8,0.4,2.2,1.8,8.4,10.8,2.6,3.0,2.4,4.2
2026-05-24,Crystal Palace,Arsenal,1,2,A,8,17,3,7,3,4,4.13,3.86,1.76,2,12,9,10,1.0,1.4,2.6,0.4,12.8,13.2,4.6,4.6,4.4,4.2
2026-05-24,Fulham,Newcastle,2,0,H,21,7,6,2,6,6,2.82,3.66,2.27,5,7,9,4,0.4,1.6,1.0,1.2,12.2,13.8,2.8,5.0,5.2,3.2
2026-05-24,Liverpool,Brentford,1,1,D,24,11,8,2,14,2,1.8,4.09,3.73,7,5,11,5,2.0,1.2,2.0,1.4,12.0,11.4,4.4,3.8,5.4,6.0
2026-05-24,Man City,Aston Villa,1,2,A,16,12,3,5,9,4,1.28,5.93,8.39,11,7,13,2,2.2,2.2,0.8,2.0,20.6,12.4,6.4,5.0,9.0,5.2
2026-05-24,Nott'm Forest,Bournemouth,1,1,D,15,17,5,4,6,3,3.19,3.72,2.05,10,11,6,11,3.0,1.8,1.2,0.8,10.8,13.0,4.8,4.4,3.8,6.2
2026-05-24,Sunderland,Chelsea,2,1,H,20,10,2,1,7,7,3.47,3.59,1.99,5,4,4,4,1.4,0.8,2.2,1.8,11.2,12.6,4.0,3.0,4.0,5.4
2026-05-24,Tottenham,Everton,1,0,H,21,8,6,3,6,2,1.89,3.63,3.78,8,2,2,5,1.4,1.6,1.2,2.4,11.8,11.6,3.8,4.6,7.0,4.6
2026-05-24,West Ham,Leeds,3,0,H,16,13,9,3,6,4,1.82,3.9,3.75,4,11,8,7,0.6,2.0,1.6,0.8,11.2,12.6,4.4,4.4,4.0,4.0
