Date,HomeTeam,AwayTeam,FTR,HomeElo,AwayElo,EloDifference,EloHomeProbability
2018-08-10,Man United,Leicester,H,1500.0,1500.0,65.0,0.5924662305843318
2018-08-11,Bournemouth,Cardiff,H,1500.0,1500.0,65.0,0.5924662305843318
2018-08-11,Fulham,Crystal Palace,A,1500.0,1500.0,65.0,0.5924662305843318
2018-08-11,Huddersfield,Chelsea,A,1500.0,1500.0,65.0,0.5924662305843318
2018-08-11,Newcastle,Tottenham,A,1500.0,1500.0,65.0,0.5924662305843318
2018-08-11,Watford,Brighton,H,1500.0,1500.0,65.0,0.5924662305843318
2018-08-11,Wolves,Everton,D,1500.0,1500.0,65.0,0.5924662305843318
2018-08-12,Arsenal,Man City,A,1500.0,1500.0,65.0,0.5924662305843318
2018-08-12,Liverpool,West Ham,H,1500.0,1500.0,65.0,0.5924662305843318
2018-08-12,Southampton,Burnley,D,1500.0,1500.0,65.0,0.5924662305843318
2018-08-18,Cardiff,Newcastle,D,1491.8493246116866,1488.1506753883134,68.6986492233732,0.5975966812089413
2018-08-18,Chelsea,Arsenal,H,1511.8493246116866,1488.1506753883134,88.6986492233732,0.6249448839059613
2018-08-18,Everton,Southampton,H,1501.8493246116866,1498.1506753883134,68.6986492233732,0.5975966812089413
2018-08-18,Leicester,Wolves,H,1491.8493246116866,1498.1506753883134,58.698649223373195,0.5836794883877312
2018-08-18,Tottenham,Fulham,H,1511.8493246116866,1488.1506753883134,88.6986492233732,0.6249448839059613
2018-08-18,West Ham,Bournemouth,A,1491.8493246116866,1508.1506753883134,48.698649223373195,0.5696276063234539
2018-08-19,Brighton,Man United,H,1491.8493246116866,1508.1506753883134,48.698649223373195,0.5696276063234539
2018-08-19,Burnley,Watford,A,1501.8493246116866,1508.1506753883134,58.698649223373195,0.5836794883877312
2018-08-19,Man City,Huddersfield,H,1511.8493246116866,1488.1506753883134,88.6986492233732,0.6249448839059613
2018-08-20,Crystal Palace,Liverpool,A,1511.8493246116866,1508.1506753883134,68.6986492233732,0.5975966812089413
2018-08-25,Arsenal,West Ham,H,1480.6495730664326,1480.4567724852175,65.19280058121512,0.5927341761831826
2018-08-25,Bournemouth,Everton,D,1519.5432275147825,1509.8973909875078,74.6458365272747,0.605801067996442
2018-08-25,Huddersfield,Cardiff,D,1480.6495730664326,1489.8973909875078,55.75218207892476,0.5795521892277885
2018-08-25,Liverpool,Brighton,H,1520.1026090124922,1500.4567724852175,84.6458365272747,0.6194608885239737
2018-08-25,Southampton,Leicester,A,1490.1026090124922,1500.1757348439319,54.92687416856029,0.578394106184286
2018-08-25,Wolves,Man City,D,1489.8242651560681,1519.3504269335674,35.47383822250072,0.5508742948709037
2018-08-26,Fulham,Burnley,H,1480.6495730664326,1490.1757348439319,55.47383822250072,0.5791617106153694
2018-08-26,Newcastle,Chelsea,A,1490.1026090124922,1519.3504269335674,35.75218207892476,0.5512706844825852
2018-08-26,Watford,Crystal Palace,H,1519.8242651560681,1499.8973909875078,84.92687416856029,0.6198421732086445
2018-08-27,Man United,Tottenham,A,1499.5432275147825,1519.3504269335674,45.192800581215124,0.5646733300364516
2018-09-01,Brighton,Fulham,D,1492.845990255697,1489.0663388541252,68.77965140157175,0.5977088061826922
2018-09-01,Chelsea,Bournemouth,H,1530.3758406232191,1517.4272061548536,77.94863446836553,0.6103321028567528
2018-09-01,Crystal Palace,Southampton,A,1492.2942344516807,1478.5347268888065,78.7595075628742,0.6114416481506558
2018-09-01,Everton,Huddersfield,D,1512.0134123474368,1479.0585292818769,97.9548830655599,0.6373483497899449
2018-09-01,Leicester,Liverpool,A,1511.7436169676175,1527.7133912420127,49.03022572560485,0.5700954675256503
2018-09-01,Man City,Newcastle,H,1520.3679128309855,1479.0771953228405,106.29071750814501,0.6483646467463725
2018-09-01,West Ham,Wolves,A,1472.3114560088811,1488.80677925865,48.504676750231056,0.5693538494982986
2018-09-02,Burnley,Man United,A,1481.7589690562393,1488.2497609140535,58.5092081421858,0.5834144726341575
2018-09-02,Cardiff,Arsenal,A,1491.4884347720636,1488.794889542769,67.69354522929461,0.5962045488735495
2018-09-02,Watford,Tottenham,H,1527.4274216918952,1530.6438935342965,61.78352815759877,0.5879881242620554
2018-09-15,Bournemouth,Leicester,H,1509.6338482119886,1500.3417076171045,74.29214059488413,0.6053147451702864
2018-09-15,Chelsea,Cardiff,H,1538.169198566084,1479.5643437945926,123.60485477149155,0.6707384257406859
2018-09-15,Huddersfield,Crystal Palace,A,1481.8054962776757,1480.0654014886677,66.74009478900803,0.5948825264732209
2018-09-15,Man City,Fulham,H,1527.400619896058,1491.0205149777792,101.3801049182789,0.6418932291929218
2018-09-15,Newcastle,Arsenal,A,1472.0444882577679,1500.71898052024,36.325507737527914,0.5520869520519817
2018-09-15,Tottenham,Liverpool,A,1522.4036560195375,1539.1153005925257,48.288355427011766,0.569048501335526
2018-09-15,Watford,Man United,A,1535.6676592066542,1499.9180503667367,100.74960883991753,0.6410585172016137
2018-09-16,Everton,West Ham,A,1509.266445351638,1460.9243790189153,113.34206633272265,0.6575622125871662
2018-09-16,Wolves,Burnley,H,1500.193856248616,1470.090679603556,95.10317664505988,0.6335456016866396
2018-09-17,Southampton,Brighton,D,1490.7635598518195,1490.891814132043,64.87174571977653,0.5922879580669261
2018-09-22,Brighton,Tottenham,A,1492.7375732933815,1511.022685992827,46.71488730055444,0.5668259077606795
2018-09-22,Burnley,Bournemouth,H,1462.7615916372888,1517.5275533085828,10.234038328705992,0.5147237069564266
2018-09-22,Cardiff,Man City,A,1472.9791123094062,1534.5627553121997,3.416356997206549,0.5049163744814296
2018-09-22,Crystal Palace,Newcastle,D,1491.9630520181322,1461.0027492167283,95.96030280140394,0.6346903534331304
2018-09-22,Fulham,Watford,D,1483.8583795616375,1522.846488862622,26.011890699015566,0.5373643337411289
2018-09-22,Leicester,Huddersfield,H,1492.4480025205103,1469.9078457482112,87.54015677229904,0.6233804899626011
2018-09-22,Liverpool,Southampton,H,1550.4962706192362,1488.917800690481,126.57846992875511,0.6745076909740807
2018-09-22,Man United,Wolves,D,1512.739220710769,1507.5229442148832,70.21627649588572,0.599695706445595
2018-09-23,Arsenal,Everton,H,1511.7607195612795,1496.1152010998946,80.64551846138488,0.6140178611511654
2018-09-23,West Ham,Chelsea,D,1474.0756232706585,1544.7544300512704,-5.678806780611922,0.49182826779783984
2018-09-29,Arsenal,Watford,H,1519.4803623382563,1523.5937755374446,60.886586800811756,0.586736729261832
2018-09-29,Chelsea,Liverpool,D,1544.5909954072272,1557.0061167997546,52.58487860747255,0.5751031283906505
2018-09-29,Everton,Fulham,H,1488.3955583229179,1483.111092886815,70.28446543610289,0.5997899331116856
2018-09-29,Huddersfield,Tottenham,A,1462.3754555474632,1522.3592041480406,5.016251399422572,0.5072184644940385
2018-09-29,Man City,Brighton,H,1544.6610828018283,1481.401055138168,128.26002766366037,0.6766292676845873
2018-09-29,Newcastle,Leicester,A,1463.696556285391,1499.9803927212583,28.716163564132557,0.5412320344194512
2018-09-29,West Ham,Man United,H,1474.2390579147018,1510.745306581857,28.493751332844795,0.5409141173763692
2018-09-29,Wolves,Southampton,H,1509.516858343795,1482.4079545099626,92.10890383383253,0.6295347653719656
2018-09-30,Cardiff,Burnley,A,1462.8807848197775,1472.4671174981602,55.41366732161737,0.5790772859779959
2018-10-01,Bournemouth,Crystal Palace,H,1507.8220274477114,1489.2692449494696,83.55278249824187,0.6179765408045343
2018-10-05,Brighton,West Ham,H,1474.9336404918597,1483.4207755671744,56.512864924685346,0.5806188148544277
2018-10-06,Burnley,Huddersfield,D,1484.04866321772,1452.2310862575823,96.81757696013779,0.6358337819441744
2018-10-06,Crystal Palace,Wolves,A,1481.6287757655602,1516.9261630363558,29.702612729204475,0.5426416612172638
2018-10-06,Leicester,Everton,A,1510.8050334096474,1496.3997596606841,79.40527374896328,0.6123244472627759
2018-10-06,Man United,Newcastle,H,1501.5635889293844,1452.8719155970018,113.6916733323826,0.6580152316843353
2018-10-06,Tottenham,Cardiff,H,1532.5035734379214,1451.2992391002176,146.2043343377038,0.6988062553034682
2018-10-06,Watford,Bournemouth,A,1515.328510122681,1515.4624966316208,64.86601349106036,0.5922799897431575
2018-10-07,Fulham,Arsenal,A,1475.1068915490487,1527.7456277530198,12.36126379602888,0.5177817862884226
2018-10-07,Liverpool,Man City,D,1558.5081793675677,1551.1284974481366,72.37968191943105,0.6026815725052516
2018-10-07,Southampton,Chelsea,A,1474.9986498174019,1543.0889328394142,-3.0902830220122723,0.495552842513127
2018-10-20,Bournemouth,Southampton,D,1527.3080964264839,1465.0875929671392,127.22050345934463,0.6753185783538199
2018-10-20,Cardiff,Fulham,H,1445.275364206287,1464.7512558232802,45.524108383006705,0.5651420853632209
2018-10-20,Chelsea,Man United,D,1552.9999896896768,1508.4032842956976,109.59670539397916,0.6526910922936053
2018-10-20,Huddersfield,Liverpool,A,1454.9477618964659,1556.4545479174626,-36.50678602099674,0.4476550127029981
2018-10-20,Man City,Burnley,H,1553.1821288982417,1481.3319875788366,136.8501413194051,0.6873528943808561
2018-10-20,Newcastle,Brighton,A,1446.0322202306886,1483.3212641947712,27.710956035917434,0.5397949230492535
2018-10-20,West Ham,Tottenham,A,1475.033151864263,1538.5274483318522,1.5057035324107346,0.5021668680019611
2018-10-20,Wolves,Watford,A,1527.778996260701,1503.482910327818,89.29608593288299,0.6257506285147383
2018-10-21,Everton,Crystal Palace,H,1508.6462486059397,1470.775942541215,102.87030606472467,0.6438626791747899
2018-10-22,Arsenal,Leicester,H,1538.1012634787883,1498.5585444643918,104.54271901439643,0.646067155964738
2018-10-27,Brighton,Wolves,H,1494.1171626557561,1515.2639836904061,43.853178965350025,0.5627767774454681
2018-10-27,Fulham,Bournemouth,A,1456.0540975305446,1523.8017248594074,-2.747627328862791,0.4960459288502631
2018-10-27,Leicester,West Ham,D,1491.4798875836866,1464.9898145042237,91.49007307946295,0.6287035860107578
2018-10-27,Liverpool,Cardiff,H,1565.4076481715226,1453.9725224990225,176.43512567250013,0.7341228891246944
2018-10-27,Southampton,Newcastle,D,1468.5939645342157,1435.2363217697036,98.3576427645121,0.637884059798428
2018-10-27,Watford,Huddersfield,H,1515.9979228981128,1445.9946616424058,135.003261255707,0.6850636593733074
2018-10-28,Burnley,Chelsea,A,1475.0790454664536,1549.9461678438047,-9.867122377351052,0.48580388586954854
2018-10-28,Crystal Palace,Arsenal,D,1463.6531961247108,1545.1799203594935,-16.526724234782705,0.4762340542452005
2018-10-28,Man United,Everton,H,1511.4571061415697,1515.768995022444,60.68811111912578,0.5864596678286157
2018-10-29,Tottenham,Man City,A,1548.5707856918914,1559.4350710106246,54.13571468126679,0.5772831303755099
2018-11-03,Arsenal,Liverpool,D,1544.7046014443974,1570.7251903890287,38.9794110553687,0.5558617012810828
2018-11-03,Bournemouth,Man United,A,1533.7226434364127,1519.7279127849974,78.99473065141524,0.6117632964914588
2018-11-03,Cardiff,Leicester,A,1448.6549802815164,1488.9058158634714,24.749164418044984,0.5355567895602137
2018-11-03,Everton,Brighton,H,1507.4981883790163,1502.8616271068468,69.6365612721695,0.5988943316129872
2018-11-03,Newcastle,Watford,H,1437.9940029656723,1522.2966497106468,-19.30264674497448,0.4722498040357483
2018-11-03,West Ham,Burnley,H,1467.5638862244389,1465.3629677490626,67.20091847537628,0.5955216622492072
2018-11-03,Wolves,Tottenham,A,1506.5195192393155,1537.0251230843812,34.49439615493429,0.5494789604478715
2018-11-04,Chelsea,Crystal Palace,H,1559.6622455611957,1464.1285150398069,160.53373052138886,0.7158780811667045
2018-11-04,Man City,Southampton,H,1570.9807336181348,1465.836283338247,170.14445027988768,0.7269951383914437
2018-11-05,Huddersfield,Fulham,H,1439.695934829872,1446.1331789535393,58.56275587633263,0.5834893873268528
2018-11-10,Cardiff,Brighton,H,1437.9438444903121,1494.8395137391065,8.10433075120568,0.5116609546194587
2018-11-10,Crystal Palace,Tottenham,A,1458.446076663141,1548.0147022933386,-24.56862563019763,0.46470172224308987
2018-11-10,Huddersfield,West Ham,D,1448.0261470833348,1475.6534529794546,37.37269410388012,0.5535771474525943
2018-11-10,Leicester,Burnley,D,1499.6169516546756,1457.2734009940468,107.34355066062881,0.649745143682341
2018-11-10,Newcastle,Bournemouth,H,1448.5490068849574,1521.4873775065835,-7.938370621626063,0.48857775394136127
2018-11-10,Southampton,Watford,D,1460.376186106076,1511.7416457913616,13.634540314714286,0.5196116142663777
2018-11-11,Arsenal,Wolves,D,1543.5873674187758,1495.5299400303581,113.05742738841764,0.6571931665162648
2018-11-11,Chelsea,Everton,D,1565.3446839378616,1515.5203017467566,114.82438219110509,0.659481008792236
2018-11-11,Liverpool,Fulham,H,1571.8424244146504,1437.8029667000765,199.03945771457393,0.7587362012601981
2018-11-11,Man City,Man United,H,1576.440830850306,1531.9631787148267,109.47765213547927,0.6525357227024048
2018-11-24,Brighton,Leicester,D,1485.0727328314956,1496.6220487810288,53.45068405046686,0.5763205523446885
2018-11-24,Everton,Cardiff,H,1518.7099219226013,1447.710625397923,135.99929652467836,0.6862993858504891
2018-11-24,Fulham,Southampton,H,1432.9776907252804,1459.9839538207484,37.99373690453194,0.5544604676521953
2018-11-24,Man United,Crystal Palace,D,1525.0138931688748,1449.1520422182791,140.86185095059568,0.6922940119703838
2018-11-24,Tottenham,Chelsea,H,1557.3087367382004,1562.1550637620169,60.15367297618354,0.5857133490711367
2018-11-24,Watford,Liverpool,A,1512.1338780766891,1576.6677003894465,0.4661776872426344,0.5006708832182263
2018-11-24,West Ham,Man City,A,1476.7249959285066,1583.3901163962578,-41.665120467751194,0.4403248655129947
2018-11-25,Bournemouth,Arsenal,A,1511.2589325854108,1540.4435040884505,35.815428496960294,0.5513607446730869
2018-11-25,Wolves,Huddersfield,A,1498.6738033606835,1446.9546041342828,116.71919922640063,0.6619261700128399
2018-11-26,Burnley,Newcastle,A,1460.2683038676937,1458.77745180613,66.4908520615636,0.5945367070102606
2018-11-30,Cardiff,Wolves,H,1441.4366131149327,1485.4352799604267,21.001333154506028,0.5301865915748893
2018-12-01,Crystal Palace,Burnley,H,1452.9979224576869,1448.3775697274884,69.62035273019842,0.5988719179593514
2018-12-01,Huddersfield,Brighton,A,1460.1931275345396,1483.5463217846018,41.64680574993781,0.5596491527678324
2018-12-01,Leicester,Watford,H,1498.1484598279226,1502.1204604123245,61.02799941559806,0.5869341002189147
2018-12-01,Man City,Bournemouth,H,1592.1966137065176,1500.2317176919491,156.96489601456847,0.7116810621636254
2018-12-01,Newcastle,West Ham,A,1470.6681859463354,1467.9184986182468,67.74968732808861,0.5962823502969334
2018-12-01,Southampton,Man United,D,1451.0731631737924,1521.168012929467,-5.094849755674659,0.4926684473254708
2018-12-02,Arsenal,Tottenham,H,1551.4707189819121,1565.5944697567777,50.876249225134416,0.5726979335991568
2018-12-02,Chelsea,Fulham,H,1553.8693307434396,1441.8884813722364,176.98084937120325,0.7347356042083619
2018-12-02,Liverpool,Everton,H,1586.6811180538111,1524.9839342055916,126.69718384821954,0.6746577054514973
2018-12-04,Bournemouth,Huddersfield,H,1494.4653389352216,1449.0001444791828,110.46519445603872,0.6538235222637715
2018-12-04,Brighton,Crystal Palace,H,1494.7393048399585,1461.0204840984998,98.71882074145879,0.6383641708582796
2018-12-04,Watford,Man City,A,1493.8591424167028,1597.9629924632452,-39.10385004654245,0.4439614590230596
2018-12-04,West Ham,Cardiff,H,1479.8441456241853,1450.832881283435,94.01126434075036,0.6320850916413343
2018-12-05,Burnley,Liverpool,A,1440.3550080866755,1593.1879639447811,-87.8329558581056,0.3762238783884349
2018-12-05,Everton,Newcastle,D,1518.4770883146216,1458.7425389403968,124.7345493742248,0.6721730148241907
2018-12-05,Fulham,Leicester,D,1436.5831934564037,1506.4097778235443,-4.82658436714064,0.4930544335401793
2018-12-05,Man United,Arsenal,D,1521.0213818759764,1560.016760309929,26.00462156604749,0.5373539310204308
2018-12-05,Tottenham,Southampton,H,1557.0484284287609,1451.219794227283,170.82863420147783,0.7277761217779468
2018-12-05,Wolves,Chelsea,H,1476.0390117919244,1559.1746186592723,-18.13560686734786,0.47392444195538447
2018-12-08,Arsenal,Huddersfield,H,1560.7638389303377,1442.0766149244582,183.68722400587944,0.7421911985497245
2018-12-08,Bournemouth,Liverpool,A,1501.3888684899462,1600.7124415125497,-34.32357302260357,0.4507644782519763
2018-12-08,Burnley,Brighton,H,1432.830530518907,1501.972021422793,-4.1414909038860515,0.4940401977629928
2018-12-08,Cardiff,Southampton,H,1443.4745831162616,1445.775316662842,62.69926645341957,0.5892645717972781
2018-12-08,Chelsea,Man City,H,1548.65310749838,1606.8422216437064,6.810885854673643,0.5098003972847233
2018-12-08,Leicester,Tottenham,A,1506.270866494348,1562.492905993202,8.777960501146026,0.512629813448649
2018-12-08,Man United,Fulham,H,1520.2743032555677,1436.7221047856,148.5521984699676,0.701643255965726
2018-12-08,West Ham,Crystal Palace,H,1487.2024437913587,1453.7877675156653,98.41467627569341,0.6379598923266319
2018-12-09,Newcastle,Wolves,A,1462.1859992368807,1486.5605229528167,40.62547628406401,0.5581997558786232
2018-12-10,Everton,Watford,D,1515.0336280181377,1484.9799132362416,95.05371478189613,0.6334794957445599
2018-12-15,Crystal Palace,Leicester,H,1446.546965362198,1496.018270225375,15.52869513682299,0.5223327196379864
2018-12-15,Fulham,West Ham,A,1430.7549699049146,1494.443245944826,1.3117239600885569,0.5018877135537508
2018-12-15,Huddersfield,Newcastle,A,1436.9204388954527,1451.0220041193081,50.89843477614454,0.5727291859357683
2018-12-15,Man City,Everton,H,1597.0382295894008,1512.3640381032465,149.6741914861543,0.7029935592368947
2018-12-15,Tottenham,Burnley,H,1572.7455022621748,1442.9497265636471,194.79577569852768,0.7542361914329438
2018-12-15,Watford,Cardiff,H,1487.6495031511329,1451.689291680316,100.96021147081683,0.6413374287532366
2018-12-15,Wolves,Bournemouth,H,1497.7245180703892,1492.3735789249067,70.35093914548247,0.5998817824863536
2018-12-16,Brighton,Chelsea,A,1491.8528253780528,1558.4570995526856,-1.604274174632792,0.49769128028334564
2018-12-16,Liverpool,Man United,H,1609.7277310775892,1526.2414381362532,148.48629294133593,0.7015638299131175
2018-12-16,Southampton,Arsenal,H,1437.5606080987875,1565.9200149593432,-63.35940686055574,0.4098160023856177
2018-12-21,Wolves,Liverpool,A,1505.7268824206622,1615.6964544793268,-44.96957205866465,0.4356425731213309
2018-12-22,Arsenal,Burnley,H,1554.1163350070556,1438.034450392306,181.08188461474947,0.7393111107962677
2018-12-22,Bournemouth,Brighton,H,1484.3712145746338,1481.8989997723859,67.47221480224789,0.5958977832406597
2018-12-22,Cardiff,Man United,A,1444.5160402553809,1520.2727147345156,-10.756674479134745,0.4845248452294873
2018-12-22,Chelsea,Leicester,A,1568.4109251583525,1486.4649246181348,146.9460005402177,0.6997040929171459
2018-12-22,Huddersfield,Southampton,A,1425.4658551767373,1449.3642880510752,41.101567125662086,0.5588755144780957
2018-12-22,Man City,Crystal Palace,A,1602.978358404663,1456.1003109694384,211.87804743522452,0.7720051330826032
2018-12-22,Newcastle,Fulham,D,1462.4765878380235,1420.7172156338395,106.75937220418405,0.6489794646007906
2018-12-22,West Ham,Watford,A,1504.481000215901,1494.822754576068,74.65824563983301,0.6058181264091251
2018-12-23,Everton,Tottenham,A,1506.4239092879843,1577.6607784335158,-6.2368691455315,0.4910253877829799
2018-12-26,Brighton,Arsenal,D,1473.816955437199,1559.3301127911302,-20.513157353931092,0.47051344809078777
2018-12-26,Burnley,Everton,A,1432.8206726082315,1496.6034015323248,1.2172710759066376,0.5017517867281512
2018-12-26,Crystal Palace,Cardiff,D,1471.5404136310904,1434.8255433507911,101.71487028029924,0.6423360751349574
2018-12-26,Fulham,Wolves,D,1423.6968049258553,1497.0140309582355,-8.317226032380177,0.4880328355009429
2018-12-26,Leicester,Man City,H,1500.4590064764777,1587.538255743011,-22.079249266533225,0.4682681110162072
2018-12-26,Liverpool,Newcastle,H,1624.4093059417535,1459.4969985460077,229.91230739574576,0.7897603757002744
2018-12-26,Man United,Huddersfield,H,1529.9632116391053,1414.2883448871753,180.67486675193004,0.7388592940738337
2018-12-26,Tottenham,Bournemouth,H,1587.4812861891753,1492.4532589098205,160.02802727935477,0.7152856090117544
2018-12-26,Watford,Chelsea,A,1506.9391171042505,1554.4168433000095,17.522273804240967,0.5251952212796599
2018-12-27,Southampton,West Ham,A,1460.5417983406371,1492.3646376877186,33.177160652918474,0.5476011741846889
2018-12-29,Brighton,Everton,H,1474.4066864753834,1506.6384372668879,32.76824920849549,0.5470179718330439
2018-12-29,Fulham,Huddersfield,H,1423.9361482158365,1409.065530768652,79.87061744718449,0.6129601420272199
2018-12-29,Leicester,Cardiff,A,1511.0936442561535,1437.6722648534903,138.4213794026632,0.6892933048077291
2018-12-29,Liverpool,Arsenal,H,1628.6140984277479,1558.740381752946,134.87371667480193,0.6849027473210888
2018-12-29,Tottenham,Wolves,A,1593.1755740089402,1496.7746876682543,161.40088634068593,0.7168922914180919
2018-12-29,Watford,Newcastle,D,1496.4352126786573,1455.2922060600133,106.143006618644,0.6481707659324427
2018-12-30,Burnley,West Ham,H,1422.7856368736684,1503.3166611714123,-15.531024297743897,0.4776639351181147
2018-12-30,Crystal Palace,Chelsea,A,1468.6936921283911,1564.9207477256027,-31.227055597211574,0.455181274172627
2018-12-30,Man United,Bournemouth,H,1535.1860257576286,1486.7589710900556,113.42705466757297,0.6576723665341914
2018-12-30,Southampton,Man City,A,1449.5897748569432,1576.9036179633351,-62.313843106391914,0.41127252437031997
2019-01-01,Arsenal,Fulham,H,1552.4384366993677,1431.676945375292,185.76149132407568,0.7444693086317195
2019-01-01,Cardiff,Tottenham,A,1451.458130949645,1578.8377281805783,-62.379597230933314,0.41118087951113175
2019-01-01,Everton,Leicester,A,1497.5787967035487,1497.3077781599989,65.27101854354987,0.5928428642816393
2019-01-02,Bournemouth,Watford,D,1479.9124184207394,1493.4717973600084,51.44062106073102,0.5734927717378201
2019-01-02,Chelsea,Southampton,D,1574.0243732090553,1441.364324369537,197.66004883951837,0.7572796607450796
2019-01-02,Huddersfield,Burnley,A,1401.3247336091965,1433.232358171306,33.092375437890496,0.5474802615333813
2019-01-02,Newcastle,Man United,A,1458.2556213786622,1542.0325784269448,-18.77695704828261,0.47300406475717804
2019-01-02,West Ham,Brighton,D,1492.8699398737747,1483.4663270387225,74.40361283505217,0.605468039191984
2019-01-02,Wolves,Crystal Palace,A,1511.1125334966162,1459.5900666449386,116.52246685167756,0.6616726967015862
2019-01-03,Man City,Liverpool,H,1585.1290684507414,1634.9160434813261,15.2130249694153,0.5218793217754685
2019-01-12,Brighton,Liverpool,A,1485.5756878225623,1625.3536299168354,-74.77794209427316,0.39401734392513305
2019-01-12,Burnley,Fulham,H,1444.1819634019737,1426.5663315479264,82.61563185404725,0.6167021501859123
2019-01-12,Cardiff,Huddersfield,D,1443.2345133594224,1390.3751283785289,117.85938498089354,0.663393370749402
2019-01-12,Chelsea,Newcastle,H,1568.8787799941538,1448.7955400835187,185.08323991063503,0.7437258608875372
2019-01-12,Crystal Palace,Watford,A,1472.8235205789704,1494.9416527947649,42.8818677842055,0.5614005037509293
2019-01-12,Leicester,Southampton,A,1509.1646354456316,1446.5099175844384,127.65471786119315,0.6758663954212445
2019-01-12,West Ham,Arsenal,H,1490.760579089935,1557.5490505267333,-1.7884714367983179,0.49742620544004007
2019-01-13,Everton,Bournemouth,H,1485.721939417916,1478.442562985983,72.27937643193309,0.6025433009815688
2019-01-13,Tottenham,Man United,A,1587.061345770801,1551.4926597220883,100.5686860487126,0.6408188359460723
2019-01-14,Man City,Wolves,H,1594.6914820152322,1497.8790795625844,161.8124024526478,0.7173728262396265
2019-01-19,Arsenal,Chelsea,H,1547.497574635534,1574.004262776403,38.49331185913093,0.5551707726572934
2019-01-19,Bournemouth,West Ham,H,1470.4934290056144,1500.8120549811342,34.68137402448019,0.5497453939785536
2019-01-19,Liverpool,Crystal Palace,H,1633.233976795338,1461.5955105039518,236.6384662913863,0.7961171058636812
2019-01-19,Man United,Brighton,H,1564.3090364410098,1477.6953409440596,151.61369549695019,0.7053193783676828
2019-01-19,Newcastle,Cardiff,H,1443.6700573012695,1439.9666459444343,68.7034113568352,0.5976032733399369
2019-01-19,Southampton,Everton,H,1460.0272454928634,1493.6710733982845,31.356172094578824,0.5450030402669307
2019-01-19,Watford,Burnley,D,1506.1696628697835,1451.8479203982554,119.32174247152807,0.6652705404868209
2019-01-19,Wolves,Leicester,H,1492.2265360873769,1495.6473075372066,61.57922855017023,0.5877031888609616
2019-01-20,Fulham,Tottenham,A,1418.9003745516447,1574.2449690518795,-90.34459450023473,0.3728369665187477
2019-01-20,Huddersfield,Man City,A,1393.642995793517,1600.3440254904397,-141.70102969692266,0.3066778945203884
2019-01-29,Arsenal,Cardiff,H,1556.3941591823882,1431.918711411233,189.47544777115513,0.7485150857793145
2019-01-29,Fulham,Brighton,H,1411.4436352212697,1471.8017285114133,4.641906709856357,0.5066798432943037
2019-01-29,Huddersfield,Everton,A,1387.5094379031093,1484.5711342036232,-32.06169630051386,0.4539900394962757
2019-01-29,Man United,Burnley,D,1570.202648873656,1455.1533312079919,180.04931766566415,0.7381639069537381
2019-01-29,Newcastle,Man City,H,1451.7179918344707,1606.4775833808474,-89.75959154637667,0.37362473532593415
2019-01-29,Wolves,West Ham,H,1500.4724723101576,1491.8069628607052,73.66550944945243,0.6044526318145302
2019-01-30,Bournemouth,Chelsea,H,1479.4985211260434,1565.1076782295488,-20.609157103505368,0.47037577607074454
2019-01-30,Liverpool,Leicester,D,1637.3116346780644,1487.401371314426,214.91026336363848,0.7750628201689975
2019-01-30,Southampton,Crystal Palace,D,1469.1271846875247,1457.5178526212255,76.6093320662992,0.6084969907037723
2019-01-30,Tottenham,Watford,H,1581.7017083822545,1502.864252060047,143.83745632220757,0.6959308071590653
2019-02-02,Brighton,Watford,D,1461.9353253772995,1496.7828682032282,30.152457174071287,0.5432842595570418
2019-02-02,Burnley,Southampton,D,1459.9166093470667,1466.9572448734493,57.95936447361737,0.5826450045392062
2019-02-02,Cardiff,Bournemouth,H,1426.8890131268195,1490.0910056046287,1.798007522190801,0.5025875177244199
2019-02-02,Chelsea,Huddersfield,H,1554.5151937509636,1378.4296371131838,241.08555663777975,0.8002407969478835
2019-02-02,Crystal Palace,Fulham,H,1459.687792435301,1421.3100383553835,103.3777540799174,0.6445322171548673
2019-02-02,Everton,Wolves,A,1493.6509349935486,1508.383419673867,50.267515319681706,0.5718401968802106
2019-02-02,Tottenham,Newcastle,H,1587.7830922390733,1464.245497127952,188.5375951111214,0.7474974676884409
2019-02-03,Leicester,Man United,A,1492.902627717806,1565.4393707345812,-7.53674301677529,0.48915545588936143
2019-02-03,Man City,Arsenal,H,1593.9500780873661,1561.4238574668018,97.52622062056435,0.6367778116886008
2019-02-04,West Ham,Liverpool,D,1483.896015496996,1631.8103782746844,-82.91436277768844,0.3828914434781363
2019-02-06,Everton,Man City,A,1482.2141310559443,1601.214521853594,-54.00039079764974,0.42290697514174624
2019-02-09,Brighton,Burnley,A,1461.0696401861587,1458.2637092562825,67.80593092987624,0.59636028752782
2019-02-09,Crystal Palace,West Ham,D,1466.7971480922035,1486.2381866274332,45.55896146477039,0.5651913909615925
2019-02-09,Fulham,Man United,A,1414.200682698481,1575.2224798523685,-96.02179715388752,0.36522757489931246
2019-02-09,Huddersfield,Arsenal,A,1374.4344530521414,1554.1594137005739,-114.72496064843244,0.3406475256319259
2019-02-09,Liverpool,Bournemouth,H,1629.4682071442471,1480.142755959117,214.32545118513008,0.7744753684465554
2019-02-09,Southampton,Cardiff,A,1468.6101449642335,1436.837262772331,96.77288219190245,0.6357742060160718
2019-02-09,Watford,Everton,H,1497.648553394369,1473.7559915531094,88.89256184125952,0.6252064840423863
2019-02-10,Man City,Chelsea,H,1609.672661356429,1558.510377812006,116.16228354442296,0.6612083899610314
2019-02-10,Tottenham,Leicester,H,1592.8331428853046,1483.1195186000186,174.71362428528596,0.7321841561102007
2019-02-11,Wolves,Newcastle,D,1519.8202236114712,1459.1954464817206,125.62477712975056,0.6733012474058471
2019-02-22,Cardiff,Watford,A,1449.5527468926525,1505.1444237135213,9.40832317913123,0.513536356908254
2019-02-22,West Ham,Fulham,H,1487.542014446665,1406.8961312004947,145.64588324617034,0.6981292051407126
2019-02-23,Bournemouth,Wolves,D,1475.632263328048,1516.3541986633543,24.27806466469383,0.5348821864564827
2019-02-23,Burnley,Tottenham,H,1470.1909150068388,1598.1894597631006,-62.99854475626171,0.4103185237478999
2019-02-23,Leicester,Crystal Palace,A,1477.7632017222227,1465.4933202729717,77.26988144925099,0.6094024623862386
2019-02-23,Newcastle,Huddersfield,H,1462.6614714298375,1367.621502539503,160.03996889033465,0.7152996081433477
2019-02-24,Arsenal,Southampton,H,1560.9723642132124,1455.894660843912,170.07770336930025,0.7269188731537293
2019-02-24,Man United,Liverpool,D,1582.5270313503547,1633.978699775316,13.548331575038674,0.5194877395822759
2019-02-26,Cardiff,Everton,A,1439.2820197544875,1466.260121233957,38.021898520530385,0.5545005143090153
2019-02-26,Huddersfield,Wolves,H,1361.9274947023698,1517.0518423924839,-90.12434769011406,0.37313347335300734
2019-02-26,Leicester,Brighton,H,1465.5751524744978,1449.1424344356024,81.43271803889547,0.6150912663409265
2019-02-26,Newcastle,Burnley,H,1468.3554792669706,1481.9845445318808,51.370934735089804,0.5733946488309454
2019-02-27,Arsenal,Bournemouth,H,1566.4339867501378,1474.9346195989185,156.4993671512193,0.7111308793017646
2019-02-27,Chelsea,Tottenham,H,1551.7345456112266,1586.3958302380586,30.338715373168043,0.5435502855070037
2019-02-27,Crystal Palace,Man United,A,1477.6813695206965,1582.1372765587091,-39.45590703801258,0.44346122944437794
2019-02-27,Liverpool,Watford,H,1634.3684545669616,1515.4151508516863,183.9533037152753,0.7424841663122265
2019-02-27,Man City,West Ham,H,1616.4484935572084,1493.5794303438508,187.86906321335755,0.7467704137937781
2019-02-27,Southampton,Fulham,H,1450.4330383069866,1400.8587153033088,114.57432300367782,0.659157681935412
2019-03-02,Bournemouth,Man City,A,1469.1572371849538,1621.513085281333,-87.35584809637908,0.3768686333153817
2019-03-02,Brighton,Huddersfield,H,1441.4442597624209,1374.4648252353097,131.97943452711115,0.6812961307152661
2019-03-02,Burnley,Crystal Palace,A,1473.4524375084998,1468.812144931809,69.64029257669085,0.5988994913132254
2019-03-02,Man United,Southampton,H,1591.0065011475967,1457.2498846682784,198.75661647931838,0.7584380310264186
2019-03-02,Tottenham,Arsenal,D,1577.2668359481986,1572.2113691641025,70.0554667840961,0.5994734628730864
2019-03-02,West Ham,Newcastle,H,1488.5148386197263,1476.8875862903517,76.62725232937464,0.6085215654338664
2019-03-02,Wolves,Cardiff,H,1504.514511859544,1428.192009468307,141.32250239123687,0.6928586017405369
2019-03-03,Everton,Liverpool,D,1477.3501315201374,1639.5187712407171,-97.16863972057968,0.36369841358488786
2019-03-03,Fulham,Chelsea,A,1394.0418689420171,1560.8635399010866,-101.82167095906948,0.35752269415388677
2019-03-03,Watford,Leicester,H,1510.2648341779309,1473.2733271476793,101.99150703025157,0.6427018421210194
2019-03-09,Cardiff,West Ham,H,1422.0491815031178,1496.344407311049,-9.295225807931274,0.48662628542780406
2019-03-09,Crystal Palace,Brighton,A,1480.7901347580735,1447.8183371481155,97.971797609958,0.6373708546707529
2019-03-09,Huddersfield,Bournemouth,A,1368.0907478496151,1461.6198645186462,-28.529116669031055,0.4590353290194576
2019-03-09,Leicester,Fulham,H,1466.1273639900996,1386.8914150589394,144.23594893116024,0.6964160052824869
2019-03-09,Man City,Watford,H,1629.0504579476406,1517.4107973355106,176.63966061213,0.734352637881933
2019-03-09,Newcastle,Everton,H,1469.058017599029,1480.0761632484396,53.9818543505894,0.5770669827321198
2019-03-09,Southampton,Tottenham,H,1452.4186452888068,1575.277366690737,-57.8587214019301,0.41749588216393696
2019-03-10,Arsenal,Man United,H,1574.2008384215642,1595.8377405270683,43.36309789449592,0.5620824894631186
2019-03-10,Chelsea,Wolves,D,1568.0139937841643,1510.6573398247333,122.35665395943101,0.6691496388723885
2019-03-10,Liverpool,Burnley,H,1636.792739512415,1461.4744476822352,240.31829183017976,0.7995338219637097
2019-03-16,Bournemouth,Newcastle,D,1470.8005710990353,1477.5166779443866,58.283893154648695,0.5830992088509219
2019-03-16,Burnley,Leicester,A,1457.4651241215095,1472.1990438844498,50.26608023705967,0.5718381742642361
2019-03-16,West Ham,Huddersfield,H,1486.0769330196051,1358.910041269226,192.16689175037914,0.7514202850997408
2019-03-17,Everton,Chelsea,H,1471.617502903082,1564.6310010067166,-28.013498103634674,0.4597724720237949
2019-03-17,Fulham,Liverpool,A,1380.8197351645892,1640.8020630731407,-194.9823279085515,0.24556480411342818
2019-03-30,Brighton,Southampton,A,1460.5657542415306,1464.068727645528,61.49702659600257,0.5875885257084054
2019-03-30,Burnley,Wolves,H,1446.0283606362248,1514.040332602181,-3.0119719659562634,0.4956655324906056
2019-03-30,Crystal Palace,Huddersfield,H,1468.0427176646583,1353.9384469712209,179.10427069343746,0.7371110887310772
2019-03-30,Fulham,Man City,A,1375.9084390823207,1634.363405190002,-193.45496610768123,0.2471973128156825
2019-03-30,Leicester,Bournemouth,H,1483.6358073697345,1469.1385869220169,79.49722044771761,0.6124500838188915
2019-03-30,Man United,Watford,H,1587.0793903163305,1512.0978500931492,139.98154022318136,0.69121347237264
2019-03-30,West Ham,Everton,A,1491.0485273176103,1482.422053462606,73.62647385500418,0.604398905449491
2019-03-31,Cardiff,Chelsea,A,1432.3166557945617,1553.8264504471924,-56.50979465263072,0.4193854887586988
2019-03-31,Liverpool,Tottenham,H,1645.7133591554093,1563.6272843340157,147.0860748213936,0.6998734907990355
2019-04-01,Arsenal,Newcastle,H,1582.959188632302,1479.178662121405,168.78052651089683,0.7254340764041447
2019-04-02,Watford,Fulham,H,1505.922119540602,1370.964492826007,199.95762671459488,0.759702400691832
2019-04-02,Wolves,Man United,H,1503.953643251993,1593.2551208688778,-24.301477616884767,0.4650842837452353
2019-04-03,Chelsea,Brighton,H,1562.2141602223664,1448.8139837273625,178.40017649500396,0.7363249328773404
2019-04-03,Man City,Cardiff,H,1639.3073514463156,1423.9289460193877,280.3784054269279,0.8339643099173332
2019-04-03,Tottenham,Crystal Palace,H,1557.6247541499965,1473.3004958900367,149.32425825995983,0.7025727981518094
2019-04-05,Southampton,Liverpool,A,1475.8204981596962,1651.7158893394285,-110.89539117973231,0.34561618464767346
2019-04-06,Bournemouth,Burnley,A,1461.3875885983948,1456.1150499864127,70.2725386119821,0.5997734526008701
2019-04-06,Huddersfield,Leicester,A,1348.6806687458425,1491.3868056933566,-77.7061369475141,0.38999993734187965
2019-04-06,Newcastle,Crystal Palace,A,1473.687343649488,1467.351951853073,71.33539179641502,0.6012412148803653
2019-04-07,Everton,Arsenal,H,1494.5100315715958,1588.450507104219,-28.940475532623168,0.458447367040267
2019-04-08,Chelsea,West Ham,H,1567.4876615648197,1478.9605492086205,153.52711235619927,0.7076034896618955
2019-04-12,Leicester,Newcastle,A,1499.1868044401942,1461.6625193518807,102.52428508831349,0.6434058086005384
2019-04-13,Brighton,Bournemouth,A,1443.5404823849092,1449.3921195463774,59.14836283853174,0.584308414551254
2019-04-13,Burnley,Cardiff,H,1468.11051903843,1420.6082322177344,112.50228682069564,0.656472857223129
2019-04-13,Fulham,Everton,H,1366.1585408398437,1505.3410842307906,-74.18254339094688,0.3948359905459632
2019-04-13,Man United,West Ham,H,1582.5568065437826,1473.1126190018583,174.4441875419243,0.7318799097093118
2019-04-13,Southampton,Wolves,H,1468.9081744667426,1514.6519575770883,19.256216889654297,0.5276835833564816
2019-04-13,Tottenham,Huddersfield,H,1563.5732981869603,1340.8806699990048,287.6926281879555,0.8397126883005512
2019-04-14,Crystal Palace,Man City,A,1479.3767761506801,1642.6280652479688,-98.25128909728869,0.36225736781359247
2019-04-14,Liverpool,Chelsea,H,1658.628213032382,1573.335591771582,150.29262126080016,0.7037363202730954
2019-04-15,Watford,Arsenal,A,1510.7280715267652,1577.6194544450243,-1.891382918259069,0.49727810806758244
2019-04-16,Brighton,Cardiff,A,1431.854314093884,1413.737689362197,83.11662473168712,0.6173836294583893
2019-04-20,Bournemouth,Fulham,A,1461.0782878374025,1378.2618210289245,147.81646680847803,0.7007559002427985
2019-04-20,Huddersfield,Watford,A,1337.6749237650158,1500.7825093654135,-98.10758560039767,0.3624485005925311
2019-04-20,Man City,Tottenham,H,1649.8732126042407,1566.7790444209493,148.09416818329146,0.7010910096664534
2019-04-20,Newcastle,Southampton,H,1474.5306355238915,1478.3545027996129,61.17613272427866,0.587140821356833
2019-04-20,West Ham,Leicester,D,1467.7502171960446,1486.3186882681835,46.43152892786111,0.5664253629046104
2019-04-20,Wolves,Brighton,D,1505.205629244218,1419.5066415047163,150.69898773950172,0.7042237980521842
2019-04-21,Arsenal,Crystal Palace,A,1587.565016606376,1472.1316287944082,180.4333878119678,0.738590997315581
2019-04-21,Cardiff,Liverpool,A,1426.0853619513648,1664.5534866269202,-173.46812467555537,0.26922408684810833
2019-04-21,Everton,Man United,H,1493.2378040417098,1587.9192083495964,-29.681404307886623,0.4573886383227517
2019-04-22,Chelsea,Burnley,D,1567.4103181770438,1474.9810618939675,157.42925628307626,0.7122292424332544
2019-04-23,Tottenham,Brighton,H,1560.8008646142785,1423.59111746576,202.20974714851855,0.7620611100507947
2019-04-23,Watford,Southampton,D,1508.031479377264,1470.0973192267495,102.93416015051457,0.643946960655814
2019-04-24,Man United,Man City,A,1577.0669811160515,1655.8513924109116,-13.784411294860092,0.48017303953054036
2019-04-24,Wolves,Arsenal,H,1501.1211532831744,1572.7931966600645,-6.6720433768900875,0.49039933789102674
2019-04-26,Liverpool,Huddersfield,H,1669.9379683638824,1330.4259537531652,404.5120146107172,0.9112147718517254
2019-04-27,Brighton,Newcastle,D,1418.8323396667759,1482.787819096755,1.04452057002095,0.501503181404942
2019-04-27,Crystal Palace,Everton,D,1486.9034487407198,1504.0900312752547,47.813417465465136,0.5683779191960625
2019-04-27,Fulham,Cardiff,H,1392.2769390337805,1420.7008802144026,36.57605881937798,0.5524435841895112
2019-04-27,Southampton,Bournemouth,D,1472.976258439866,1447.0631698325465,90.91308860731942,0.6279279252793685
2019-04-27,Tottenham,West Ham,A,1565.5596424132625,1466.4217099379523,164.1379324753102,0.7200790773144353
2019-04-27,Watford,Wolves,A,1505.1525401641477,1511.3131665253538,58.83937363879386,0.5838763213954187
2019-04-28,Burnley,Man City,A,1479.2256467426325,1665.4548532015224,-121.22920645888985,0.33228877012379976
2019-04-28,Leicester,Arsenal,H,1487.6471955262757,1562.601183417885,-9.953987891609358,0.48567897800743587
2019-04-28,Man United,Chelsea,D,1567.4635203254406,1563.1657333283788,69.29778699706185,0.5984257785819519
2019-05-03,Everton,Burnley,H,1505.457589659176,1472.5798713401566,97.87771831901932,0.6372456740964453
2019-05-04,Bournemouth,Tottenham,H,1449.6217283381338,1551.1580608669738,-36.53633252883992,0.44761295826273745
2019-05-04,Cardiff,Crystal Palace,A,1411.7497518981927,1485.5358903567985,-8.78613845860582,0.4873584250407228
2019-05-04,Newcastle,Liverpool,A,1482.8178827248537,1671.713672926848,-123.89579020199426,0.3288918122569677
2019-05-04,West Ham,Southampton,H,1480.823291484241,1470.4176999342785,75.40559154996254,0.6068450022610918
2019-05-04,Wolves,Fulham,H,1522.9906929532622,1401.2280673499904,186.76262560327177,0.7455640846150816
2019-05-05,Arsenal,Brighton,D,1552.3147629780337,1418.802276038677,198.51248693935668,0.7581804686751213
2019-05-05,Chelsea,Watford,H,1565.1342489000178,1493.4750137362394,136.65923516377848,0.6871166838855387
2019-05-05,Huddersfield,Man United,D,1328.6502491901997,1565.4950047538016,-171.8447555636019,0.2710665785598775
2019-05-06,Man City,Leicester,H,1672.1006286039983,1497.933615966127,239.16701263787127,0.7984694934795759
2019-05-12,Brighton,Man City,A,1423.9658854121794,1676.1312387344067,-187.16535332222725,0.2539963907206429
2019-05-12,Burnley,Arsenal,A,1465.3247848220856,1547.1511536045314,-16.826368782445797,0.4758038230749224
2019-05-12,Crystal Palace,Bournemouth,H,1495.283058857613,1460.6694691728792,99.61358968473382,0.6395523890447503
2019-05-12,Fulham,Newcastle,A,1396.139349042292,1476.2400464797142,-15.100697437422241,0.4782820232795543
2019-05-12,Leicester,Chelsea,D,1493.9030058357187,1571.391915222307,-12.488909386588375,0.4820347516794014
2019-05-12,Liverpool,Wolves,H,1678.2915091719874,1528.0794112609606,215.21209791102683,0.7753655917969317
2019-05-12,Man United,Cardiff,A,1560.916336324999,1402.0025833973782,223.91375292762086,0.7839696115931463
2019-05-12,Southampton,Huddersfield,D,1462.5545999795004,1333.2289176190022,194.32568236049815,0.7537342376693346
2019-05-12,Tottenham,Everton,D,1540.1103200322284,1512.712676177247,92.39764385498142,0.6299223229777076
2019-05-12,Watford,West Ham,A,1487.2173474139502,1488.6863914390192,63.530955974930976,0.5904228237266665
2019-08-09,Liverpool,Norwich,H,1682.7841973360487,1500.0,247.7841973360487,0.8063336056612903
2019-08-10,Bournemouth,Sheffield United,D,1453.4605169537742,1500.0,18.46051695377423,0.5265418466645595
2019-08-10,Burnley,Southampton,H,1455.8087083605872,1457.4799152261137,63.32879313447347,0.5901413735231361
2019-08-10,Crystal Palace,Everton,D,1502.492011076718,1515.3111226368012,52.18088843991677,0.5745347580338442
2019-08-10,Tottenham,Aston Villa,H,1537.5118735726742,1500.0,102.51187357267418,0.6433894161377017
2019-08-10,Watford,Brighton,A,1475.4088909394168,1418.8859575977665,121.52293334165029,0.668086272388473
2019-08-10,West Ham,Man City,A,1500.4948479135526,1681.2111665488196,-115.71631863526704,0.33936692665732976
2019-08-11,Leicester,Wolves,D,1494.2623108021307,1523.5867230968993,35.675587705231464,0.5511616128739164
2019-08-11,Man United,Chelsea,H,1545.2369440931361,1571.032610255895,39.204333837241165,0.5561813276857609
2019-08-11,Newcastle,Arsenal,A,1485.8056869453053,1556.6672300660298,-5.861543120724491,0.4915653615930248
2019-08-17,Arsenal,Burnley,H,1566.4985372978904,1464.0058808901244,167.49265640776594,0.7239549789611271
2019-08-17,Aston Villa,Bournemouth,A,1492.867788322754,1452.9296800204831,104.93810830227085,0.6465874329065053
2019-08-17,Brighton,West Ham,D,1432.247683045536,1493.707509380406,3.5401736651299416,0.5050945431306042
2019-08-17,Everton,Watford,H,1516.8018177974782,1462.0471654916473,119.75465230583086,0.6658252509040382
2019-08-17,Man City,Tottenham,D,1687.9985050819662,1544.6440852499202,208.354419832046,0.7684152629949106
2019-08-17,Norwich,Newcastle,H,1496.1266721132258,1475.9743797134447,85.15229239978112,0.620147892047099
2019-08-17,Southampton,Liverpool,A,1449.2827426965764,1686.6575252228229,-172.37478252624646,0.2704641384010848
2019-08-18,Chelsea,Leicester,D,1562.1562368096102,1493.2390785446523,133.91715826495783,0.6837131991899436
2019-08-18,Sheffield United,Crystal Palace,H,1500.530836933291,1501.001315916041,64.52952101725009,0.5918121494329122
2019-08-19,Wolves,Man United,D,1524.6099553543777,1554.113317539421,35.496637814956784,0.5509067662176016
2019-08-23,Aston Villa,Everton,H,1479.9360396646239,1523.4853127793974,21.45072688522646,0.5308309131877752
2019-08-24,Brighton,Southampton,A,1432.145792182924,1443.8734599285547,53.2723322543693,0.5760698440619111
2019-08-24,Liverpool,Arsenal,H,1692.0668079908446,1572.0194377186679,185.04737027217675,0.7436865038665895
2019-08-24,Man United,Crystal Palace,A,1555.131452863773,1492.8375589046993,127.29389395907356,0.6754112036280218
2019-08-24,Norwich,Chelsea,A,1503.7237142722838,1558.4819728258112,10.241741446472588,0.5147347830138328
2019-08-24,Sheffield United,Leicester,A,1508.6945939446327,1496.9133425284513,76.78125141618148,0.6087327274756973
2019-08-24,Watford,West Ham,A,1455.363670509728,1493.809400243018,26.55427026671009,0.5381404306486262
2019-08-25,Bournemouth,Man City,A,1465.8614286786133,1682.6301998220679,-151.76877114345461,0.2944951160130879
2019-08-25,Tottenham,Newcastle,A,1550.0123905098185,1468.3773375543867,146.63505295543177,0.699327855600723
2019-08-25,Wolves,Burnley,D,1523.5918200300257,1458.484980469347,130.10683956067874,0.6789509940321984
2019-08-31,Burnley,Liverpool,A,1462.064000349991,1697.1930779135128,-170.12907756352183,0.2730224253454564
2019-08-31,Chelsea,Sheffield United,D,1568.7766684860878,1496.5199393951189,137.25672909096897,0.6878556461337532
2019-08-31,Crystal Palace,Aston Villa,H,1506.3457829772597,1489.3194214008684,82.02636157639131,0.6159000038216736
2019-08-31,Leicester,Bournemouth,H,1509.0879970779652,1459.9715263583514,114.11647071961374,0.6585652944516253
2019-08-31,Man City,Brighton,H,1688.5201021423297,1420.6243953016858,332.8957068406439,0.8717254606844911
2019-08-31,Newcastle,Watford,D,1482.3638946664012,1444.6008618967555,102.76303276964563,0.6437210682929005
2019-08-31,Southampton,Man United,D,1455.3948568097928,1541.6232287912126,-21.22837198141974,0.46948787710168616
2019-08-31,West Ham,Norwich,H,1504.5722088559905,1493.4290186120072,76.14319024398333,0.6078575599771394
2019-09-01,Arsenal,Tottenham,D,1566.8931677959997,1536.025833397804,95.86733439819568,0.6345662609706058
2019-09-01,Everton,Wolves,H,1514.101931043153,1520.0128001493817,59.0891308937712,0.5842255941092748
2019-09-14,Brighton,Burnley,D,1418.0589045153756,1456.6035518430817,26.455352672293884,0.5379989020416562
2019-09-14,Liverpool,Newcastle,H,1702.653526420422,1479.489473300543,288.1640531198789,0.8400776082874565
2019-09-14,Man United,Leicester,H,1541.0129863332463,1515.9166911889326,90.09629514431367,0.6268287541091643
2019-09-14,Norwich,Man City,H,1485.58616981155,1691.08559292864,-140.49942311708992,0.3081505966434305
2019-09-14,Sheffield United,Southampton,A,1500.277052317794,1456.005099267759,109.27195305003488,0.6522672000619676
2019-09-14,Tottenham,Crystal Palace,H,1538.7171586172162,1514.0277829008262,89.68937571639003,0.6262806664181853
2019-09-14,Wolves,Chelsea,A,1511.6973120315672,1565.0195555634127,11.677756468154485,0.5167993167872056
2019-09-15,Bournemouth,Everton,H,1453.142832247384,1522.4174191609675,-4.274586913583562,0.49384868530542586
2019-09-15,Watford,Arsenal,D,1447.4752832626136,1564.2018425765875,-51.726559313973894,0.42610466914169176
2019-09-16,Aston Villa,West Ham,D,1481.6374214773018,1512.4150576564477,34.22236382085407,0.5490912781839176
2019-09-20,Southampton,Bournemouth,A,1469.0504432689984,1463.2658585412755,70.78458472772286,0.6004807953201532
2019-09-21,Burnley,Norwich,H,1457.363529883915,1499.4231578786814,22.940372005233485,0.5329659562940385
2019-09-21,Everton,Sheffield United,A,1512.294392867076,1487.2317083165547,90.06268455052145,0.6267834956649105
2019-09-21,Leicester,Tottenham,H,1508.453266271116,1546.1915452888525,27.26172098226357,0.5391524513696098
2019-09-21,Man City,Watford,H,1677.2486048615085,1448.9531898797798,293.29541498172875,0.844006272186456
2019-09-21,Newcastle,Brighton,D,1476.2910254662922,1417.2989264745424,123.9920989917498,0.6712305439526505
2019-09-22,Arsenal,Aston Villa,H,1562.7239359594214,1480.6555959136235,147.06834004579787,0.6998520463863016
2019-09-22,Chelsea,Liverpool,A,1575.3555418991568,1705.8519742546728,-65.49643235551594,0.406843961869155
2019-09-22,Crystal Palace,Wolves,D,1506.55339622919,1501.361325695823,70.19207053336686,0.599662255740694
2019-09-22,West Ham,Man United,H,1513.396883220126,1548.476411251063,29.9204719690631,0.5429528888401834
2019-09-28,Aston Villa,Burnley,D,1474.6526368413495,1466.7042107580342,72.94842608331533,0.6034652780314876
2019-09-28,Bournemouth,West Ham,D,1475.2754744476786,1522.5378254433224,17.73764900435617,0.5255043743876984
2019-09-28,Chelsea,Brighton,H,1567.2186626617738,1420.7235373535955,211.49512530817833,0.7716169186192198
2019-09-28,Crystal Palace,Norwich,H,1504.5601511143761,1490.0824770045622,79.47767410981396,0.612423376829131
2019-09-28,Everton,Man City,A,1499.7587229537778,1680.3684794177793,-115.60975646400152,0.3395044674008631
2019-09-28,Sheffield United,Liverpool,A,1499.767378229853,1713.9888534920558,-149.22147526220283,0.2975508538173427
2019-09-28,Tottenham,Southampton,H,1536.9745943162447,1457.0408273625953,144.9337669536494,0.6972646040352986
2019-09-28,Wolves,Watford,H,1503.354570810637,1445.833315323509,122.52125548712797,0.6693593757447046
2019-09-29,Leicester,Newcastle,H,1517.6702172437238,1472.8664145872392,109.80380265648455,0.6529612855866452
2019-09-30,Man United,Arsenal,D,1539.3354690278666,1568.7268950316954,35.60857399617112,0.5510661802478531
2019-10-05,Brighton,Tottenham,H,1416.15587572598,1543.0293022355388,-61.87342650955884,0.4118865137321596
2019-10-05,Burnley,Everton,H,1468.773516318664,1492.9686336057605,40.80488271290346,0.5584544290234611
2019-10-05,Liverpool,Leicester,H,1719.9398705684027,1524.6109915319907,260.328879036412,0.8173616209501645
2019-10-05,Norwich,Aston Villa,A,1482.3309445411448,1472.5833312807197,74.74761326042517,0.6059409696186165
2019-10-05,Watford,Sheffield United,D,1439.220502838403,1493.816361153506,10.404141684897013,0.5149682895413101
2019-10-05,West Ham,Crystal Palace,A,1523.0479129310763,1512.3116835777935,75.73622935328285,0.6072990080025329
2019-10-06,Arsenal,Bournemouth,H,1569.7482186366526,1474.7653869599246,159.98283167672798,0.7152326225269495
2019-10-06,Man City,Wolves,A,1687.1585687657966,1509.9673832957428,242.19118547005382,0.8012562549807581
2019-10-06,Newcastle,Man United,H,1465.9256402989722,1538.3141454229094,-7.388505123937193,0.4893686889714259
2019-10-06,Southampton,Chelsea,A,1450.9861194433013,1571.7863242893893,-55.800204846088036,0.4203804514092231
2019-10-19,Aston Villa,Brighton,H,1484.702150673092,1427.9181454513368,121.78400522175525,0.6684194407726902
2019-10-19,Bournemouth,Norwich,D,1469.0700394104636,1470.2121251487724,63.85791426169112,0.5908778881650426
2019-10-19,Chelsea,Newcastle,H,1580.1939333175737,1476.1382665195438,169.05566679802996,0.7257494311299487
2019-10-19,Crystal Palace,Man City,A,1524.457663737844,1671.1334436661814,-81.6757799283373,0.3845775263654539
2019-10-19,Everton,West Ham,H,1484.1377221862297,1510.9019327710257,38.23578941520395,0.5548046503987568
2019-10-19,Leicester,Burnley,H,1520.9582239509941,1477.6044277381948,108.35379621279935,0.6510674455014557
2019-10-19,Tottenham,Watford,D,1531.267032510182,1438.9211370475768,157.34589546260509,0.7121308802042804
2019-10-19,Wolves,Southampton,D,1525.992508395358,1442.5785104151169,148.41399798024122,0.7014766896635682
2019-10-20,Man United,Liverpool,D,1528.1015192023378,1723.5926381493994,-130.49111894706152,0.32056701324299425
2019-10-21,Sheffield United,Arsenal,H,1494.1157269443322,1575.4435661861137,-16.327839241781476,0.47651963384894785
2019-10-25,Southampton,Leicester,A,1446.6080442083883,1527.936875040965,-16.32883083257684,0.4765182099822823
2019-10-26,Brighton,Everton,H,1421.2865342667906,1493.0416291782544,-6.755094911463857,0.4902798617419882
2019-10-26,Burnley,Chelsea,A,1470.6257766482238,1585.6789446949747,-50.0531680467509,0.42846193230240764
2019-10-26,Man City,Aston Villa,H,1678.8249941934905,1491.3337618576384,252.49123233585215,0.8105298026894975
2019-10-26,Watford,Bournemouth,D,1443.1637546516624,1467.2524816471628,40.91127300449966,0.5586054389193956
2019-10-26,West Ham,Sheffield United,D,1501.998025779001,1504.5853342673533,62.41269151164761,0.5888652433361294
2019-10-27,Arsenal,Crystal Palace,D,1564.9739588630925,1516.766113210535,113.20784565255758,0.6573882136822767
2019-10-27,Liverpool,Tottenham,H,1720.0039784142593,1527.0244149060964,257.979563508163,0.8153341032573476
2019-10-27,Newcastle,Wolves,D,1470.6532551421428,1521.9629746020867,13.690280540056165,0.5196917069839472
2019-10-27,Norwich,Man United,A,1472.0296829120732,1531.6901789374779,5.339503974595345,0.5076835590043781
2019-11-02,Arsenal,Wolves,D,1561.826194589447,1522.3568087417657,104.46938584768122,0.6459706217119472
2019-11-02,Aston Villa,Liverpool,A,1487.5443579114283,1723.6972963491123,-171.15293843768404,0.2718541798148332
2019-11-02,Bournemouth,Man United,H,1468.4245904255506,1541.8438501175654,-8.419259692014748,0.48788608241349024
2019-11-02,Brighton,Norwich,H,1431.4809370319508,1461.8760117319857,34.60492529996509,0.5496364620467623
2019-11-02,Man City,Southampton,H,1682.6143981397006,1437.0776800087426,310.536718130958,0.8566319232112486
2019-11-02,Sheffield United,Burnley,H,1506.3626391340758,1462.0565380021756,109.30610113190028,0.6523117841829573
2019-11-02,Watford,Chelsea,A,1441.9916458732746,1594.248183341023,-87.25653746774833,0.37700289484598715
2019-11-02,West Ham,Newcastle,A,1500.2207209122785,1470.2594210024638,94.96129990981467,0.6333559695019396
2019-11-03,Crystal Palace,Leicester,A,1519.9138774841806,1537.4672392406108,47.44663824356985,0.5678598785739595
2019-11-03,Everton,Tottenham,D,1482.8472264130942,1523.3310969712434,24.516129441850808,0.5352231053897992
2019-11-08,Norwich,Watford,A,1452.868740972921,1434.4515879763549,83.41715299656607,0.6177922040793625
2019-11-09,Burnley,West Ham,H,1455.1027736858348,1487.5536015222397,32.54917216359513,0.5467054640535554
2019-11-09,Chelsea,Crystal Palace,H,1601.7882412379427,1508.5566799127014,158.23156132524127,0.7131749033395695
2019-11-09,Leicester,Arsenal,H,1548.82443681209,1558.906782155208,54.91765465688195,0.5783811643464046
2019-11-09,Newcastle,Bournemouth,H,1482.9265403925026,1478.6668687772808,69.2596716152218,0.5983730505612701
2019-11-09,Southampton,Everton,A,1434.2103184729676,1482.1427643052982,17.067554167669414,0.5245424460766581
2019-11-09,Tottenham,Sheffield United,D,1524.0355590790393,1513.3164034504166,75.71915562862273,0.6072755682446945
2019-11-10,Liverpool,Man City,H,1729.134379945409,1685.4817596754756,108.65262026993332,0.651458129637379
2019-11-10,Man United,Brighton,H,1531.6015717658352,1440.4882077910156,156.11336397481955,0.7106742110239521
2019-11-10,Wolves,Aston Villa,H,1525.2762211760046,1482.1072743151317,108.1689468608729,0.6508256707884787
2019-11-23,Arsenal,Southampton,D,1550.474405442136,1423.7194695514345,191.75493589070152,0.7509770707720371
2019-11-23,Bournemouth,Wolves,A,1470.6343297885062,1532.259707760235,3.374622028271233,0.504856318769373
2019-11-23,Brighton,Leicester,A,1434.7016920114947,1557.256813525162,-57.555121513667245,0.4179209625001991
2019-11-23,Crystal Palace,Liverpool,A,1502.8201779794929,1736.1052173526614,-168.2850393731685,0.27513439904709835
2019-11-23,Everton,Norwich,A,1492.6336132268314,1440.5128968913336,117.12071633549772,0.6624432028846217
2019-11-23,Man City,Chelsea,H,1678.510922268223,1607.5247431711512,135.98617909707195,0.6862831288858203
2019-11-23,Watford,Burnley,A,1446.8074320579422,1464.1686644047636,47.63876765317855,0.5681312616012406
2019-11-23,West Ham,Tottenham,A,1478.4877108033108,1521.8900477141453,21.597663089165508,0.531041561875172
2019-11-24,Sheffield United,Man United,D,1515.4619148153106,1537.388087545356,43.07382726995456,0.5616725712675613
2019-11-25,Aston Villa,Newcastle,H,1475.1237877309013,1490.9590793812772,49.16470834962411,0.5702851896139397
2019-11-30,Burnley,Crystal Palace,A,1475.5312896367884,1497.3174899985509,43.21379963823756,0.5618709331714239
2019-11-30,Chelsea,West Ham,A,1601.2504057488675,1467.8668795658075,198.38352618305998,0.7580443366007659
2019-11-30,Liverpool,Brighton,H,1741.6079053336034,1426.3432727614907,380.26463257211276,0.8992554633891305
2019-11-30,Newcastle,Man City,D,1482.364783173556,1684.7852596905068,-137.42047651695088,0.3119420025462044
2019-11-30,Southampton,Watford,H,1428.7390109668752,1435.4448068259173,58.294204140957845,0.583113637608502
2019-11-30,Tottenham,Bournemouth,H,1532.5108789516487,1460.5372034131187,136.97367553852996,0.6875056929453992
2019-12-01,Leicester,Everton,H,1565.615232775166,1479.384749169139,151.23048360602706,0.704860678475737
2019-12-01,Man United,Aston Villa,D,1538.6215389707072,1483.7180839386226,119.9034550320846,0.666015813985666
2019-12-01,Norwich,Arsenal,D,1453.761760949026,1545.4548640266953,-26.69310307766932,0.4616609415104945
2019-12-01,Wolves,Sheffield United,D,1542.3568341356224,1514.2284633899594,93.128370745663,0.6309023831842573
2019-12-03,Burnley,Man City,A,1464.2938709733598,1681.024099741431,-151.73022876807113,0.29454121507585124
2019-12-03,Crystal Palace,Bournemouth,H,1508.5549086619794,1454.2873172720267,119.26759138995271,0.6652011216340087
2019-12-04,Chelsea,Aston Villa,H,1586.0895190168521,1487.038400218336,164.0511187985162,0.7199783361053249
2019-12-04,Leicester,Watford,H,1571.5180192056514,1427.1070795780875,209.41093962756395,0.7694957748300633
2019-12-04,Liverpool,Everton,H,1743.6227960658207,1473.4819627386537,335.140833327167,0.8731636937137228
2019-12-04,Man United,Tottenham,H,1535.3012226909939,1538.7607650927407,61.54045759825317,0.5876491086118335
2019-12-04,Southampton,Norwich,H,1437.076738214705,1454.5285421188162,47.5481960958889,0.5680033342508674
2019-12-04,Wolves,West Ham,H,1539.7387864719374,1483.0277662978228,121.71102017411454,0.6683263174527619
2019-12-05,Arsenal,Brighton,A,1544.688082856905,1424.3283820292734,185.35970082763174,0.7440290674503853
2019-12-05,Sheffield United,Newcastle,A,1516.8465110536445,1486.1259431226317,95.72056793101274,0.6343703234950222
2019-12-07,Bournemouth,Liverpool,A,1447.5913397047068,1746.1595221915463,-233.56818248683953,0.206766656553794
2019-12-07,Everton,Chelsea,H,1470.945236612928,1591.6899522947456,-55.744715681817524,0.42045828381584627
2019-12-07,Man City,Man United,A,1686.914924042948,1543.5482405187572,208.36668352419088,0.7684278254529302
2019-12-07,Tottenham,Burnley,H,1530.5137472649774,1458.4030466718427,137.11070059313465,0.6876751305642594
2019-12-07,Watford,Crystal Palace,D,1422.4969950746888,1515.2508862292993,-27.75389115461053,0.4601436803548545
2019-12-08,Aston Villa,Leicester,A,1481.4379669404425,1576.12810370905,-29.690136768607545,0.45737616260147756
2019-12-08,Brighton,Wolves,D,1439.2089633782812,1546.3722601228822,-42.163296744600984,0.43961826597307946
2019-12-08,Newcastle,Southampton,H,1498.8133495925322,1445.7166715296878,118.09667806284438,0.6636983270282002
2019-12-08,Norwich,Sheffield United,A,1445.8886088038334,1504.159104583744,6.729504220089439,0.5096833241582507
2019-12-09,West Ham,Arsenal,A,1476.394292646878,1529.8075015078973,11.586791138980743,0.5166685537877849
2019-12-14,Burnley,Newcastle,H,1452.156549283128,1505.5393830519681,11.6171662311599,0.5167122183506412
2019-12-14,Chelsea,Bournemouth,A,1580.0991179710625,1443.456006573631,201.64311139743154,0.7614691588496338
2019-12-14,Leicester,Norwich,D,1585.2756269610795,1435.6949423206684,214.58068464041116,0.7747318875469117
2019-12-14,Liverpool,Watford,H,1750.2948553226222,1423.2941214675918,392.0007338550304,0.9052129664920854
2019-12-14,Sheffield United,Aston Villa,H,1514.352771066909,1472.290443688413,107.0623273784961,0.6493766420846999
2019-12-14,Southampton,West Ham,A,1438.9906380702519,1466.0609215711224,37.92971649912943,0.5543694260985329
2019-12-15,Arsenal,Man City,A,1540.140872583653,1671.5463675338895,-66.40549495023652,0.4055817459144417
2019-12-15,Man United,Everton,D,1558.9167970278158,1482.5360709366112,141.38072609120468,0.6929299215857997
2019-12-15,Wolves,Tottenham,A,1545.1646254423438,1536.760244653692,73.40438078865168,0.6040931812885543
2019-12-16,Crystal Palace,Brighton,D,1514.4537598363963,1440.4165980588195,139.03716177757678,0.6900519624866952
2019-12-21,Aston Villa,Southampton,A,1465.277976530107,1427.903249548281,102.37472698182592,0.6432082579370534
2019-12-21,Bournemouth,Burnley,A,1458.6853897506237,1461.8223049161152,61.86308483450853,0.5880990655269497
2019-12-21,Brighton,Sheffield United,A,1444.2176373085535,1521.365238225215,-12.147600916661531,0.4825253170921341
2019-12-21,Everton,Arsenal,D,1486.3946693683272,1532.029237665364,19.36543170296318,0.5278402715582096
2019-12-21,Man City,Leicester,H,1679.6580024521784,1579.7809892101413,164.87701324203704,0.7209358311285673
2019-12-21,Newcastle,Crystal Palace,H,1495.873627418981,1510.6527205866623,50.22090683231863,0.5717745053094189
2019-12-21,Norwich,Wolves,A,1441.1895800716065,1533.0827618165727,-26.893181744966114,0.46137471076465336
2019-12-22,Tottenham,Chelsea,A,1548.8421082794632,1564.8697347940697,48.97237348539352,0.5700138458278303
2019-12-22,Watford,Man United,H,1421.3983807974334,1555.0581985960998,-68.65981779866638,0.40245707371180817
2019-12-26,Aston Villa,Norwich,H,1452.413811371366,1431.9620858563135,85.45172551505243,0.6205538446214831
2019-12-26,Bournemouth,Arsenal,D,1446.9234084400848,1532.586043096528,-20.662634656443288,0.4702990865456846
2019-12-26,Chelsea,Southampton,A,1576.2700117106262,1440.7674147070222,200.50259700360402,0.7602746264680433
2019-12-26,Crystal Palace,West Ham,H,1502.0882106928507,1477.1483100930932,89.9399005997575,0.6266181417069179
2019-12-26,Everton,Burnley,H,1485.837863937163,1473.584286226654,77.25357771050903,0.6093801224942261
2019-12-26,Leicester,Liverpool,A,1574.1997058327127,1752.1905959927806,-112.99089016006792,0.34289312916397063
2019-12-26,Man United,Newcastle,H,1543.107340070336,1504.4381373127926,103.66920275754342,0.6449165055450615
2019-12-26,Sheffield United,Watford,D,1531.0157445670577,1433.3492393231973,162.66650524386046,0.718368598223079
2019-12-26,Tottenham,Brighton,H,1537.4418313629067,1434.567130966711,167.87470039619575,0.7243942641102343
2019-12-27,Wolves,Man City,H,1542.3102560318657,1685.239285829607,-77.92902979774135,0.3896947370805207
2019-12-28,Brighton,Bournemouth,H,1429.0550162489155,1447.517426709171,46.53758953974443,0.5665752964327342
2019-12-28,Burnley,Man United,A,1465.7718886765385,1550.2090099594348,-19.437121282896214,0.47205687988515505
2019-12-28,Newcastle,Everton,A,1497.3364674236939,1493.6502614872786,68.68620593641526,0.5975794560364065
2019-12-28,Norwich,Tottenham,D,1424.3731627487432,1542.953946080702,-53.580783331958855,0.42349659247969007
2019-12-28,Southampton,Crystal Palace,D,1455.972907236383,1509.5558478587122,11.41705937767074,0.5164245576593366
2019-12-28,Watford,Aston Villa,H,1437.716611287659,1460.0027344789362,42.713876808722716,0.5611623769214691
2019-12-28,West Ham,Leicester,A,1469.6806729272316,1567.3418432494332,-32.66117032220154,0.45313476883396725
2019-12-29,Arsenal,Chelsea,A,1531.9920248274418,1561.0645191812655,35.927505646176314,0.5515203294573335
2019-12-29,Liverpool,Wolves,H,1759.04845857606,1554.5163612902554,269.53209728580464,0.8251376998243405
2019-12-29,Man City,Sheffield United,H,1673.0331805712174,1526.648372602596,211.38480796862132,0.771504990282825
2020-01-01,Arsenal,Man United,H,1520.9616182382952,1559.6501475571379,26.31147068115729,0.5377930286698769
2020-01-01,Brighton,Chelsea,D,1437.7235103202609,1572.0949257704121,-69.37141545015129,0.4014723718082236
2020-01-01,Burnley,Aston Villa,A,1456.3307510788354,1451.2259820173656,70.10476906146982,0.5995416043705414
2020-01-01,Man City,Everton,H,1677.603080765561,1505.6018506080068,237.00123015755412,0.796455847700608
2020-01-01,Newcastle,Leicester,A,1485.3848783029657,1576.4045386261125,-26.01966032314681,0.4626245473305642
2020-01-01,Norwich,Crystal Palace,D,1425.9032308991493,1509.8843390118989,-18.981108112749553,0.47271113353973865
2020-01-01,Southampton,Tottenham,H,1455.6444160831963,1541.423877930296,-20.779461847099583,0.4701315553080571
2020-01-01,Watford,Wolves,H,1446.4933637492295,1551.0191152867421,-39.52575153751263,0.44336200261604075
2020-01-01,West Ham,Bournemouth,H,1460.6179775505523,1438.8489326378258,86.76904491272649,0.622337773327891
2020-01-02,Liverpool,Sheffield United,H,1762.5457045795733,1522.0784724082525,305.4672321713208,0.8530105046058327
2020-01-10,Sheffield United,West Ham,H,1519.1386825003692,1468.1712220839945,115.9674604163747,0.6609571170384206
2020-01-11,Chelsea,Burnley,H,1570.1243732065766,1444.3399189914246,190.78445421515198,0.7499308646207348
2020-01-11,Crystal Palace,Arsenal,D,1509.3385616826936,1530.2057576648976,44.132804017795934,0.5631728066274119
2020-01-11,Everton,Brighton,H,1501.530967562019,1439.6940628840964,126.83690467792258,0.6748342197276596
2020-01-11,Leicester,Southampton,A,1585.6570295727238,1466.2417849770352,184.4152445956886,0.7429922707993323
2020-01-11,Man United,Norwich,H,1550.4060081305354,1426.4490082283546,188.95699990218077,0.7479528801508771
2020-01-11,Tottenham,Liverpool,A,1530.826509036457,1765.4854944874567,-169.65898545099958,0.27355985863515636
2020-01-11,Wolves,Newcastle,D,1539.886355339063,1476.1323873563545,128.75396798270845,0.67725108572284
2020-01-12,Aston Villa,Man City,A,1463.2168141047764,1681.6739638115487,-153.45714970677227,0.2924798439878447
2020-01-12,Bournemouth,Watford,A,1431.2956881043835,1457.6261236969087,38.66956440747481,0.5554213181906945
2020-01-18,Arsenal,Sheffield United,D,1531.469213797446,1525.9195401596007,70.54967363784522,0.6001563399640625
2020-01-18,Brighton,Aston Villa,D,1433.1907472786495,1457.3672172250194,40.823530053630066,0.5584808977563188
2020-01-18,Man City,Crystal Palace,D,1687.5235606913056,1508.0751055501453,244.44845514116037,0.8033173652936817
2020-01-18,Newcastle,Chelsea,H,1479.6774090708113,1575.1257559141618,-30.448346843350464,0.4562931433748749
2020-01-18,Norwich,Bournemouth,H,1421.4080658313721,1420.1872617405697,66.2208040908024,0.5941619147852639
2020-01-18,Southampton,Wolves,A,1481.1016303930219,1536.341333624606,9.760296768415856,0.5140425023132963
2020-01-18,Watford,Tottenham,D,1468.7345500607225,1525.355311863754,8.379238196968572,0.5120563556728389
2020-01-18,West Ham,Everton,D,1461.390364424763,1508.034283167466,18.35608125729709,0.5263919727421282
2020-01-19,Burnley,Leicester,H,1439.3385362838394,1570.797184156737,-66.4586478728977,0.40550798252992615
2020-01-19,Liverpool,Man United,H,1770.9566916601598,1555.4469505275179,280.5097411326419,0.8340689692028564
2020-01-21,Aston Villa,Watford,H,1458.5368351801458,1468.4934229472658,55.04341223287997,0.5785576865498842
2020-01-21,Bournemouth,Brighton,H,1412.070500036275,1432.0211293235232,45.04937071275185,0.5644703604277207
2020-01-21,Chelsea,Arsenal,D,1564.2516187816593,1529.4660869981647,99.78553178349466,0.6397805262826757
2020-01-21,Crystal Palace,Southampton,A,1514.141452856019,1470.820780346756,108.32067250926298,0.6510241268862019
2020-01-21,Everton,Newcastle,D,1508.5621226223084,1490.5515462033138,83.01057641899456,0.6172394148596033
2020-01-21,Sheffield United,Man City,A,1527.922666958882,1681.457213385432,-88.53454642654992,0.3752765579544943
2020-01-22,Leicester,West Ham,H,1558.9073438073356,1460.8625249699205,163.04481883741505,0.7188089800702343
2020-01-22,Man United,Burnley,A,1552.128329911575,1451.228376633241,165.89995327833412,0.7221189834664667
2020-01-22,Tottenham,Norwich,H,1525.5964389772107,1429.5248275356669,161.07161144154384,0.7165074353153931
2020-01-23,Wolves,Liverpool,A,1546.622183670872,1774.2753122761026,-162.65312860523068,0.2816469807350939
2020-01-29,West Ham,Liverpool,A,1455.2387045713251,1779.9082518908044,-259.6695473194793,0.18320564780129667
2020-02-01,Bournemouth,Aston Villa,H,1420.7810928277206,1466.9656814491482,18.815411378572435,0.5270511138191363
2020-02-01,Crystal Palace,Sheffield United,A,1501.120970318295,1520.417135799792,45.703834518502845,0.5653963246462359
2020-02-01,Leicester,Chelsea,D,1564.531164205931,1561.4560082560058,68.07515594992515,0.5967332874836456
2020-02-01,Liverpool,Southampton,H,1783.5723648468304,1483.84126288448,364.7311019623503,0.8908605026002447
2020-02-01,Man United,Wolves,D,1537.6859502422458,1540.98924405617,61.696706186075744,0.5878670413884663
2020-02-01,Newcastle,Norwich,D,1492.8963345005059,1423.8549762419748,134.0413582585311,0.6838677870002587
2020-02-01,Watford,Everton,A,1460.0645766782634,1506.2173343251163,18.847242353147067,0.527096787963651
2020-02-01,West Ham,Brighton,D,1451.5745916152991,1423.3105365320775,93.26405508322159,0.6310842462055303
2020-02-02,Burnley,Arsenal,D,1465.6707563025702,1532.2616975238182,-1.590941221247931,0.49771046753995923
2020-02-02,Tottenham,Man City,H,1531.2662902709028,1688.962744544522,-92.69645427361911,0.36967677876336097
2020-02-08,Brighton,Watford,D,1425.9322214561882,1449.5226409189904,41.409580537197826,0.5593125896372302
2020-02-08,Everton,Crystal Palace,H,1516.7592700843893,1489.8130438253702,91.94622625901911,0.6293163399332485
2020-02-09,Sheffield United,Bournemouth,H,1531.7250622927168,1430.2400705513378,166.48499174137896,0.7227942614630691
2020-02-14,Wolves,Leicester,D,1542.7465848839395,1562.5964984562581,45.150086427681345,0.564612886904951
2020-02-15,Norwich,Liverpool,A,1427.53233198198,1785.7551547948256,-293.2228228128456,0.156048752896875
2020-02-15,Southampton,Burnley,A,1481.658472936485,1465.716546951771,80.94192598471386,0.6144221656243101
2020-02-16,Arsenal,Newcastle,H,1532.2159068746173,1489.2189787605007,107.9969281141166,0.6506006082099305
2020-02-16,Aston Villa,Tottenham,A,1457.506703725531,1543.8727546956356,-21.366050970104652,0.4692904837437971
2020-02-17,Chelsea,Man United,A,1563.3906740056786,1535.9286094144763,92.4620645912023,0.6300087680697023
2020-02-19,Man City,West Ham,H,1676.356280119789,1448.9529066911884,292.4033734286006,0.8433290042970123
2020-02-22,Burnley,Bournemouth,H,1478.0049902642572,1424.6959557805992,118.30903448365802,0.663971120450086
2020-02-22,Chelsea,Tottenham,H,1550.7904986442845,1553.2585643705115,62.531934273773004,0.5890314166695094
2020-02-22,Crystal Palace,Newcastle,H,1482.399370624035,1482.2309909246994,65.16837969933567,0.5927002401842622
2020-02-22,Leicester,Man City,A,1563.8887561943573,1679.4897000338487,-50.60094383949149,0.4276899317308113
2020-02-22,Sheffield United,Brighton,D,1537.2691770634553,1424.7459696634437,177.52320740001164,0.7353436458264179
2020-02-22,Southampton,Aston Villa,H,1469.3700296239988,1448.1208940506551,86.24913557334366,0.6216340989407111
2020-02-23,Arsenal,Everton,H,1539.2038947104186,1524.1729432857244,80.0309514246942,0.6131790814072607
2020-02-23,Man United,Watford,H,1548.5287847758705,1450.708892711735,162.8198920641355,0.7185472010799249
2020-02-23,Wolves,Norwich,H,1541.4543271458404,1424.4113569240424,182.042970221798,0.7403759690544531
2020-02-24,Liverpool,West Ham,H,1788.8761298527631,1445.8194867771288,408.0566430756344,0.912851754727098
2020-02-28,Norwich,Leicester,H,1419.2188763051315,1555.334957559741,-71.11608125460953,0.3990614971402861
2020-02-29,Bournemouth,Chelsea,D,1417.9753781896009,1559.0098703108943,-76.0344921212934,0.3922916001369005
2020-02-29,Brighton,Crystal Palace,A,1429.452842579972,1490.5453658203498,3.9074767596221136,0.5056230740072005
2020-02-29,Newcastle,Burnley,D,1474.0849957283847,1484.7255678552556,54.35942787312911,0.5775973566214687
2020-02-29,Watford,Liverpool,H,1445.0798367333334,1790.619094758221,-280.53925802488766,0.16590751654069902
2020-02-29,West Ham,Southampton,H,1444.0765218716708,1476.9373476451847,32.13917422648615,0.5461205137894685
2020-03-01,Everton,Man United,D,1516.4365249138696,1554.157840754272,27.27868415959756,0.5391767135654953
2020-03-01,Tottenham,Wolves,A,1545.0391927039018,1546.6468077647512,63.39238493915059,0.5902299121241799
2020-03-07,Arsenal,West Ham,H,1546.9403130822734,1453.1541115958814,158.78620148639197,0.7138275593693698
2020-03-07,Burnley,Tottenham,D,1486.277514987685,1533.2345944614183,18.0429205262667,0.5259425326060868
2020-03-07,Crystal Palace,Watford,H,1500.6578273004939,1461.7616864025194,103.89614089797442,0.6452156044995101
2020-03-07,Liverpool,Bournemouth,H,1773.937245089035,1420.1295461868629,418.8076989021722,0.9176510060471722
2020-03-07,Sheffield United,Norwich,H,1532.562304146927,1431.237646362326,166.3246577846012,0.7226092973807092
2020-03-07,Southampton,Newcastle,A,1467.859757920974,1472.5330485959553,60.32670932501878,0.5859550297815561
2020-03-07,Wolves,Brighton,D,1558.4514060072347,1419.340381099828,204.11102490740677,0.7640399393324206
2020-03-08,Chelsea,Everton,H,1556.8557023136323,1515.6529906425596,106.20271167107262,0.6482491388516671
2020-03-08,Man United,Man City,H,1554.941375025582,1688.043498668465,-68.10212364288304,0.403229356065414
2020-03-09,Leicester,Aston Villa,H,1543.3161875025467,1440.5535760294692,167.7626114730774,0.7242654259488311
2020-06-17,Aston Villa,Sheffield United,D,1435.0388845484458,1538.1101181993129,-38.07123365086704,0.445429331372065
2020-06-17,Man City,Arsenal,H,1676.1080857897732,1552.663761894886,188.44432389488725,0.7473961147124321
2020-06-19,Norwich,Southampton,A,1425.6898323099401,1456.140657325343,34.54917498459713,0.5495570203159047
2020-06-19,Tottenham,Man United,D,1533.75344511354,1566.8767879042737,31.87665720926634,0.5457459098070188
2020-06-20,Bournemouth,Crystal Palace,A,1418.4825663078063,1507.7535152105036,-24.270948902697228,0.46512800412202004
2020-06-20,Brighton,Arsenal,H,1424.6211798864763,1547.6116841891346,-57.99050430265834,0.41731140663905236
2020-06-20,Watford,Leicester,D,1454.6659984925097,1548.83087898357,-29.16488049106033,0.4581266700165629
2020-06-20,West Ham,Wolves,A,1447.4306627832689,1553.1706072205864,-40.73994443731749,0.44163774938525546
2020-06-21,Aston Villa,Chelsea,A,1436.1302979210045,1563.890719536599,-62.760421615594396,0.41065022661978134
2020-06-21,Everton,Liverpool,D,1508.617973419593,1775.5842249680916,-201.96625154849858,0.23819314028222097
2020-06-21,Newcastle,Sheffield United,H,1484.2521491915863,1537.0187048267542,12.233444364832167,0.517598069595146
2020-06-22,Man City,Burnley,H,1681.1601634955246,1485.7586643355633,260.4014991599613,0.8174240176107025
2020-06-23,Leicester,Brighton,D,1547.9934123839014,1436.2749517536952,176.7184606302062,0.7344411180642773
2020-06-23,Tottenham,West Ham,H,1532.8385269173996,1438.5979077955637,159.24061912183583,0.7143616179489123
2020-06-24,Liverpool,Crystal Palace,H,1770.348087773736,1517.056075292944,318.2920124807922,0.8620278954766805
2020-06-24,Man United,Sheffield United,H,1567.791706100414,1527.370666218657,105.421039881757,0.6472224323256119
2020-06-24,Newcastle,Aston Villa,D,1493.9001877996834,1427.9172933886089,130.98289441107454,0.680049251294898
2020-06-24,Norwich,Everton,A,1414.6986919036221,1513.8541106139485,-34.15541871032633,0.4510041366617755
2020-06-24,Wolves,Bournemouth,H,1562.0033622082915,1409.180006225366,217.82335598292548,0.7779728631750961
2020-06-25,Burnley,Watford,H,1482.1071446877772,1455.5034650921784,91.6036795955988,0.628856233288536
2020-06-25,Chelsea,Man City,H,1572.1037240689946,1684.8116831433106,-47.70795907431602,0.43177101543892377
2020-06-25,Southampton,Arsenal,A,1467.131797731661,1535.9579123219157,-3.826114590254747,0.4944940010639364
2020-06-27,Aston Villa,Wolves,A,1431.5182784145068,1566.4439049447897,-69.9256265302829,0.4007060099035545
2020-06-28,Watford,Southampton,A,1448.0805897579492,1457.2419177103823,55.83867204756689,0.5796735026553659
2020-06-29,Crystal Palace,Burnley,A,1514.2966332024776,1489.5300200220065,89.76661318047104,0.6263847240370876
2020-06-30,Brighton,Man United,A,1440.9637741149807,1574.8472574539019,-68.88348333892122,0.40214748233805087
2020-07-01,Arsenal,Norwich,H,1545.8477923431944,1405.6786091703866,205.16918317280783,0.7651363206257366
2020-07-01,Bournemouth,Newcastle,A,1404.7394634888678,1490.2992027737855,-20.55973928491767,0.4704466449742972
2020-07-01,Everton,Leicester,H,1522.874193347184,1543.304590022616,44.56960332456811,0.5637912782426284
2020-07-01,West Ham,Chelsea,H,1432.885140154542,1583.468303760216,-85.58316360567414,0.3792680131282158
2020-07-02,Man City,Liverpool,H,1673.447103452089,1773.1075298642024,-34.66042641211334,0.45028445383988724
2020-07-02,Sheffield United,Tottenham,H,1520.3151148651693,1538.5512945584214,46.7638203067479,0.5668950688114893
2020-07-04,Chelsea,Watford,H,1571.0536640227804,1436.487119704842,199.56654431793845,0.7592911840335644
2020-07-04,Leicester,Crystal Palace,H,1534.5804155874685,1501.7689387217358,97.81147686573263,0.6371575229897163
2020-07-04,Man United,Bournemouth,H,1582.8902071006628,1395.3305305893819,252.55967651128094,0.8105903017947153
2020-07-04,Norwich,Brighton,A,1400.9813355829012,1432.9208244682197,33.0605111146815,0.5474348182010321
2020-07-04,Wolves,Arsenal,A,1574.4580251428608,1550.5450659306798,88.91295921218102,0.6252339971120642
2020-07-05,Burnley,Sheffield United,D,1502.0577145027482,1528.9772134889395,38.08050101380877,0.5545838465311173
2020-07-05,Liverpool,Aston Villa,H,1762.1132189410002,1423.5041582164356,403.60906072456464,0.9107933558532945
2020-07-05,Newcastle,West Ham,D,1499.7081356732715,1445.2997798919776,119.40835578129395,0.6653815593476384
2020-07-05,Southampton,Man City,H,1468.8353877634895,1684.4414143752913,-150.60602661180178,0.29588767719919024
2020-07-06,Tottenham,Everton,H,1529.8891959346513,1531.5983677823315,63.29082815231982,0.5900885122529085
2020-07-07,Arsenal,Leicester,D,1563.049745872921,1541.837265127674,86.21248074524692,0.621584468875197
2020-07-07,Crystal Palace,Chelsea,A,1494.5120891815302,1575.867840342109,-16.355751160578848,0.47647955410412096
2020-07-07,Watford,Norwich,H,1431.6729433855132,1390.0326392188806,106.64030416663263,0.6488233085905805
2020-07-08,Brighton,Liverpool,A,1443.8695208322404,1763.8973518239343,-255.02783099169392,0.1872379366956072
2020-07-08,Man City,Newcastle,H,1670.359167919275,1496.4005044863188,238.9586634329562,0.7982764291195424
2020-07-08,Sheffield United,Wolves,H,1530.0688904195617,1561.9533452006197,33.11554521894209,0.5475133046398563
2020-07-08,West Ham,Burnley,A,1448.6074110789302,1500.966037572126,12.641373506804257,0.5181843750950511
2020-07-09,Aston Villa,Man United,A,1421.7200253335016,1586.6784010647684,-99.95837573126687,0.3599902034979598
2020-07-09,Bournemouth,Tottenham,D,1391.5423366252762,1538.0874256895931,-81.54508906431693,0.3847555984622542
2020-07-09,Everton,Southampton,D,1523.4001380273896,1482.9176342195058,105.48250380788386,0.6473032130777004
2020-07-11,Brighton,Man City,A,1440.1247620983281,1674.3936393368842,-169.26887723855612,0.27400635066336404
2020-07-11,Liverpool,Burnley,D,1767.6421105578465,1511.329725074027,321.3123854838195,0.8640828060807854
2020-07-11,Norwich,West Ham,A,1383.0091053906922,1438.2437235770292,9.765381813662998,0.5140498145064791
2020-07-11,Sheffield United,Chelsea,H,1539.1186243267646,1585.3974314241914,18.721192902573193,0.5269159174350707
2020-07-11,Watford,Newcastle,H,1438.6964772137017,1492.3660330687096,11.330444144992043,0.5163000418071428
2020-07-12,Aston Villa,Crystal Palace,H,1414.5202212635425,1484.9824980994479,-5.4622768359054135,0.4921397993357229
2020-07-12,Bournemouth,Leicester,H,1393.8472246560311,1544.268954505178,-85.42172984914691,0.37948681402077106
2020-07-12,Tottenham,Arsenal,H,1535.7825376588382,1560.618056495417,40.164481163421215,0.5575452185124602
2020-07-12,Wolves,Everton,H,1552.9036112934168,1520.4540737658356,97.44953752758124,0.6366757079070943
2020-07-13,Man United,Southampton,D,1593.8782051347275,1485.8636984810598,173.0145066536677,0.7302618627809024
2020-07-14,Chelsea,Norwich,H,1575.935749772893,1372.7281091005625,268.2076406723304,0.8240349122724832
2020-07-15,Arsenal,Liverpool,H,1551.7689608656663,1760.3604544362308,-143.59149357056458,0.30436889091151414
2020-07-15,Burnley,Wolves,D,1518.6113811956427,1560.170097135275,23.441284060367707,0.5336836243360894
2020-07-15,Man City,Bournemouth,H,1679.8737663501515,1406.2574883756158,338.6162779745357,0.8753628734207589
2020-07-15,Newcastle,Tottenham,A,1482.6920339048525,1544.631633288589,3.0604006162634505,0.504404156617337
2020-07-16,Crystal Palace,Man United,A,1474.8252940861623,1589.2729678791095,-49.44767379294717,0.4293156828417916
2020-07-16,Everton,Aston Villa,D,1513.1875879239774,1424.677425276828,153.5101626471494,0.7075833018665657
2020-07-16,Leicester,Sheffield United,H,1531.8586907855934,1548.580305978063,48.2783848075303,0.5690344260491489
2020-07-16,Southampton,Brighton,D,1490.4689357366778,1434.6446350850608,120.82430065161702,0.6671938808304662
2020-07-17,West Ham,Watford,H,1448.5247198671589,1448.3704763775588,65.15424348960005,0.5926805956738105
2020-07-18,Norwich,Burnley,A,1369.2088073460122,1517.9377087089208,-83.72890136290857,0.3817841432603825
2020-07-19,Bournemouth,Southampton,A,1403.764745844031,1487.1250581200686,-18.360312276037575,0.47360195530097854
2020-07-19,Tottenham,Leicester,H,1554.7197164209358,1540.4780022646103,79.24171415632554,0.6121009214765183
2020-07-20,Brighton,Newcastle,D,1437.98851270167,1472.6039507725056,30.38456192916442,0.543615762705313
2020-07-20,Sheffield United,Everton,A,1539.9609944990461,1509.035921886646,95.92507261240007,0.6346433309488181
2020-07-20,Wolves,Crystal Palace,H,1560.843769621997,1466.2389804293266,159.6047891926703,0.7147891801944374
2020-07-21,Aston Villa,Arsenal,H,1428.8290913141593,1565.6815830474359,-71.85249173327657,0.3980453442086555
2020-07-21,Watford,Man City,A,1440.224088291035,1682.3665088817363,-177.14242059070125,0.26508316378007096
2020-07-22,Liverpool,Chelsea,H,1746.4478322544612,1579.4550515274432,231.99278072701804,0.791741985319778
2020-07-22,Man United,West Ham,D,1597.8592815359452,1456.6711079536826,206.1881735822626,0.7661887775392153
2020-07-26,Arsenal,Watford,H,1553.642489931609,1434.9224250154336,183.72006491617526,0.7422273698847637
2020-07-26,Burnley,Brighton,A,1525.5733915741284,1437.1161974475638,153.45719412656467,0.7075202089257124
2020-07-26,Chelsea,Wolves,H,1575.2898912338387,1566.547986018108,73.74190521573064,0.6045577712897419
2020-07-26,Crystal Palace,Tottenham,D,1460.5347640332154,1562.4776979914054,-36.94293395819,0.4470343064944969
2020-07-26,Everton,Bournemouth,A,1521.7287885056223,1394.2927067380115,192.43608176761086,0.7517096154512689
2020-07-26,Leicester,Man United,A,1532.7200206941407,1592.5355059851609,5.184514708979805,0.5074605626799119
2020-07-26,Man City,Norwich,H,1687.6681721573377,1361.5731244808046,391.0950476765331,0.9047646852056628
2020-07-26,Newcastle,Liverpool,A,1473.476266026612,1750.6129925480657,-212.13672652145374,0.22773287594716798
2020-07-26,Southampton,Sheffield United,H,1496.5970972260882,1527.2681278800699,34.32896934601831,0.549243212367182
2020-07-26,West Ham,Aston Villa,D,1461.994883504467,1440.8681844299863,86.12669907448071,0.6214683118793295
2020-09-12,Crystal Palace,Southampton,H,1461.5940779033256,1505.6122329787445,20.981844924581083,0.5301586478877633
2020-09-12,Fulham,Arsenal,A,1386.573708576701,1558.7979425339136,-107.22423395721262,0.3504111814495818
2020-09-12,Liverpool,Leeds,H,1755.167650067009,1500.0,320.16765006700894,0.863307037470422
2020-09-12,West Ham,Newcastle,A,1459.5655172668803,1468.9216085076687,55.64390875921163,0.5794003082738699
2020-09-13,Tottenham,Everton,A,1561.4183841212953,1506.6945961965969,119.7237879246984,0.6657857178872406
2020-09-13,West Brom,Leicester,A,1500.0,1522.5708094405425,42.42919055945754,0.5607587705408551
2020-09-14,Brighton,Chelsea,A,1451.266601626078,1583.198735808044,-66.93213418196592,0.40485108677933357
2020-09-14,Sheffield United,Wolves,A,1518.2529921274136,1558.6391414439029,24.61385068351069,0.5353630368740894
2020-09-19,Arsenal,West Ham,H,1565.8061661629051,1447.9775111014028,182.82865506150233,0.7412443867028196
2020-09-19,Everton,West Brom,H,1520.0103105543417,1488.7848245891828,96.2254859651589,0.6350442165626203
2020-09-19,Leeds,Fulham,H,1497.2661407494084,1379.5654849477094,182.70065580169899,0.7411030380941385
2020-09-19,Man United,Crystal Palace,A,1602.684717238759,1470.9909049455703,196.69381229318878,0.7562558435324563
2020-09-20,Chelsea,Liverpool,A,1591.2957575436305,1757.9015093176006,-101.60575177397004,0.3578082461469706
2020-09-20,Leicester,Burnley,H,1533.7859848513597,1511.4229873956142,87.36299745574547,0.6231410314258364
2020-09-20,Newcastle,Brighton,A,1480.5096146731462,1443.1695798904914,102.34003478265481,0.643162426196233
2020-09-20,Southampton,Tottenham,A,1496.2154059364998,1548.1026697635505,13.112736172949326,0.5188617894223544
2020-09-21,Aston Villa,Sheffield United,H,1443.297550667573,1507.5457313899317,0.7518192776412889,0.5010819532245763
2020-09-21,Wolves,Man City,A,1569.3464021813847,1689.5728784532246,-55.22647627183983,0.4211853877485302
2020-09-26,Brighton,Man United,A,1456.0328284144161,1587.5596003681098,-66.5267719536937,0.4054134490402931
2020-09-26,Burnley,Southampton,A,1503.885808024131,1485.8381701480528,83.04763787607817,0.61728981690761
2020-09-26,Crystal Palace,Everton,A,1486.1160218162195,1527.3094262230893,23.80659559313017,0.5342069267074215
2020-09-26,West Brom,Chelsea,D,1481.4857089204352,1584.139592620691,-37.65388370025585,0.4460228693379515
2020-09-27,Man City,Leicester,A,1697.9965862081951,1541.323164222843,221.6734219853522,0.7817774665152492
2020-09-27,Sheffield United,Leeds,A,1497.5673704544233,1502.4440799875256,60.12329046689774,0.5856709094099534
2020-09-27,Tottenham,Newcastle,D,1558.4799055519975,1467.6463661492214,155.83353940277607,0.7103428918588043
2020-09-27,West Ham,Wolves,H,1442.8023988354591,1560.9226944264142,-53.12029559095504,0.42414390408904806
2020-09-28,Fulham,Aston Villa,A,1374.3875457095921,1453.2759116030813,-13.888365893489208,0.4800236738542302
2020-09-28,Liverpool,Arsenal,H,1765.05767424054,1570.9812784288488,259.0763958116913,0.8162828558716243
2020-10-03,Chelsea,Crystal Palace,H,1583.06005000745,1475.431883282071,172.62816672537883,0.7298235657354469
2020-10-03,Everton,Brighton,H,1537.9935647572377,1447.9245594336103,155.06900532362738,0.7094365202440522
2020-10-03,Leeds,Man City,D,1514.1574981757246,1682.3610368778902,-103.20353870216559,0.3556975828204879
2020-10-03,Newcastle,Burnley,H,1471.8532239863976,1491.5400116859787,45.313212300418854,0.5648437096072472
2020-10-04,Arsenal,Sheffield United,H,1567.3069355462812,1485.8539522662243,146.45298328005697,0.6991074320285621
2020-10-04,Aston Villa,Liverpool,H,1462.8763850801658,1768.7320171231077,-240.8556320429418,0.19997086420873214
2020-10-04,Leicester,West Ham,A,1556.9587135531478,1454.3195207536783,167.63919279946958,0.7241235219170584
2020-10-04,Man United,Tottenham,A,1595.6678693489157,1554.2730477148214,106.39482163409434,0.6485012612704013
2020-10-04,Southampton,West Brom,H,1498.183966486205,1482.5652515336762,80.61871495252876,0.6139812929833747
2020-10-04,Wolves,Fulham,H,1549.405572508195,1364.7870722325076,249.61850027568744,0.8079771796524114
2020-10-17,Chelsea,Southampton,D,1588.463578692741,1505.9043406265375,147.55923806620353,0.7004453037187458
2020-10-17,Everton,Liverpool,D,1543.8048343523567,1752.7314344072822,-143.92660005492553,0.3039606149694353
2020-10-17,Man City,Arsenal,H,1679.4749885342999,1573.32478690571,171.1502016285899,0.7281427016105604
2020-10-17,Newcastle,Man United,A,1480.5563497942526,1582.6978441235076,-37.14149432925501,0.4467517788323764
2020-10-18,Crystal Palace,Brighton,D,1470.02835459678,1442.1132898384913,92.91506475828874,0.6306164056554189
2020-10-18,Leicester,Aston Villa,A,1542.4762431148067,1478.8769677959913,128.59927531881544,0.6770564115039027
2020-10-18,Sheffield United,Fulham,D,1479.8361009067955,1360.946615825556,183.88948508123963,0.7424139184649285
2020-10-18,Tottenham,West Ham,D,1567.2430729402295,1468.8019911920194,163.44108174821008,0.7192698062727169
2020-10-19,Leeds,Wolves,A,1517.043546519315,1553.2460289151468,28.797517604168206,0.5413483138796114
2020-10-19,West Brom,Burnley,D,1474.8448773933437,1482.8368858781237,57.007991515220056,0.5813126749662225
2020-10-23,Aston Villa,Leeds,A,1492.4180960260694,1506.2165802417228,51.20151578434661,0.5731560717765435
2020-10-24,Fulham,Crystal Palace,A,1365.7948941948546,1467.4160264836717,-36.62113228881708,0.4474922643578119
2020-10-24,Liverpool,Sheffield United,H,1748.810646706671,1474.9878225374969,338.82282416917405,0.8754925359874257
2020-10-24,Man United,Chelsea,D,1591.6328797001552,1584.4546726183662,72.17820708178897,0.6024038220328136
2020-10-24,West Ham,Man City,D,1473.1873873174736,1684.9121345020887,-146.72474718461513,0.3005635894776888
2020-10-25,Arsenal,Leicester,A,1567.887640937921,1528.9351148847286,103.95252605319251,0.6452899011742261
2020-10-25,Southampton,Everton,H,1509.9132467009124,1547.725622052968,27.187624647944403,0.539046470242844
2020-10-25,Wolves,Newcastle,D,1564.072995192739,1471.621314217605,157.45168097513397,0.7122556991987435
2020-10-26,Brighton,West Brom,D,1444.7256179515996,1473.2186238940192,36.506994057580414,0.552345283404396
2020-10-26,Burnley,Tottenham,A,1484.4631393774482,1562.8576768147752,-13.394537437327017,0.4807332555555762
2020-10-30,Wolves,Crystal Palace,H,1559.8278812087642,1476.3658717708279,148.46200943793633,0.7015345615843567
2020-10-31,Burnley,Chelsea,A,1474.8484742663368,1586.5027490590226,-46.65427479268578,0.4332597645023594
2020-10-31,Liverpool,West Ham,H,1751.3007959869224,1477.1761155279198,339.12468045900255,0.8756818228111151
2020-10-31,Sheffield United,Man City,A,1472.4976732572454,1680.9234062916426,-143.42573303439713,0.3045709587249855
2020-11-01,Aston Villa,Southampton,A,1480.9549745905385,1519.1323172960556,26.82265729448295,0.5385244004859392
2020-11-01,Man United,Arsenal,A,1589.5848032594988,1554.9818429144366,99.60296034506223,0.6395382836914607
2020-11-01,Newcastle,Everton,H,1475.8664282015798,1538.5065514578248,2.359876743754967,0.5033960834062867
2020-11-01,Tottenham,Brighton,H,1572.4723419258867,1443.6787122835117,193.79362964237498,0.7531652931274512
2020-11-02,Fulham,West Brom,H,1356.8450489076984,1474.265529562107,-52.42048065440872,0.42512813782956826
2020-11-02,Leeds,Leicester,A,1517.6797016772537,1541.840912908213,40.83878876904055,0.5585025563004542
2020-11-06,Brighton,Burnley,D,1438.7420181460607,1466.1832789762896,37.558739169771115,0.5538417984075238
2020-11-06,Southampton,Newcastle,H,1529.9028053057743,1485.798506533454,109.10429877232036,0.6520482700375245
2020-11-07,Chelsea,Sheffield United,H,1595.1679443490698,1466.4062540827458,193.76169026632397,0.7531311110178005
2020-11-07,Crystal Palace,Leeds,H,1470.396563002515,1506.5096505512445,28.88691245127052,0.5414760808849862
2020-11-07,Everton,Man United,A,1528.5744731259506,1576.7940375856697,16.780435540280905,0.5241302280562642
2020-11-07,West Ham,Fulham,H,1474.689751984142,1368.342486151107,171.34726583303495,0.7283671975604793
2020-11-08,Arsenal,Aston Villa,A,1567.7726085882657,1470.1844865808198,162.58812200744592,0.7182773025717583
2020-11-08,Leicester,Wolves,H,1553.0109640342223,1565.797189977077,52.2137740571452,0.5745810319185325
2020-11-08,Man City,Liverpool,D,1687.0148254661422,1753.7871595307001,-1.772334064557981,0.49744942837568124
2020-11-08,West Brom,Tottenham,A,1462.7680923186983,1577.4090360633377,-49.640943744639344,0.42904312509482034
2020-11-21,Aston Villa,Brighton,A,1484.550032632255,1437.6651821779103,111.88485045434459,0.6556708710622973
2020-11-21,Man United,West Brom,H,1587.276642146795,1454.1872298168018,198.08941232999314,0.7577336723708143
2020-11-21,Newcastle,Chelsea,A,1478.8394719342045,1600.1053221287139,-56.26585019450931,0.4197274658656652
2020-11-21,Tottenham,Man City,H,1585.9898985652342,1687.0658368986285,-36.07593833339433,0.44826833604788285
2020-11-22,Fulham,Everton,A,1362.9098301023166,1518.0918685648253,-90.18203846250867,0.3730557980348804
2020-11-22,Leeds,Arsenal,D,1497.3391721689443,1553.4070625368306,8.93210963211368,0.512851507837729
2020-11-22,Liverpool,Leicester,H,1753.7361480982138,1561.5193433958516,257.2168047023622,0.8146720906464638
2020-11-22,Sheffield United,West Ham,A,1461.4688763031018,1480.1224080329325,46.346468270169225,0.5663051073594139
2020-11-23,Burnley,Crystal Palace,H,1467.26011494444,1479.5670413848152,52.693073559624736,0.5752553133147728
2020-11-23,Wolves,Southampton,D,1557.2888106154478,1536.8618399050238,85.42697071042403,0.6205202900043338
2020-11-27,Crystal Palace,Newcastle,A,1471.0721476511105,1470.4449226168913,65.62722503421924,0.5933377174453739
2020-11-28,Brighton,Liverpool,D,1450.7785995991562,1757.4427062852844,-241.6641066861282,0.19922735242981054
2020-11-28,Everton,Leeds,A,1525.5529845255228,1497.0821420121897,93.47084251333308,0.6313613398477347
2020-11-28,Man City,Burnley,H,1676.0312036195862,1475.7550086781446,265.27619494144164,0.8215746548010531
2020-11-28,West Brom,Sheffield United,H,1449.3419032642182,1450.1427741559135,64.19912910830476,0.5913526290691757
2020-11-29,Arsenal,Wolves,A,1553.6640926935852,1554.8784048153611,63.78568787822405,0.5907773759923755
2020-11-29,Chelsea,Tottenham,D,1608.499871446027,1597.0245318442765,76.47533960175065,0.6083132243761632
2020-11-29,Southampton,Man United,A,1539.2722457051104,1592.1219686993786,12.150277005731823,0.517478529404499
2020-11-30,Leicester,Fulham,A,1557.812785208781,1355.4487141416191,267.36407106716183,0.8233296806278024
2020-11-30,West Ham,Aston Villa,H,1491.4485101801208,1471.436615211009,85.01189496911184,0.6199574921016325
2020-12-05,Burnley,Everton,D,1472.1865017741657,1512.925757728568,24.260744045597676,0.534857381314003
2020-12-05,Chelsea,Leeds,H,1606.3336069585039,1509.7093688091445,161.62423814935937,0.717153164713989
2020-12-05,Man City,Fulham,H,1679.5997105235651,1371.9153077541753,372.68440276938986,0.8952328773904372
2020-12-05,West Ham,Man United,A,1499.0493603380883,1602.4715392874687,-38.422178949380395,0.4449303517492153
2020-12-06,Liverpool,Wolves,H,1751.4272533338806,1566.6939523352087,249.7333009986719,0.8080796890927977
2020-12-06,Sheffield United,Leicester,A,1441.969826737297,1541.3461915962248,-34.3763648589279,0.45068924249981335
2020-12-06,Tottenham,Arsenal,H,1599.1907963317997,1541.8485451737376,122.34225115806203,0.6691312834822397
2020-12-06,West Brom,Crystal Palace,A,1457.5148506828348,1459.205393302203,63.309457380631784,0.5901144512760168
2020-12-07,Brighton,Southampton,A,1456.79405255056,1528.9226751170204,-7.128622566460308,0.48974252682609476
2020-12-11,Leeds,West Ham,A,1504.0524321034243,1490.150753303104,78.90167880032027,0.6116360673160667
2020-12-12,Everton,Chelsea,H,1513.622905354848,1611.990543664224,-33.36763830937616,0.4521272051141976
2020-12-12,Man United,Man City,D,1611.370146322453,1681.6950529757564,-5.324906653303515,0.4923374432823492
2020-12-12,Newcastle,West Brom,H,1482.3116769657988,1445.7125616573144,101.59911530848444,0.6421829755621745
2020-12-12,Wolves,Aston Villa,A,1562.8555461170647,1463.8357650530415,164.01978106402316,0.7199419654113264
2020-12-13,Arsenal,Burnley,A,1535.2311708433824,1471.4893541478857,128.7418166954967,0.6772357960614379
2020-12-13,Crystal Palace,Tottenham,D,1471.0076823277234,1605.808170662155,-69.80048833443152,0.400879008432958
2020-12-13,Fulham,Liverpool,D,1369.819965301984,1755.2656595520245,-320.44569425004056,0.1365041945226526
2020-12-13,Leicester,Brighton,H,1550.359976446221,1446.9992020140382,168.36077443218278,0.7249525395179479
2020-12-13,Southampton,Sheffield United,H,1538.7175256535422,1432.9560418873007,170.76148376624155,0.727699532710263
2020-12-15,Man City,West Brom,D,1681.5418018414034,1438.5562211685578,307.9855806728456,0.8548188767032153
2020-12-15,Wolves,Chelsea,H,1548.4567068088381,1601.033087766508,12.423619042330074,0.5178714086325892
2020-12-16,Arsenal,Southampton,D,1521.6864549221536,1544.163534999337,42.522919922816754,0.5608916617614516
2020-12-16,Fulham,Brighton,D,1377.089881411531,1441.4982528043972,0.5916286071337709,0.5008514211841605
2020-12-16,Leeds,Newcastle,H,1491.819710757103,1489.4680174545554,67.35169330254757,0.5957307079962589
2020-12-16,Leicester,Everton,A,1555.860925655862,1524.580361252564,96.28056440329806,0.6351176955108132
2020-12-16,Liverpool,Tottenham,H,1747.9957434424775,1603.825750830814,209.16999261166347,0.7692496674282349
2020-12-16,West Ham,Crystal Palace,D,1502.3834746494254,1472.9901021590642,94.39337249036112,0.6325964655876068
2020-12-17,Aston Villa,Burnley,D,1478.234604361268,1485.0340700691145,58.200534292153634,0.5829825547641504
2020-12-17,Sheffield United,Man United,A,1427.510032541506,1611.523397456806,-119.01336491529992,0.3351248789447936
2020-12-19,Crystal Palace,Liverpool,A,1475.6420314708164,1752.6107500939129,-211.9687186230965,0.22790301069159785
2020-12-19,Everton,Arsenal,H,1537.2827151627803,1520.4686216869245,81.81409347585577,0.6156108982938356
2020-12-19,Newcastle,Fulham,D,1481.3826316144805,1377.0728529878477,169.3097786266328,0.7260404836421488
2020-12-19,Southampton,Man City,A,1545.381368234566,1674.4454243073392,-64.06405607277316,0.40883528116160167
2020-12-20,Brighton,Sheffield United,D,1441.5152812280805,1420.8075349626101,85.7077462654704,0.620900807696818
2020-12-20,Man United,Leeds,H,1618.2258950357018,1499.9050965971778,183.32079843852398,0.7417873888337055
2020-12-20,Tottenham,Leicester,A,1599.2107441793787,1543.1585717456458,121.05217243373295,0.6674850827979105
2020-12-20,West Brom,Aston Villa,A,1445.652598702622,1476.5749532659852,34.077645436636885,0.5488850109142864
2020-12-21,Burnley,Wolves,H,1486.6937211643974,1558.0992786361865,-6.405557471789052,0.49078270611285923
2020-12-21,Chelsea,West Ham,H,1591.3905159391597,1499.7315453376732,156.65897060148654,0.7113195760274921
2020-12-26,Arsenal,Chelsea,H,1512.7808396528012,1597.1641244186098,-19.38328476580864,0.472134115547789
2020-12-26,Aston Villa,Crystal Palace,H,1487.5526534842709,1471.0839712569843,81.46868222728654,0.6151402795273927
2020-12-26,Fulham,Southampton,D,1381.5936626606906,1537.204662611334,-90.61099995064342,0.3724784464657672
2020-12-26,Leicester,Man United,D,1556.508273401604,1623.3901472590278,-1.8818738574238978,0.4972917923026563
2020-12-26,Man City,Newcastle,H,1682.6221299305712,1476.8618219416376,270.7603079889336,0.826155475784969
2020-12-26,Sheffield United,Everton,A,1423.2255511165465,1544.9704971969036,-56.74494608035707,0.4190559115682286
2020-12-27,Leeds,Burnley,H,1494.7408443738518,1496.8780670421402,62.86277733171164,0.5894923637221907
2020-12-27,Liverpool,West Brom,D,1757.168810307745,1434.6748984843364,387.49391182340855,0.9029634410384637
2020-12-27,West Ham,Brighton,D,1493.957936858223,1439.0972650741442,119.86067178407893,0.6659610294923541
2020-12-27,Wolves,Tottenham,D,1547.9149327584437,1585.8610425234206,27.05389023502312,0.5388551789255781
2020-12-28,Chelsea,Aston Villa,D,1586.6068067295657,1495.249847893723,156.35695883584276,0.7109624503086894
2020-12-28,Crystal Palace,Leicester,D,1463.3867768475322,1556.5624375555508,-28.17566070801854,0.4595406206124512
2020-12-29,Brighton,Arsenal,A,1442.4164856639914,1523.3381573418453,-15.921671677853965,0.4771028986625395
2020-12-29,Burnley,Sheffield United,H,1488.667914316584,1414.844432885182,138.82348143140212,0.6897888191088544
2020-12-29,Man United,Wolves,H,1623.335983105081,1547.1378291799322,141.19815392514874,0.6927062529398978
2020-12-29,Southampton,West Ham,D,1534.6542315406493,1490.638716268376,109.01551527227343,0.6519323067693076
2020-12-29,West Brom,Leeds,A,1442.7341673051058,1502.950997099408,4.783170205697843,0.5068831004070948
2020-12-30,Newcastle,Liverpool,D,1473.384931457337,1749.1095414869756,-210.7246100296386,0.2291656554203446
2021-01-01,Everton,West Ham,A,1553.3516154282681,1493.6773624037621,124.67425302450602,0.67209652591958
2021-01-01,Man United,Aston Villa,H,1629.481858046283,1499.4690968998968,195.01276114638608,0.7544676502100474
2021-01-02,Brighton,Wolves,D,1432.8744276907405,1540.9919542387302,-43.117526547989655,0.43826549816155697
2021-01-02,Crystal Palace,Sheffield United,H,1464.1959644352833,1408.640209267359,120.55575516792419,0.6668505371299279
2021-01-02,Tottenham,Leeds,H,1586.638146101932,1513.0886591075498,138.54948699438228,0.689451220248182
2021-01-02,West Brom,Arsenal,A,1432.5965052969639,1532.8802153150962,-35.2837100181323,0.4493965039709021
2021-01-03,Chelsea,Man City,A,1582.3875577233919,1686.0990204148718,-38.71146269147994,0.444519126936
2021-01-03,Newcastle,Leicester,A,1478.80161834893,1555.7532499677998,-11.95163161886967,0.48280700062628135
2021-01-04,Southampton,Liverpool,H,1531.6155854052631,1743.6928545953824,-147.0772691901193,0.3001371566236252
2021-01-12,Burnley,Man United,A,1494.872137934407,1634.392505042082,-74.52036710767493,0.394371425304711
2021-01-12,Sheffield United,Newcastle,H,1401.9772200099576,1469.1454783364045,-2.168258326446903,0.49687966594641125
2021-01-12,Wolves,Everton,A,1539.7572642019613,1539.9096849098764,64.8475792920849,0.5922543641865559
2021-01-13,Man City,Brighton,H,1694.9894029535917,1434.1091177275093,325.8802852260824,0.8671415229638036
2021-01-13,Tottenham,Fulham,D,1592.8491216969685,1384.1440937313753,273.7050279655932,0.828576603400062
2021-01-14,Arsenal,Crystal Palace,D,1541.8681453945142,1470.8589536926847,136.00919170182942,0.6863116490456969
2021-01-16,Fulham,Chelsea,A,1390.7156257993765,1573.497175184672,-117.78154938529542,0.33670668902768
2021-01-16,Leeds,Brighton,A,1506.8776835125134,1431.4519481867853,140.42573532572806,0.6917589632307136
2021-01-16,Leicester,Southampton,H,1565.4093899803254,1545.6128422727907,84.79654770753473,0.6196653772287329
2021-01-16,West Ham,Burnley,H,1507.1192929221538,1486.9847094283127,85.13458349384109,0.620123878154712
2021-01-16,Wolves,West Brom,A,1527.9121769182302,1423.6085752175459,169.30360170068434,0.7260334110468006
2021-01-17,Liverpool,Man United,D,1729.6955977278549,1642.2799335481761,152.41566417967874,0.7062779802448214
2021-01-17,Man City,Crystal Palace,H,1697.6465724943157,1474.5851866735986,288.0613858207171,0.83999819305651
2021-01-17,Sheffield United,Tottenham,A,1412.0396266910293,1586.2775896289672,-109.23796293793794,0.34777718046243755
2021-01-18,Arsenal,Newcastle,H,1538.1419124136003,1459.0830716553328,144.05884075826748,0.6962004151629
2021-01-19,Leicester,Chelsea,H,1573.0160824357508,1580.2313089652255,57.78477347052535,0.5824005921375598
2021-01-19,West Ham,West Brom,H,1514.7168153590596,1438.1292434384818,141.58757192057783,0.6931832182523036
2021-01-20,Fulham,Man United,A,1383.981492018823,1646.4054931530725,-197.42400113424947,0.24297018371760237
2021-01-20,Man City,Aston Villa,H,1700.8466086331855,1494.5584499040979,271.2881587290876,0.8265914482985459
2021-01-21,Liverpool,Burnley,A,1725.5700381229585,1479.387186991407,311.1828511315516,0.857088115706949
2021-01-23,Aston Villa,Newcastle,H,1491.0902788700687,1453.0070799585908,103.0831989114779,0.6441436433127006
2021-01-26,Crystal Palace,West Ham,A,1471.3851505347288,1520.8531509940135,15.531999540715333,0.5223374655683662
2021-01-26,Newcastle,Leeds,A,1445.8899528248448,1493.0425042478992,17.84744857694568,0.525661974992628
2021-01-26,Southampton,Arsenal,A,1538.0061498173652,1544.2179041103423,58.78824570702295,0.5838048112053034
2021-01-26,West Brom,Man City,A,1431.992907803528,1704.3147796672147,-207.32187186368674,0.23264414684244097
2021-01-27,Brighton,Fulham,D,1445.2871274513996,1379.122088344471,131.1650391069286,0.6802773452124063
2021-01-27,Burnley,Aston Villa,H,1496.528949305546,1498.2074060038146,63.32154330173125,0.5901312792404731
2021-01-27,Chelsea,Wolves,D,1571.8793208079767,1513.3915086972943,123.4878121106824,0.6705896116459261
2021-01-27,Everton,Leicester,D,1551.7547721936076,1581.3680705929996,35.38670160060792,0.5507501902621322
2021-01-27,Man United,Sheffield United,A,1651.2648968274245,1405.0840830817806,311.18081374564395,0.857086679144094
2021-01-28,Tottenham,Liverpool,A,1593.233133238216,1708.4282758088195,-50.19514257060359,0.42826180879418674
2021-01-30,Arsenal,Man United,D,1555.8940003344483,1634.1231632445426,-13.229162910094374,0.48097089959288136
2021-01-30,Crystal Palace,Wolves,H,1460.9384012233616,1516.8033009302128,9.135100293148753,0.5131434374721253
2021-01-30,Everton,Newcastle,A,1550.7397683883648,1435.3767133249924,180.36305506337249,0.7385128201743416
2021-01-30,Man City,Sheffield United,H,1708.9676626040634,1422.2258166646625,351.74184593940095,0.8833752769026747
2021-01-30,Southampton,Aston Villa,A,1526.3300535932592,1490.010031588624,101.32002200463512,0.6418137225677841
2021-01-30,West Brom,Fulham,D,1427.3400248666792,1382.727635248719,109.61238961796016,0.6527115584530612
2021-01-31,Brighton,Tottenham,H,1441.6815805471515,1584.6678970623323,-77.98631651518076,0.3896163101009578
2021-01-31,Chelsea,Burnley,H,1568.4675285750582,1504.7263237207364,128.74120485432172,0.6772350261869339
2021-01-31,Leicester,Leeds,A,1582.3830743982423,1503.5557437477516,143.8273306504907,0.6959184726183318
2021-01-31,West Ham,Liverpool,A,1531.2999003053808,1716.9935119847032,-120.69361167932243,0.3329731869129018
2021-02-02,Man United,Southampton,H,1633.7425812364002,1513.4937791419036,185.24880209449657,0.7439074683162372
2021-02-02,Newcastle,Crystal Palace,A,1450.1469697284792,1470.675532473919,44.471437254560215,0.5636523004389316
2021-02-02,Sheffield United,West Brom,H,1419.893322202716,1424.285793697618,60.60752850509812,0.5863471631763881
2021-02-02,Wolves,Arsenal,H,1507.0661696796553,1556.2745823425907,15.791587337064584,0.5227102843203362
2021-02-03,Aston Villa,West Ham,A,1502.8463060399797,1524.6404365671228,43.205869472856875,0.561859695461939
2021-02-03,Burnley,Man City,A,1498.271024244475,1711.30015706601,-148.02913282153486,0.29898745087928047
2021-02-03,Fulham,Leicester,A,1385.7818664177803,1568.4647049458756,-117.68283852809532,0.33683360558109643
2021-02-03,Leeds,Everton,A,1517.4741132001184,1535.969511984878,46.50460121524043,0.5665286634987998
2021-02-03,Liverpool,Brighton,A,1723.6529757229612,1453.8892543451323,334.7637213778289,0.8729230818540301
2021-02-04,Tottenham,Chelsea,A,1572.4602232643515,1574.9228280513196,62.537395213031914,0.5890390263935915
2021-02-06,Aston Villa,Arsenal,H,1491.6091121307409,1546.7287880289975,9.880324101743327,0.514215097603286
2021-02-06,Burnley,Brighton,D,1492.2912752268894,1471.3477159822128,85.94355924467663,0.6212202755406611
2021-02-06,Fulham,West Ham,D,1379.0451943061585,1535.8776304763617,-91.83243617020321,0.37083647625326466
2021-02-06,Man United,Everton,D,1638.8644318700754,1547.300085254854,156.56434661522144,0.7112077123701095
2021-02-06,Newcastle,Southampton,H,1438.8739237197005,1508.3719285082284,-4.498004788527851,0.49352721238943725
2021-02-07,Liverpool,Man City,A,1706.1945140858807,1717.2799060835955,53.91460800228515,0.576972503757484
2021-02-07,Sheffield United,Chelsea,A,1428.1663789391882,1586.7036085791915,-93.53722964000326,0.3685497202542357
2021-02-07,Tottenham,West Brom,H,1560.6794427364796,1416.0127369611457,209.66670577533387,0.7697568175138416
2021-02-07,Wolves,Leicester,D,1516.6119639932485,1575.2013770574974,6.410586935751098,0.5092245294059627
2021-02-08,Leeds,Crystal Palace,H,1506.1435399301424,1481.9485784826977,89.19496144744471,0.6256142938870888
2021-02-13,Brighton,Aston Villa,D,1473.772121493026,1501.324810178675,37.44731131435083,0.5536832948321129
2021-02-13,Crystal Palace,Burnley,A,1474.4608643604395,1489.8668697160763,49.59399464436319,0.5708906691793596
2021-02-13,Leicester,Liverpool,H,1575.3858676456166,1694.655064010731,-54.26919636511434,0.4225293744866503
2021-02-13,Man City,Tottenham,H,1728.8193561587452,1565.2843063862028,228.53504977254238,0.7884409730602039
2021-02-14,Arsenal,Leeds,H,1537.0130899810633,1513.6312540524007,88.38183592866267,0.6245173261807159
2021-02-14,Everton,Fulham,A,1551.524239502256,1381.6284647810933,234.89577472116275,0.79448396990188
2021-02-14,Southampton,Wolves,A,1498.2424727560172,1516.4274734051294,46.814999350887774,0.5669674015842502
2021-02-14,West Brom,Man United,D,1411.4078733114225,1634.6402776226732,-158.23240431125078,0.2868241040271872
2021-02-15,Chelsea,Newcastle,H,1594.0746029842762,1449.0033794719118,210.07122351236444,0.7701692574167718
2021-02-15,West Ham,Sheffield United,H,1533.2943600014269,1420.7953845341035,177.49897546732336,0.7353164982741847
2021-02-17,Burnley,Fulham,D,1501.2846830996634,1397.5181441791308,168.76653892053264,0.7254180383722161
2021-02-17,Everton,Man City,A,1535.6345601042185,1733.0505366975412,-132.41597659332274,0.31815847948172443
2021-02-19,Wolves,Leeds,H,1527.7668214368143,1506.121600576015,86.64522086079933,0.622170229561561
2021-02-20,Burnley,West Brom,D,1496.776322332219,1415.6713912308787,146.1049311013403,0.6986858048749046
2021-02-20,Fulham,Sheffield United,H,1402.0265049465752,1415.5017144995873,51.524790446987936,0.5736112800271785
2021-02-20,Liverpool,Everton,A,1683.1056515004639,1529.271390514584,218.83426098587984,0.7789764001620708
2021-02-20,Southampton,Chelsea,D,1486.9031247243322,1598.6712178359408,-46.76809311160855,0.43309889220492004
2021-02-21,Arsenal,Man City,A,1544.522743457449,1739.4137062871757,-129.89096282972673,0.32131994265828395
2021-02-21,Aston Villa,Leicester,A,1502.3984760753174,1586.9352801558837,-19.5368040805663,0.4719138751538043
2021-02-21,Man United,Newcastle,H,1630.376759703217,1444.4067646202473,250.96999508296972,0.8091813294116823
2021-02-21,West Ham,Tottenham,H,1538.5880300359431,1561.0531258474068,42.5349041885363,0.560908652645279
2021-02-22,Brighton,Crystal Palace,A,1472.6984555963836,1463.0430509768523,74.65540461953128,0.6058142209715622
2021-02-23,Leeds,Southampton,H,1498.5650051672462,1488.2411468802338,75.3238582870124,0.6067327440959577
2021-02-27,Leeds,Aston Villa,A,1506.430350285327,1492.9601985722413,78.47015171308567,0.6110458445392954
2021-02-27,Man City,West Ham,H,1745.8401051403414,1547.3698569830376,263.4702481573038,0.8200456297547694
2021-02-27,Newcastle,Wolves,D,1440.590391208481,1535.323416845583,-29.733025637102173,0.4573148897476388
2021-02-27,West Brom,Brighton,H,1419.6451073283768,1460.5821711769524,24.06293615142431,0.5345740851883025
2021-02-28,Chelsea,Man United,D,1597.3331956800391,1634.1931331149833,28.140062565055814,0.5404084845650514
2021-02-28,Crystal Palace,Fulham,D,1475.1593353962835,1410.5542793460315,129.60505605025196,0.6783210440275347
2021-02-28,Leicester,Arsenal,A,1596.3735576589597,1538.0963446042833,123.2772130546764,0.6703217589628655
2021-02-28,Sheffield United,Liverpool,A,1406.973940100131,1667.5261234972224,-195.55218339709154,0.24495758451712807
2021-02-28,Tottenham,Burnley,H,1552.2712989003123,1492.802606234721,124.46869266559133,0.6718356937630683
2021-03-01,Everton,Southampton,H,1544.8509185178254,1480.375801762153,129.4751167556724,0.6781578094895908
2021-03-02,Man City,Wolves,H,1749.439192545246,1534.4697146405358,279.9694779047102,0.8336381036456307
2021-03-03,Burnley,Leicester,D,1486.2393201099824,1582.9671224797023,-31.72780236971994,0.45446652466407816
2021-03-03,Crystal Palace,Man United,D,1471.592914515733,1635.0013028062842,-98.40838829055133,0.36204846792663736
2021-03-03,Sheffield United,Aston Villa,H,1402.0747884097884,1505.1811154630273,-38.10632705323883,0.44537943004539493
2021-03-04,Fulham,Tottenham,A,1414.1207002265821,1558.834585025051,-79.71388479846883,0.38725392379410156
2021-03-04,Liverpool,Chelsea,A,1672.425275187565,1596.5250259887382,140.9002491988267,0.692341096167743
2021-03-04,West Brom,Everton,A,1428.9536256246106,1551.2877623280335,-57.33413670342293,0.41823044744287435
2021-03-06,Aston Villa,Wolves,D,1494.0887040639352,1531.1424767134483,27.94622735048688,0.5401313427384292
2021-03-06,Brighton,Leicester,A,1451.2736528807186,1582.0564529729838,-65.78280009226523,0.4064462121976024
2021-03-06,Burnley,Arsenal,D,1487.1499896167009,1551.5027797835407,0.6472098331601046,0.5009314087438117
2021-03-06,Sheffield United,Southampton,A,1413.1671998088805,1473.938957951945,4.228241856935483,0.506084628782413
2021-03-07,Liverpool,Fulham,A,1658.57845326421,1406.3756217507,317.2028315135101,0.8612804942108069
2021-03-07,Man City,Man United,A,1752.7664304723335,1632.242272164817,185.52415830751647,0.7442093233674929
2021-03-07,Tottenham,Crystal Palace,H,1566.579663500933,1474.3519451572001,157.22771834373293,0.7119914019015684
2021-03-07,West Brom,Newcastle,D,1420.589016675753,1441.4440934135282,44.14492326222489,0.5631899691321609
2021-03-08,Chelsea,Everton,H,1610.371847912093,1559.652371276891,115.719476635202,0.6606371489879014
2021-03-08,West Ham,Leeds,H,1543.770769578133,1494.209433394541,114.56133618359195,0.6591408859102462
2021-03-10,Man City,Southampton,H,1737.8822440049837,1484.0606505275932,318.8215934773905,0.8623900728537701
2021-03-12,Newcastle,Aston Villa,D,1442.7078927961713,1493.2860772091667,14.42181558700463,0.5207427489418106
2021-03-13,Crystal Palace,West Brom,H,1468.5917731952316,1419.32521729311,114.26655590212158,0.658759535270368
2021-03-13,Everton,Burnley,A,1552.8651142566491,1487.1313614418245,130.73375281482458,0.6797371198505374
2021-03-13,Fulham,Man City,A,1423.601231634916,1740.6344425479083,-252.03321091299222,0.18987543222044448
2021-03-13,Leeds,Chelsea,D,1487.392251112746,1617.159104932335,-64.76685381958896,0.4078578589737946
2021-03-14,Arsenal,Tottenham,H,1551.521407958417,1572.3398354629016,44.18157249551541,0.5632418685293631
2021-03-14,Leicester,Sheffield United,H,1590.1853772169359,1403.0455072332322,252.13986998370365,0.8102189937313932
2021-03-14,Man United,West Ham,H,1647.1264586321668,1550.5879518599281,161.53850677223863,0.717053048302135
2021-03-14,Southampton,Brighton,A,1481.3084519846686,1443.1447286367666,103.16372334790208,0.644249889124746
2021-03-15,Wolves,Liverpool,A,1531.9451035682168,1641.352843379994,-44.40773981177722,0.4364378840400797
2021-03-19,Fulham,Leeds,A,1419.8037229905071,1489.23509393327,-4.4313709427628964,0.4936230903681303
2021-03-20,Brighton,Newcastle,H,1456.0297264192616,1442.293037817335,78.73668860192652,0.6114104399172857
2021-03-21,Aston Villa,Tottenham,A,1493.700932188003,1563.6046728334888,-4.903740645485868,0.49294341850031126
2021-03-21,West Ham,Arsenal,D,1544.9290128259709,1560.2565705878299,49.672442238141,0.5710012913859802
2021-04-03,Arsenal,Liverpool,A,1561.6765964155495,1650.0816010607957,-23.40500464524621,0.4663683493563038
2021-04-03,Chelsea,West Brom,A,1615.3162621118108,1412.5004079985174,267.8158541132934,0.8237076509617022
2021-04-03,Leeds,Sheffield United,H,1499.1075557406327,1399.24988710786,164.85766863277263,0.7209134270528138
2021-04-03,Leicester,Man City,A,1593.980997342308,1744.4319511923172,-85.45095385000923,0.37944720133685017
2021-04-04,Aston Villa,Fulham,H,1483.8420638179969,1409.9312611831444,138.91080263485242,0.6898963684040625
2021-04-04,Man United,Brighton,H,1652.785397666124,1463.8015176209158,253.98388004520825,0.811845824270363
2021-04-04,Newcastle,Tottenham,D,1434.5212466156809,1573.463541203495,-73.9422945878141,0.3951664893209171
2021-04-04,Southampton,Burnley,H,1468.4234542021736,1500.7261038388353,32.69735036333827,0.546916840495001
2021-04-05,Everton,Crystal Palace,D,1539.2703718596383,1475.4165824898241,128.8537893698142,0.6773766741306176
2021-04-05,Wolves,West Ham,A,1523.2163458874152,1543.5089869982512,44.70735888916397,0.5639862876467129
2021-04-09,Fulham,Wolves,A,1403.7291885512257,1511.936620134481,-43.20743158325536,0.43813809089158473
2021-04-10,Crystal Palace,Chelsea,A,1478.9641159724365,1598.8421090925767,-54.87799312014022,0.42167451154135865
2021-04-10,Liverpool,Aston Villa,H,1659.4089680479217,1490.0441364499156,234.36483159800605,0.7939844816684418
2021-04-10,Man City,Leeds,A,1752.0208952190542,1504.6892871995765,312.3316080194777,0.8578961908652014
2021-04-11,Burnley,Newcastle,A,1491.6644406487353,1436.6179168292624,120.0465238194729,0.6661989828441202
2021-04-11,Sheffield United,Arsenal,A,1393.6681556489164,1552.3492294284235,-93.68107377950719,0.368357040615798
2021-04-11,Tottenham,Man United,A,1571.3668709899134,1656.5484811807169,-20.18161019080344,0.4709889500360541
2021-04-11,West Ham,Leicester,H,1554.7887127511854,1586.392053315571,33.39665943561431,0.547914176446026
2021-04-12,Brighton,Everton,D,1460.038434106323,1535.722838377026,-10.684404270702998,0.4846287514584874
2021-04-12,West Brom,Southampton,H,1428.9745610177515,1477.4851173922737,16.48944362547786,0.5237124155853762
2021-04-16,Everton,Tottenham,D,1535.4154134061957,1561.9470919891924,38.46832141700338,0.5551352461107976
2021-04-17,Newcastle,West Ham,H,1449.9418964861447,1563.830429222265,-48.88853273612017,0.43010444890052574
2021-04-17,Wolves,Sheffield United,H,1520.6993819523127,1386.3010148366004,199.3983671157123,0.7591142007812319
2021-04-18,Arsenal,Fulham,D,1559.7163702407395,1394.966426733394,229.7499435073455,0.7896051467738602
2021-04-18,Man United,Burnley,H,1665.968260181438,1478.340460991853,252.62779918958495,0.8106505020217591
2021-04-19,Leeds,Liverpool,D,1521.8472110168805,1663.529278414553,-76.68206739767243,0.3914032680193437
2021-04-20,Chelsea,Brighton,D,1607.2755993234039,1460.3458590771531,211.92974024625073,0.7720575046956867
2021-04-21,Aston Villa,Man City,A,1485.9238260832844,1734.8629714017502,-183.93914531846576,0.25753141734884055
2021-04-21,Tottenham,Southampton,H,1563.0497969114083,1467.9593657039811,160.09043120742717,0.7153587604621903
2021-04-22,Leicester,West Brom,H,1577.3503368444915,1438.500312706044,203.85002413844745,0.7637689674153825
2021-04-23,Arsenal,Everton,A,1553.9242673052622,1534.3127084839798,84.61155882128242,0.6194143737544356
2021-04-24,Liverpool,Newcastle,D,1661.3573437749399,1461.3398075081343,265.01753626680556,0.8213562841652042
2021-04-24,Sheffield United,Brighton,H,1381.483298852225,1465.787009171067,-19.303710318841922,0.47224827814489
2021-04-24,West Ham,Chelsea,A,1552.4325182002754,1601.83444922949,15.598068970785334,0.5224323565455952
2021-04-25,Aston Villa,West Brom,D,1480.7731977363076,1433.7756920543518,111.99750568195577,0.6558172649164978
2021-04-25,Leeds,Man United,D,1524.0191456564935,1669.7552501410028,-80.73610448450927,0.385858561386157
2021-04-25,Wolves,Burnley,A,1525.517097936688,1474.5534710322881,115.96362690439992,0.660952171859837
2021-04-26,Leicester,Crystal Palace,H,1582.0749574961837,1470.5306257416094,176.5443317545744,0.7342455732331146
2021-04-30,Southampton,Leicester,D,1462.2665409132248,1587.3900460315215,-60.123505118296634,0.4143287907508164
2021-05-01,Brighton,Leeds,H,1455.2319747339648,1526.3019744287703,-6.069999694805574,0.491265456909231
2021-05-01,Chelsea,Fulham,H,1612.283096360402,1400.7585296688712,276.5245666915307,0.8308696723193866
2021-05-01,Crystal Palace,Man City,A,1465.2155372062716,1740.013599748727,-209.79806254245545,0.23010919634649438
2021-05-01,Everton,Aston Villa,A,1546.7009959590685,1477.6568524379777,134.04414352109075,0.6838712532628247
2021-05-02,Newcastle,Arsenal,A,1467.7669331914383,1541.5359798301736,-8.76904663873529,0.4873830064539089
2021-05-02,Tottenham,Sheffield United,H,1568.7426217021646,1392.0383332893273,241.7042884128373,0.8008095463726908
2021-05-03,Burnley,West Ham,A,1487.7725144694848,1541.9838710693634,10.788643400121373,0.5155211175439733
2021-05-03,West Brom,Wolves,D,1436.8920373526817,1512.2980544994914,-10.406017146809745,0.4850290138713203
2021-05-07,Leicester,Newcastle,A,1585.6766218465377,1458.01927306236,192.65734878417766,0.7519472683468702
2021-05-08,Leeds,Tottenham,H,1516.127283566955,1572.7264307747107,8.400852792244223,0.5120874434435271
2021-05-08,Liverpool,Southampton,H,1654.9302180916359,1463.9799650982086,255.95025299342728,0.8135687798317193
2021-05-08,Man City,Chelsea,A,1744.615783675657,1615.6657029140142,193.95008076164277,0.7533326840325191
2021-05-08,Sheffield United,Crystal Palace,A,1388.0545242167811,1460.6133532793417,-7.558829062560562,0.48912368651023436
2021-05-09,Arsenal,West Brom,H,1551.2836399592518,1437.1914570752554,179.09218288399643,0.7370976048262051
2021-05-09,Aston Villa,Man United,A,1491.3342775032343,1667.472421368726,-111.13814386549166,0.3453002097304253
2021-05-09,West Ham,Everton,A,1552.2942934202429,1533.023570893812,84.27072252643097,0.6189517405302889
2021-05-09,Wolves,Brighton,H,1511.9986347769177,1465.4066655957802,111.59196918113753,0.6552901377738075
2021-05-10,Fulham,Burnley,A,1397.375923115259,1477.4620921186054,-15.086169003346413,0.4783028919678442
2021-05-11,Man United,Leicester,A,1674.3784255633345,1570.6376764796003,168.74074908373427,0.7253884664756586
2021-05-11,Southampton,Crystal Palace,H,1460.251340694843,1470.3958270095463,54.85551368529673,0.578293931497806
2021-05-12,Chelsea,Arsenal,A,1630.7323565946647,1556.5416878627277,139.19066873193697,0.6902409275341642
2021-05-13,Aston Villa,Everton,D,1484.4282733086256,1545.4026057044177,4.025667604207911,0.5057931421357376
2021-05-13,Man United,Liverpool,A,1659.8706562338214,1658.6588424950014,66.21181373881996,0.5941494354308288
2021-05-14,Newcastle,Man City,A,1473.0582184292975,1729.5491299950065,-191.49091156570898,0.24930726484259283
2021-05-15,Brighton,West Ham,D,1458.5124683512563,1539.915258609637,-16.40279025838072,0.4764120096292667
2021-05-15,Burnley,Leeds,A,1487.0281499579623,1525.8855346980845,26.142615259877857,0.5375514056623367
2021-05-15,Southampton,Fulham,H,1468.685462064887,1387.809865275902,145.87559678898492,0.6984078078729467
2021-05-16,Crystal Palace,Aston Villa,H,1461.9617056395025,1484.312410465911,42.649295173591554,0.5610708250968394
2021-05-16,Everton,Sheffield United,A,1545.5184685471324,1378.2720504865765,232.24641806055592,0.7919826261108343
2021-05-16,Tottenham,Wolves,H,1562.9681796435812,1518.8928320214416,109.07534762213959,0.6520104578963472
2021-05-16,West Brom,Liverpool,A,1431.9334091717794,1670.541831203618,-173.60842203183847,0.2690652239933709
2021-05-18,Brighton,Man City,H,1458.984228158671,1734.5352752918584,-210.55104713318747,0.2293421944239288
2021-05-18,Chelsea,Leicester,H,1616.9275380439815,1585.1454458091134,96.78209223486806,0.6357864828909637
2021-05-18,Man United,Fulham,D,1647.9876675252049,1381.778021433361,331.209646091844,0.8706362412016699
2021-05-18,Southampton,Leeds,A,1474.717305907428,1536.6365628113313,3.0807430960967395,0.5044334295126127
2021-05-19,Burnley,Liverpool,A,1476.2771218447156,1675.9231356834853,-134.6460138387697,0.31538019823007235
2021-05-19,Crystal Palace,Arsenal,A,1470.7402891375657,1570.346506413411,-34.60621727584521,0.45036169697480555
2021-05-19,Everton,Wolves,H,1529.6788160249157,1511.9330411793685,82.7457748455472,0.6168792223682265
2021-05-19,Newcastle,Sheffield United,H,1468.0720731324457,1394.1117030087933,138.9603701236524,0.6899574091442895
2021-05-19,Tottenham,Aston Villa,A,1569.9279704856542,1475.5338269678477,159.39414351780647,0.7145419136935499
2021-05-19,West Brom,West Ham,A,1426.552104691912,1539.4434988022224,-47.89139411031033,0.431511965480946
2021-05-23,Arsenal,Brighton,H,1579.353740352907,1474.3973842701923,169.9563560827146,0.72678018728039
2021-05-23,Aston Villa,Chelsea,H,1489.8246652417188,1624.2118083861621,-69.38714314444337,0.40145061692541734
2021-05-23,Fulham,Newcastle,A,1389.1907462573943,1474.2729249495599,-20.0821786921656,0.4711315640961776
2021-05-23,Leeds,West Brom,H,1546.7252314015834,1417.9218653822932,193.80336601929025,0.753175712544866
2021-05-23,Leicester,Tottenham,A,1577.8611754669328,1555.6371322117832,87.22404325514958,0.6229531709847199
2021-05-23,Liverpool,Crystal Palace,H,1682.2307396480867,1461.7330551980697,285.497684450017,0.8380047535076353
2021-05-23,Man City,Everton,H,1719.122119180337,1537.341231577551,246.78088760278592,0.8054301068406999
2021-05-23,Sheffield United,Burnley,H,1387.910851191679,1469.9695178801142,-17.058666688435096,0.47547031323455463
2021-05-23,West Ham,Southampton,H,1548.0737381118413,1464.6286373171758,148.44510079466545,0.701514181025068
2021-05-23,Wolves,Man United,A,1504.2706256267331,1640.5749427011715,-71.30431707443836,0.3988016725297618
2021-08-13,Brentford,Arsenal,H,1500.0,1584.818136607299,-19.81813660729904,0.4715103010423863
2021-08-14,Burnley,Brighton,A,1459.4789241448052,1468.9329880158002,55.545936129004986,0.5792628637081679
2021-08-14,Chelsea,Crystal Palace,H,1612.2408207246706,1458.4931502682223,218.7476704564483,0.7788905681234062
2021-08-14,Everton,Southampton,H,1533.449833714365,1458.6589209376773,139.79091277668772,0.6909792098809693
2021-08-14,Leicester,Wolves,H,1565.4021120472385,1496.294592176138,134.10751987110052,0.6839501196819419
2021-08-14,Man United,Leeds,H,1648.5509761517667,1551.6617171506862,161.88925900108052,0.7174625182255591
2021-08-14,Norwich,Liverpool,A,1359.6684181849178,1685.470644577934,-260.8022263930163,0.18223196727949356
2021-08-14,Watford,Aston Villa,H,1429.766972413129,1501.7956529032103,-7.028680490081342,0.4898862953480897
2021-08-15,Newcastle,West Ham,A,1483.6955562314834,1554.0434544913398,-5.347898259856493,0.4923043635052942
2021-08-15,Tottenham,Man City,H,1568.0961956314775,1723.013517043523,-89.91732141204557,0.3734122690573952
2021-08-21,Aston Villa,Newcastle,H,1491.5933788101722,1473.8494689613774,82.74390984879483,0.6168766850778609
2021-08-21,Brighton,Watford,H,1480.5182452899635,1439.969246506167,105.54899878379638,0.6473905965513108
2021-08-21,Crystal Palace,Brentford,D,1454.0709616306904,1510.5697939791523,8.501167651538026,0.5122317227493531
2021-08-21,Leeds,Everton,D,1546.0109675151973,1539.6302495167456,71.3807179984517,0.6013037685167075
2021-08-21,Liverpool,Burnley,H,1689.115283923524,1447.893666870642,306.22161705288204,0.8535541596424956
2021-08-21,Man City,Norwich,H,1710.481762424671,1356.0237788393279,419.4579835853431,0.9179334394826422
2021-08-22,Arsenal,Chelsea,A,1574.2483426281467,1616.6630093622025,22.5853332659442,0.5324572014488914
2021-08-22,Southampton,Man United,D,1452.4785051352967,1654.2017257872556,-136.72322065195885,0.3128041352663817
2021-08-22,Wolves,Tottenham,A,1489.9735945697769,1580.6279502503296,-25.654355680552726,0.46314736632921527
2021-08-23,West Ham,Leicester,H,1563.8895417614458,1571.7231096535995,57.166432107846276,0.5815346425347
2021-08-28,Aston Villa,Brentford,D,1499.255845108615,1510.8144284341395,53.44141667447548,0.5763075262043295
2021-08-28,Brighton,Everton,A,1487.5704333589372,1541.6563248870798,10.91410847185739,0.5157015002763903
2021-08-28,Liverpool,Chelsea,D,1692.044200730674,1627.3121533911803,129.73204733949365,0.678480533103621
2021-08-28,Man City,Arsenal,H,1712.123093635018,1563.5991985991689,213.52389503584914,0.7736684292061601
2021-08-28,Newcastle,Southampton,D,1466.1870026629347,1456.2224224299691,74.96458023296555,0.6062391529836487
2021-08-28,Norwich,Leicester,A,1354.3824476289808,1563.3538025042935,-143.97135487531273,0.30390611142964374
2021-08-28,West Ham,Crystal Palace,D,1572.2588489107518,1453.8263271757032,183.43252173504857,0.7419105542534096
2021-08-29,Burnley,Leeds,D,1444.964750063492,1543.9848921448631,-34.020142081371205,0.4511969533482735
2021-08-29,Tottenham,Watford,H,1589.8908975769139,1432.9170584371934,221.97383913972044,0.7820723507018061
2021-08-29,Wolves,Man United,A,1480.7106472431926,1650.4578084925831,-104.7471612493905,0.35366378340985805
2021-09-11,Arsenal,Norwich,H,1559.072567183292,1348.3043254003878,275.76824178290417,0.830256977970424
2021-09-11,Brentford,Brighton,A,1512.3405789582262,1477.2564033534093,100.08417560481689,0.6401766245838172
2021-09-11,Chelsea,Aston Villa,H,1630.8817640532527,1497.7296945845283,198.15206946872445,0.7577998780925359
2021-09-11,Crystal Palace,Tottenham,H,1458.6645382607715,1594.2494505628777,-70.5849123021062,0.39979498335891245
2021-09-11,Leicester,Man City,A,1569.4319247328865,1716.6497250508949,-82.21780031800836,0.3838393300940105
2021-09-11,Man United,Newcastle,H,1657.5310841607802,1464.0622196032616,258.4688645575186,0.8157578128564243
2021-09-11,Southampton,West Ham,D,1458.3472054896422,1567.4206378256836,-44.07343233604138,0.43691127396507173
2021-09-11,Watford,Wolves,A,1428.5585054512296,1473.6373715749955,19.92113387623408,0.5286374402078389
2021-09-12,Leeds,Liverpool,A,1543.0088312118287,1688.4745900686016,-80.46575885677294,0.38622741042286707
2021-09-13,Everton,Burnley,H,1551.9703548926077,1445.9408109965264,171.02954389608135,0.7280051906992194
2021-09-17,Newcastle,Leeds,D,1460.3773758603902,1535.2842830033715,-9.906907142981254,0.4857466773298519
2021-09-18,Aston Villa,Everton,H,1492.885692146379,1557.4102510786233,0.4754410677555825,0.5006842142699207
2021-09-18,Burnley,Arsenal,A,1440.5009148105107,1562.4674276238836,-56.9665128133729,0.41874544012036524
2021-09-18,Liverpool,Crystal Palace,H,1696.1991382770589,1470.6686385935932,290.5304996834657,0.8418992673853978
2021-09-18,Man City,Southampton,D,1724.326511652775,1459.6089800103407,329.7175316424343,0.8696657551304233
2021-09-18,Norwich,Watford,A,1344.9094649597962,1417.9857566470728,-8.07629168727658,0.4883793749653809
2021-09-18,Wolves,Brentford,A,1484.2101203791524,1499.5370464665498,49.673073912602604,0.5710021821075706
2021-09-19,Brighton,Leicester,H,1490.0599358450856,1561.7551381310063,-6.695202285920686,0.49036602187238465
2021-09-19,Tottenham,Chelsea,A,1582.245350230056,1635.725766491402,11.519583738653864,0.5165719414322775
2021-09-19,West Ham,Man United,A,1566.158863304985,1661.2159279036516,-30.057064598666557,0.45685199583108327
2021-09-25,Brentford,Liverpool,D,1510.957090108701,1699.361152929351,-123.40406282064987,0.3295168925342689
2021-09-25,Chelsea,Man City,A,1646.0572053200476,1716.9331965501665,-5.875991230118871,0.49154457502377175
2021-09-25,Everton,Norwich,H,1547.4239353640216,1335.1418774604886,277.2820579035331,0.8314815447432913
2021-09-25,Leeds,West Ham,A,1534.9992165499684,1557.0218233883634,42.97739316160505,0.5615358981540739
2021-09-25,Leicester,Burnley,D,1551.562458568454,1432.1260060081033,184.43645256035074,0.7430155824102016
2021-09-25,Man United,Aston Villa,A,1670.3529678202733,1502.8720078609806,232.4809599592927,0.7922049674208964
2021-09-25,Watford,Newcastle,D,1427.7533441463804,1460.6624423137932,32.09090183258718,0.5460516344233346
2021-09-26,Arsenal,Tottenham,H,1570.842336426291,1571.9139114014104,63.92842502488065,0.5909760055077979
2021-09-26,Southampton,Wolves,A,1467.0022951129492,1472.790076737001,59.21221837594817,0.5843976945493173
2021-09-27,Crystal Palace,Brighton,D,1467.506623941301,1500.252615407638,32.25400853366318,0.5462843625424727
2021-10-02,Brighton,Arsenal,D,1501.1783026584874,1579.022816316135,-12.844513657647667,0.4815236756462474
2021-10-02,Burnley,Norwich,D,1436.9863176563074,1331.7715083553544,170.214809300953,0.7270755164368898
2021-10-02,Chelsea,Southampton,H,1636.2263138195722,1455.3143412219629,245.9119725976093,0.8046450527575121
2021-10-02,Leeds,Watford,H,1523.7684985868868,1426.8323114579136,161.9361871289732,0.717517275106194
2021-10-02,Man United,Everton,D,1654.5088684718553,1550.7943044691558,168.7145640026995,0.7253584393478104
2021-10-02,Wolves,Newcastle,H,1484.4780306279874,1461.58347500226,87.89455562572743,0.6238593345402961
2021-10-03,Crystal Palace,Leicester,D,1466.5809366904516,1546.70214692025,-15.121210229798407,0.4782525587693214
2021-10-03,Liverpool,Man City,D,1695.9514907800362,1726.764088050642,34.18740272939431,0.5490414496452856
2021-10-03,Tottenham,Aston Villa,H,1563.7334315115663,1518.7161072093986,110.01732430216771,0.6532397574144511
2021-10-03,West Ham,Brentford,A,1568.252541351445,1514.3667522580158,118.88578909342914,0.664711468272783
2021-10-16,Aston Villa,Wolves,A,1511.7809023576876,1492.0008439371816,84.78005842050607,0.6196430062182501
2021-10-16,Brentford,Chelsea,A,1527.6609816234716,1640.133412764422,-47.47243114095045,0.43210368655590053
2021-10-16,Leicester,Man United,H,1546.2671980956363,1650.001699684899,-38.73450158926266,0.44448637976698974
2021-10-16,Man City,Burnley,H,1727.7449170435477,1432.4448073275696,360.3001097159781,0.8883556854033166
2021-10-16,Norwich,Brighton,D,1336.3130186840922,1501.5478291455624,-100.23481046147026,0.35962365725966516
2021-10-16,Southampton,Leeds,H,1451.407242277113,1529.418153084763,-13.010910807649907,0.48128454213714617
2021-10-16,Watford,Liverpool,A,1421.1826569600375,1694.9706617871304,-208.7880048270929,0.23114087826362736
2021-10-17,Everton,West Ham,A,1555.301473256112,1554.9583119859892,65.34316127012289,0.5929431024555004
2021-10-17,Newcastle,Tottenham,A,1454.0606616930659,1570.6686363632773,-51.60797467021143,0.4262716070724358
2021-10-18,Arsenal,Crystal Palace,D,1578.65328982906,1467.0158855150653,176.6374043139947,0.7343501041324636
2021-10-22,Arsenal,Aston Villa,H,1573.9662877464107,1499.3880422333227,139.57824551308795,0.6907177467155124
2021-10-23,Brighton,Man City,A,1498.7403022907558,1729.9778033354814,-166.2375010447256,0.277491280068798
2021-10-23,Chelsea,Norwich,H,1648.77548649554,1339.1205455388988,374.6549409566412,0.8962920195470151
2021-10-23,Crystal Palace,Newcastle,D,1471.7028875977146,1445.5352295516172,91.16765804609736,0.6282702335161866
2021-10-23,Everton,Watford,A,1543.442611207002,1416.559839394765,191.88277181223702,0.7511146631563234
2021-10-23,Leeds,Wolves,D,1519.0438439275058,1504.3937040615465,79.65013986595932,0.6126590007630749
2021-10-23,Southampton,Burnley,D,1461.7815514343702,1430.211921035636,96.56963039873426,0.6355032288897248
2021-10-24,Brentford,Leicester,A,1519.0189078923536,1557.3774705002966,26.641437392057014,0.5382651419091404
2021-10-24,Man United,Liverpool,A,1638.8914272802388,1699.593479352403,4.297947927835821,0.5061849287802779
2021-10-24,West Ham,Tottenham,H,1566.8171740350992,1579.194068504726,52.62310553037332,0.5751568992679732
2021-10-30,Burnley,Brentford,H,1432.9219856134305,1508.2536050541707,-10.331619440740269,0.4851359854733316
2021-10-30,Leicester,Arsenal,A,1568.1427733384794,1580.1519328121003,52.99084052637909,0.5756740728255321
2021-10-30,Liverpool,Brighton,D,1709.7171779280086,1493.19047668938,281.5267012386287,0.8348775798275666
2021-10-30,Man City,Crystal Palace,A,1735.5276289368574,1469.137482927391,331.39014600946643,0.8707532220633817
2021-10-30,Newcastle,Chelsea,A,1448.100634221941,1650.8496461045997,-137.7490118826588,0.3115362304618402
2021-10-30,Tottenham,Man United,A,1570.6972064900854,1628.767728704633,6.929477785452264,0.5099709980752333
2021-10-30,Watford,Southampton,A,1431.5821326578914,1459.0714868565756,37.51064580131583,0.5537733880320558
2021-10-31,Aston Villa,West Ham,A,1493.202397167633,1575.3140360497398,-17.111638882106718,0.47539426416884856
2021-10-31,Norwich,Leeds,A,1337.046385929839,1516.7906639122443,-114.74427798240526,0.3406225499089521
2021-11-01,Wolves,Everton,H,1506.646884076808,1528.4203179438757,43.22656613293225,0.5618890242318327
2021-11-05,Southampton,Aston Villa,H,1470.1469546172166,1483.6945118842561,51.452442732960435,0.5735094168521785
2021-11-06,Brentford,Norwich,A,1497.9563247636374,1330.23393493166,232.72238983197735,0.7924336552352297
2021-11-06,Brighton,Newcastle,D,1499.8880282859313,1441.869909612704,123.01811867322726,0.6699920752055588
2021-11-06,Chelsea,Burnley,D,1657.0803707138366,1443.2192659039638,278.8611048098728,0.8327513620331125
2021-11-06,Crystal Palace,Wolves,H,1486.5525473686585,1515.4091035921713,36.143443776487175,0.551827770222929
2021-11-06,Man United,Man City,A,1638.9671486661377,1718.1125644955898,-14.145415829452077,0.47965435072319984
2021-11-07,Arsenal,Watford,H,1591.665414268611,1420.5066648972504,236.1587493713605,0.7956685118441761
2021-11-07,Everton,Tottenham,D,1519.6580984285124,1560.4977865285807,24.160311899931685,0.5347135473976194
2021-11-07,Leeds,Leicester,D,1523.6031149104233,1556.6292918819688,31.97382302845449,0.5458845686034887
2021-11-07,West Ham,Liverpool,H,1584.8219213331167,1703.0196263314572,-53.19770499834044,0.4240350707505926
2021-11-20,Aston Villa,Brighton,H,1475.1647002212997,1496.48818678182,43.67651343947955,0.5625265271570223
2021-11-20,Burnley,Crystal Palace,D,1449.874293144626,1495.5159919641999,19.358301180426224,0.5278300417141276
2021-11-20,Leicester,Chelsea,A,1557.5469832540387,1650.4253434731743,-27.87836021913563,0.4599656982437687
2021-11-20,Liverpool,Arsenal,H,1691.500327746469,1595.7520440317273,160.74828371474177,0.7161292227636616
2021-11-20,Newcastle,Brentford,D,1445.2697511168153,1482.1076516589328,28.162099457882505,0.5404399909076811
2021-11-20,Norwich,Southampton,H,1346.0826080363647,1478.676766280173,-67.59415824380835,0.4039331929459519
2021-11-20,Watford,Man United,H,1416.420035134134,1629.3740616516739,-147.9540265175399,0.29907807599606856
2021-11-20,Wolves,West Ham,H,1506.4456589966298,1596.3412199181048,-24.895560921474953,0.4642336006751313
2021-11-21,Man City,Everton,H,1727.7056515100537,1518.96382748056,273.7418240294937,0.8286066869856369
2021-11-21,Tottenham,Leeds,H,1561.1920574765331,1522.6854235383535,103.50663393817968,0.6447021741474137
2021-11-27,Arsenal,Newcastle,H,1590.0746284870006,1444.4609512986617,210.6136771883389,0.7707215205714231
2021-11-27,Brighton,Leeds,D,1487.7387173249606,1515.5794670213018,37.15925030365884,0.5532734841233087
2021-11-27,Crystal Palace,Aston Villa,A,1496.0725927984824,1483.9141696781592,77.15842312032328,0.609249729555368
2021-11-27,Liverpool,Southampton,H,1697.1777432911958,1466.7554301390921,295.4223131521037,0.845611454917771
2021-11-27,Norwich,Wolves,D,1358.0039441774456,1517.1609869831273,-94.15704280568161,0.3677197784492726
2021-11-28,Brentford,Everton,H,1482.9164514770864,1515.5359612202726,32.3804902568138,0.5464648185453119
2021-11-28,Chelsea,Man United,D,1659.6246574380496,1615.3556231715952,109.26903426645436,0.6522633891413663
2021-11-28,Leicester,Watford,H,1548.3476692891634,1430.4384736142126,182.90919567495075,0.741333301337404
2021-11-28,Man City,West Ham,H,1731.133517770341,1585.6258919316074,210.5076258387337,0.7706136247951172
2021-11-30,Leeds,Crystal Palace,H,1516.6449367037678,1483.887598207375,97.75733849639278,0.6370854712673578
2021-11-30,Newcastle,Norwich,D,1439.87538171009,1360.6495486084602,144.22583310162986,0.6964036938161576
2021-12-01,Aston Villa,Man City,A,1496.0991642692666,1735.7212452744388,-174.62208100517228,0.2679191894658855
2021-12-01,Everton,Liverpool,A,1506.465257591179,1700.2655141928403,-128.80025660166143,0.32269067393644674
2021-12-01,Southampton,Leicester,D,1463.6676592374477,1553.5210032624152,-24.853344024967555,0.4642940453183156
2021-12-01,Watford,Chelsea,A,1425.2651396409608,1656.5793896552223,-166.31425001426146,0.27740271183471993
2021-12-01,West Ham,Brighton,D,1581.0381644275096,1486.6732476424945,159.3649167850151,0.7145075957148549
2021-12-01,Wolves,Burnley,D,1514.5153825521127,1449.3176923103435,130.19769024176912,0.6790649804197879
2021-12-02,Man United,Arsenal,H,1618.4008909544225,1594.6601980755722,88.74069287885027,0.6250016096031537
2021-12-02,Tottenham,Brentford,H,1568.2980139935848,1491.9871551061801,141.31085888740472,0.6928443381792776
2021-12-04,Newcastle,Burnley,H,1435.947307833767,1452.8989919187393,48.048315915027615,0.5687096123290822
2021-12-04,Southampton,Brighton,D,1464.3817783310813,1490.9633995567915,38.41837877428975,0.5550642456939945
2021-12-04,Watford,Man City,A,1419.7170854042663,1741.0796290637566,-256.36254365949026,0.1860715132179294
2021-12-04,West Ham,Chelsea,H,1576.7480125132124,1662.1274438919168,-20.37943137870434,0.47070523028477484
2021-12-04,Wolves,Liverpool,A,1510.934082943717,1706.7193276715693,-130.7852447278524,0.320198356462386
2021-12-05,Aston Villa,Leicester,H,1490.7407804799489,1552.8068841687816,2.9338963111672456,0.5042221158370339
2021-12-05,Leeds,Brentford,D,1523.9032272784207,1485.8440418697658,103.05918540865491,0.6441119565903534
2021-12-05,Man United,Crystal Palace,H,1625.9008587623593,1476.6293076327222,214.27155112963715,0.7744211704185183
2021-12-05,Tottenham,Norwich,H,1574.4411272299992,1364.5776224847834,274.8635047452158,0.8295217378790639
2021-12-06,Everton,Arsenal,H,1500.01144411245,1587.1602302676354,-22.148786155185462,0.468168443710082
2021-12-10,Brentford,Watford,H,1488.7262810015727,1415.9956551399077,137.73062586166498,0.6884410687067904
2021-12-11,Arsenal,Southampton,H,1576.523599141837,1463.2804934172013,178.2431057246356,0.7361493498945397
2021-12-11,Chelsea,Leeds,H,1651.5415484976122,1521.0209881466137,195.5205603509985,0.7550087455848513
2021-12-11,Liverpool,Aston Villa,H,1713.1232948008171,1500.6563381632081,277.466956637609,0.8316306306114106
2021-12-11,Man City,Wolves,H,1744.8010593281151,1504.5301158144691,305.270943513646,0.8528687736228796
2021-12-11,Norwich,Man United,A,1361.1680572423647,1630.412435353989,-204.2443781116242,0.23582169585010337
2021-12-12,Burnley,West Ham,D,1444.273184165321,1587.333907907517,-78.06072374219593,0.3895144532308629
2021-12-12,Crystal Palace,Everton,H,1472.1177310410926,1510.6480752382483,26.469655802844272,0.5380193669516078
2021-12-12,Leicester,Newcastle,H,1542.8913264855223,1444.5731155871852,163.31821089833716,0.7191269652810924
2021-12-14,Man City,Leeds,H,1747.7436838556575,1516.1211630583107,296.62252079734685,0.8465112850190109
2021-12-14,Norwich,Aston Villa,A,1356.4516233253626,1497.2889507754364,-75.83732745007387,0.3925622090468559
2021-12-15,Arsenal,West Ham,H,1581.8006121439462,1585.1241969721343,61.67641517181187,0.5878387417837511
2021-12-15,Brighton,Wolves,A,1492.0646844706714,1501.5874912869267,55.4771931837447,0.579166417760946
2021-12-15,Crystal Palace,Southampton,D,1481.3573437020605,1458.003480415092,88.35386328696836,0.6244795661551114
2021-12-16,Chelsea,Everton,D,1656.4413735859152,1501.4084625772805,220.03291100863476,0.7801620983060493
2021-12-16,Liverpool,Newcastle,H,1716.4906821885888,1438.955654892807,342.5350272957819,0.8778032596702225
2021-12-18,Leeds,Arsenal,A,1513.0513887586908,1590.0438373082711,-11.992448549580331,0.48274833003277107
2021-12-19,Newcastle,Man City,A,1436.5117200862114,1750.8134581552774,-249.301738069066,0.19230588447371214
2021-12-19,Tottenham,Liverpool,D,1577.850692472418,1718.9346169951843,-76.08392452276644,0.3922237644320963
2021-12-19,Wolves,Chelsea,D,1513.1708196421457,1650.8381316197942,-72.66731197764852,0.3969220192683194
2021-12-26,Aston Villa,Chelsea,A,1505.1401949563735,1648.7765720051607,-78.63637704878715,0.38872676148778595
2021-12-26,Brighton,Brentford,H,1480.4813561154524,1494.957459627437,50.52389648801545,0.5722015037918459
2021-12-26,Man City,Leicester,H,1754.6595758447518,1548.5087871799005,271.15078866485123,0.826478072236274
2021-12-26,Norwich,Arsenal,A,1348.6003791444255,1599.6988039089265,-186.09842476450103,0.255161897518201
2021-12-26,Tottenham,Crystal Palace,H,1580.006217183776,1478.8677523789581,166.1384648048179,0.7223944064747223
2021-12-26,West Ham,Southampton,A,1576.8809718078094,1460.4930717381944,181.38790006961494,0.739650474707486
2021-12-27,Newcastle,Man United,D,1432.665602396737,1635.1288692709911,-137.46326687425403,0.3118891360663259
2021-12-28,Crystal Palace,Norwich,H,1473.3156405084526,1343.4971411940614,194.81849931439115,0.7542604376500474
2021-12-28,Leicester,Liverpool,H,1545.038348624626,1716.7790922838262,-106.74074365920023,0.35104496436318994
2021-12-28,Southampton,Tottenham,D,1475.2860812323443,1585.5583290542816,-45.2722478219373,0.4352142523882475
2021-12-28,Watford,West Ham,A,1409.7644765140435,1562.0879623136595,-87.32348579961604,0.37691238296709767
2021-12-29,Brentford,Man City,A,1486.401489703274,1758.1300144000263,-206.7285246967524,0.23325445595816585
2021-12-29,Chelsea,Brighton,D,1656.5511072349163,1489.0373260396154,232.5137811953009,0.7922360673482879
2021-12-30,Man United,Burnley,H,1631.3666519923177,1446.4828951007037,249.88375689161398,0.8082139730517829
2022-01-01,Arsenal,Man City,A,1604.8020418592905,1762.7951035191895,-92.99306165989901,0.3692790139104506
2022-01-01,Crystal Palace,West Ham,A,1478.2304317554517,1569.6262099730016,-26.395778217549832,0.46208633842639407
2022-01-01,Watford,Tottenham,A,1402.2262288547015,1584.2626141020464,-117.03638524734492,0.3376653579435377
2022-01-02,Brentford,Aston Villa,H,1481.7364005841107,1497.3656597266179,49.37074085749282,0.5705758110266113
2022-01-02,Chelsea,Liverpool,D,1650.7063858879505,1703.79999157109,11.906394316860542,0.5171279743482359
2022-01-02,Everton,Brighton,A,1507.0117045434015,1494.8820473865812,77.12965715682026,0.6092103076954315
2022-01-02,Leeds,Burnley,H,1503.3964221580354,1442.6471745617393,125.74924759629607,0.6734588360676513
2022-01-03,Man United,Wolves,A,1635.202372531282,1515.2323792567793,184.9699932745027,0.7436015904958188
2022-01-11,Southampton,Brentford,H,1476.5817961845794,1490.3248843635786,51.25691182100081,0.5732340846477203
2022-01-12,West Ham,Norwich,H,1578.8679367415293,1338.5823499470623,305.285586794467,0.8528793507625497
2022-01-14,Brighton,Crystal Palace,D,1507.06625354049,1468.988704986924,103.07754855356598,0.6441361875659963
2022-01-15,Aston Villa,Man United,D,1488.77717594715,1620.3303407213657,-66.5531647742157,0.4053768264976507
2022-01-15,Man City,Chelsea,H,1770.1806837973986,1650.3638264009858,184.81685739641284,0.7434334851479834
2022-01-15,Newcastle,Watford,D,1436.4278196754105,1395.4729216958308,105.95489797957975,0.6479237895388442
2022-01-15,Norwich,Everton,H,1335.6399369623134,1494.8274983894928,-94.18756142717939,0.367678933618277
2022-01-15,Wolves,Southampton,H,1530.1044110666955,1485.117114491625,109.98729657507056,0.6532006020232647
2022-01-16,Liverpool,Brentford,H,1704.1425510580548,1481.789566056533,287.3529850015218,0.8394493604011058
2022-01-16,West Ham,Leeds,A,1581.8103497262782,1509.9272454366824,136.88310428959585,0.6873936700196125
2022-01-18,Brighton,Chelsea,D,1504.18352978917,1645.2324961039456,-76.0489663147755,0.3922717368817343
2022-01-19,Brentford,Man United,A,1478.578553264555,1618.4378772513187,-74.85932398676368,0.39390549354983895
2022-01-19,Leicester,Tottenham,A,1558.0174493373622,1591.0159212609171,32.001528076445084,0.5459241033085085
2022-01-21,Watford,Norwich,A,1398.4313974866077,1348.2863582899479,115.14503919665981,0.659895401505848
2022-01-22,Brentford,Wolves,A,1470.7004433935583,1537.0403990262303,-1.3399556326719448,0.4980716583951416
2022-01-22,Everton,Aston Villa,A,1482.1810770618583,1490.669639417197,56.51143764466133,0.5806168142315989
2022-01-22,Leeds,Newcastle,A,1523.6751188370747,1433.4693438846336,155.20577495244106,0.7095987865341221
2022-01-22,Man United,West Ham,H,1626.3159871223154,1568.0624763258859,123.25351079642951,0.6702916060608515
2022-01-22,Southampton,Man City,D,1478.1811265320903,1775.3120140944388,-232.13088756234856,0.20812695909603043
2022-01-23,Arsenal,Burnley,D,1597.4164615810814,1436.1163512830924,226.30011029798902,0.7862870468788745
2022-01-23,Chelsea,Tottenham,H,1643.0779308415802,1601.9344033270872,106.14352751449292,0.6481714497303435
2022-01-23,Crystal Palace,Liverpool,A,1471.8714287382438,1707.3535638500327,-170.48213511178892,0.27261922574847386
2022-01-23,Leicester,Brighton,D,1547.0989672711921,1506.3380950515354,105.76087221965668,0.6476689613832306
2022-02-05,Burnley,Watford,D,1441.8420922206699,1385.2334894564908,121.60860276417907,0.6681956184871888
2022-02-08,Burnley,Man United,D,1438.4781798509262,1632.9101550010985,-129.43197515017232,0.3218963962103352
2022-02-08,Newcastle,Everton,H,1447.6613196153162,1470.5687407772264,42.09257883808982,0.5602814445278821
2022-02-08,West Ham,Watford,H,1561.4683084471028,1388.5974018262345,237.87090662086825,0.7972662278039381
2022-02-09,Aston Villa,Leeds,D,1502.281975701829,1509.4831431063922,57.79883259543681,0.5824202752046382
2022-02-09,Man City,Brentford,H,1769.4745532763595,1460.7390102256554,373.7355430507041,0.895799036789022
2022-02-09,Norwich,Crystal Palace,D,1361.4842663200648,1466.4190442232743,-39.93477790320958,0.44278099716504526
2022-02-09,Tottenham,Southampton,A,1594.897832321694,1484.0185873501696,175.87924497152449,0.733497842920745
2022-02-10,Liverpool,Leicester,H,1712.8059483650022,1544.1455880435276,233.66036032147463,0.7933203588393781
2022-02-10,Wolves,Arsenal,A,1547.0018321941332,1591.690720643504,20.31111155062922,0.5291967859584468
2022-02-12,Brentford,Crystal Palace,D,1458.654990961436,1465.2746641665753,58.38032679486059,0.5832341484405962
2022-02-12,Everton,Leeds,H,1461.774369667784,1511.131548610485,15.642821057298988,0.5224966299694064
2022-02-12,Man United,Southampton,D,1629.348082925305,1498.6885442085845,195.6595387167206,0.7551566962239735
2022-02-12,Norwich,Man City,A,1362.6286463767638,1771.558572540579,-343.92992616381525,0.12133804835495905
2022-02-12,Watford,Brighton,A,1384.5427263823133,1509.2914742792,-59.7487478968867,0.4148523728609805
2022-02-13,Burnley,Liverpool,A,1442.0402519267195,1716.9395411882147,-209.89928926149514,0.23000598067116723
2022-02-13,Leicester,West Ham,D,1540.0119952203152,1565.522983891024,39.48901132929109,0.5565858017916394
2022-02-13,Newcastle,Aston Villa,H,1456.4556907247586,1500.6335701977362,20.822120527022435,0.5299296159455346
2022-02-13,Tottenham,Wolves,A,1580.2278754632791,1536.4178964749642,108.80997898831492,0.6516637794716621
2022-02-15,Man United,Brighton,H,1624.2449490008257,1517.5885217364196,171.65642726440615,0.7287191605641293
2022-02-19,Arsenal,Brentford,H,1602.2746563626729,1456.990307992624,210.28434837004897,0.7703863475688885
2022-02-19,Aston Villa,Watford,A,1491.232162516647,1376.2456789250937,179.98648359155322,0.7380939919082539
2022-02-19,Brighton,Burnley,A,1512.1629049477021,1437.440132313296,139.72277263440606,0.6908954484782589
2022-02-19,Crystal Palace,Chelsea,A,1466.9393471353874,1650.1145018469733,-118.17515471158595,0.33620084900637237
2022-02-19,Liverpool,Norwich,H,1721.539660801638,1360.2018854096646,426.33777539197354,0.9208678656384777
2022-02-19,Man City,Tottenham,A,1773.9853335076782,1567.1945998738458,271.79073363383236,0.8270057411738995
2022-02-19,Southampton,Everton,H,1503.791678133064,1471.3244370683958,97.46724106466809,0.6366992813170516
2022-02-19,West Ham,Newcastle,D,1566.654699926857,1465.8570984058479,165.79760152100903,0.7220007404585645
2022-02-20,Leeds,Man United,A,1501.5814812098731,1629.6705657895432,-63.08908457967004,0.4101924241677064
2022-02-20,Wolves,Leicester,H,1549.4511720643975,1538.8802791844823,75.57089287991516,0.6070720041342567
2022-02-23,Burnley,Tottenham,H,1451.2580412828613,1583.7347146973239,-67.47667341446254,0.4040960363486856
2022-02-23,Liverpool,Leeds,H,1723.1223034888685,1493.377632726519,294.7446707623494,0.8451015049828151
2022-02-23,Watford,Crystal Palace,A,1391.0075587632587,1460.2153301552598,-4.2077713920011774,0.4939448262431377
2022-02-24,Arsenal,Wolves,H,1606.8669294112951,1557.3097319817123,114.55719742958286,0.6591355331212919
2022-02-25,Southampton,Norwich,H,1511.0576925067228,1358.6192427224341,217.43844978428865,0.7775899075106343
2022-02-26,Brentford,Newcastle,A,1452.3980349440017,1470.2971132150192,47.100921728982485,0.5673714510724289
2022-02-26,Brighton,Aston Villa,A,1498.344995978137,1476.470282678482,86.87471329965501,0.6224807279348896
2022-02-26,Crystal Palace,Burnley,D,1470.0942266801226,1463.1761205558876,71.91810612423501,0.6020451528359732
2022-02-26,Everton,Man City,A,1464.058422694737,1757.4452186842002,-228.38679598946328,0.21170141354011063
2022-02-26,Leeds,Tottenham,A,1490.2796628261754,1571.8166354242976,-16.536972598122247,0.4762193390066113
2022-02-26,Man United,Watford,D,1637.8744142728972,1381.128662238396,321.74575203450127,0.8643755220044547
2022-02-27,West Ham,Wolves,H,1562.2146851176856,1550.492442644138,76.72224247354757,0.6086518197969986
2022-03-01,Burnley,Leicester,A,1465.2170236126071,1531.0217192671676,-0.8046956545604189,0.4988419519340954
2022-03-05,Aston Villa,Southampton,H,1488.9198972371796,1515.50589435651,38.414002880669614,0.5550580246450969
2022-03-05,Burnley,Chelsea,A,1455.2401845739253,1656.8385188271009,-136.5983342531756,0.3129586899939201
2022-03-05,Leicester,Leeds,H,1540.9985583058494,1480.755276046043,125.24328225980639,0.6728180034446135
2022-03-05,Liverpool,West Ham,H,1726.2202733892123,1570.0416487217456,221.1786246674667,0.781291155419035
2022-03-05,Newcastle,Brighton,H,1481.6445422364677,1485.8953814194392,60.749160817028496,0.5865448957779057
2022-03-05,Norwich,Brentford,A,1354.171040872647,1441.0506059225531,-21.879565049906205,0.46855433269163316
2022-03-05,Wolves,Crystal Palace,A,1542.665479040078,1468.053323623403,139.61215541667502,0.6907594453370618
2022-03-06,Man City,Man United,H,1761.6792469550023,1630.586903832808,196.09234312219428,0.7556170550350267
2022-03-06,Watford,Arsenal,A,1388.416172678485,1613.6842187488694,-160.26804607038434,0.28443309689245955
2022-03-07,Tottenham,Everton,H,1581.34102220443,1459.8243944239348,186.51662778049513,0.7452953637871416
2022-03-10,Leeds,Aston Villa,A,1474.2116361149353,1497.8187367442777,41.39289937065769,0.5592889211866989
2022-03-10,Norwich,Chelsea,A,1344.7999542188143,1663.0976926269793,-253.29773840816506,0.18875825173379626
2022-03-10,Southampton,Newcastle,A,1506.607054849412,1489.9136443209095,81.69341052850245,0.6154464937427377
2022-03-10,Wolves,Watford,H,1528.8502901333368,1382.7275107406358,211.12277939270098,0.7712389804916376
2022-03-12,Brentford,Burnley,H,1450.4216925763858,1448.9810107740468,66.44068180233899,0.5944670853920434
2022-03-12,Brighton,Liverpool,A,1477.6262793349974,1730.5944502808316,-187.96817094583412,0.25312171547161894
2022-03-12,Man United,Tottenham,H,1625.6992449335087,1586.4351149286872,104.26413000482148,0.6457003639632043
2022-03-13,Arsenal,Leicester,H,1619.3728806867186,1547.5421982369571,136.83068244976153,0.6873288221356729
2022-03-13,Chelsea,Newcastle,H,1666.8728576616552,1502.2225741957643,229.65028346589088,0.7895098245880995
2022-03-13,Everton,Wolves,A,1454.7303016996775,1533.425510523504,-13.695208823826533,0.48030121165018896
2022-03-13,Leeds,Norwich,H,1463.0258576912013,1341.0247891841384,187.00106850706288,0.7458243743657346
2022-03-13,Southampton,Watford,A,1494.2981249745571,1378.1522903504685,181.1458346240886,0.7393820535106299
2022-03-13,West Ham,Aston Villa,H,1565.6674718301263,1509.0045151680117,121.66295666211454,0.6682649849060346
2022-03-14,Crystal Palace,Man City,D,1481.8685125301442,1766.5669058543017,-219.69839332415745,0.22016834459327786
2022-03-16,Arsenal,Liverpool,A,1625.6263042440053,1735.6568845902639,-45.0305803462586,0.43555623168449753
2022-03-16,Brighton,Tottenham,A,1472.5638450255651,1579.3491222079513,-41.78527718238615,0.4401544162910531
2022-03-17,Everton,Newcastle,H,1445.1242774666737,1498.0127706875262,12.111506779147476,0.517422802527303
2022-03-18,Wolves,Leeds,A,1543.0315347565079,1468.1093702038866,139.92216455262133,0.6911405160150814
2022-03-19,Aston Villa,Arsenal,A,1502.3698148661324,1616.9151796103154,-49.54536474418296,0.4291779094173756
2022-03-20,Leicester,Brentford,H,1541.2887746796705,1458.5323508685449,147.75642381112561,0.7006834165097151
2022-03-20,Tottenham,West Ham,H,1588.1522105337724,1572.3021721320056,80.85003840176682,0.6142968463892653
2022-04-02,Brighton,Norwich,D,1463.760756699744,1335.9412766714531,192.81948002829085,0.7521213093876784
2022-04-02,Burnley,Man City,A,1440.8703524818877,1760.9702727461672,-255.0999202642795,0.18717479340044677
2022-04-02,Chelsea,Brentford,A,1671.0826611698933,1452.5460191987393,283.53664197115404,0.8364664320576504
2022-04-02,Leeds,Southampton,D,1481.9321805241882,1479.5104839043445,67.42169661984371,0.5958277541438279
2022-04-02,Liverpool,Watford,H,1744.3680092239538,1392.9399314206812,416.4280778032726,0.9166099256149467
2022-04-02,Man United,Leicester,D,1632.7852376542446,1547.2751063494761,150.5101313047685,0.7039973034796156
2022-04-02,Wolves,Aston Villa,H,1529.2087244362062,1493.7862566777849,100.42246775842136,0.640625078824386
2022-04-03,Tottenham,Newcastle,H,1595.866273605987,1488.3612267380722,172.50504686791487,0.7296837938329056
2022-04-03,West Ham,Everton,H,1564.588109059791,1454.7758214161277,174.81228764366324,0.7322955114138516
2022-04-04,Crystal Palace,Arsenal,H,1487.4651456382787,1625.498737798663,-73.03359216038416,0.39641741229891136
2022-04-06,Burnley,Everton,H,1437.1268566138788,1449.4217316444046,52.70512496947413,0.5752722637119815
2022-04-08,Newcastle,Wolves,H,1482.9549026147304,1536.3962228597186,11.55867975501178,0.5166281431061004
2022-04-09,Arsenal,Brighton,A,1613.427086044641,1458.7183305119904,219.70875553265068,0.7798418967402934
2022-04-09,Aston Villa,Tottenham,A,1486.5987582542725,1601.272597729329,-49.67383947505641,0.4289967383765419
2022-04-09,Everton,Man United,H,1440.9271769186444,1628.7052915846523,-122.77811466600792,0.33031346626539687
2022-04-09,Southampton,Chelsea,A,1481.427038987221,1654.3533325287403,-107.92629354151927,0.3494918267415219
2022-04-09,Watford,Leeds,A,1391.27212993298,1480.0156254413116,-23.743495508331534,0.46588345771196576
2022-04-10,Brentford,West Ham,H,1469.2753478398922,1569.942198831514,-35.666850991621686,0.44885082865834147
2022-04-10,Leicester,Crystal Palace,H,1551.3550524190684,1499.5367973923005,116.81825502676793,0.6620537600033131
2022-04-10,Man City,Liverpool,D,1764.7137686141762,1746.035810711655,83.67795790252126,0.6181466390309218
2022-04-10,Norwich,Burnley,H,1340.9837028592067,1445.621411339639,-39.637708480432366,0.4432029568250723
2022-04-16,Man United,Norwich,H,1615.3115609099602,1352.1196437227052,328.19191718725506,0.8686670878680073
2022-04-16,Southampton,Arsenal,H,1474.4372024523907,1597.8302481098353,-58.393045657444645,0.41674805498572703
2022-04-16,Tottenham,Brighton,A,1609.8525324968598,1474.3151684467962,200.53736405006362,0.7603111006342278
2022-04-16,Watford,Brentford,A,1381.9544607787407,1480.2983312667254,-33.34387048798476,0.4521610964192153
2022-04-17,Newcastle,Leicester,H,1492.6223397526085,1558.1139772190022,-0.4916374663937404,0.49929247728394016
2022-04-17,West Ham,Burnley,D,1558.9192154046807,1434.4854704761406,189.43374492854014,0.7484698939667512
2022-04-19,Liverpool,Man United,H,1748.3987434922733,1617.9382191526001,195.46052433967316,0.7549448150462139
2022-04-20,Chelsea,Arsenal,A,1661.3431690635707,1586.1652092095499,140.17795985402086,0.6914547500784204
2022-04-20,Everton,Leicester,D,1454.3209075933364,1548.099826764681,-28.77891917134457,0.45867826849370086
2022-04-20,Man City,Brighton,H,1762.3508358335578,1489.5213904594807,337.82944537407707,0.8748678658421819
2022-04-20,Newcastle,Crystal Palace,H,1502.6364902069297,1492.7778725923667,74.85861761456295,0.6060935356678164
2022-04-21,Burnley,Southampton,H,1439.4548683554756,1486.1022413526762,18.35262700279941,0.5263870155178323
2022-04-23,Arsenal,Man United,H,1599.9943042111183,1613.0371154535244,51.95718875759394,0.5742199519735007
2022-04-23,Brentford,Tottenham,D,1489.3415531951098,1594.6463104841753,-40.30475728906549,0.442255591160565
2022-04-23,Leicester,Aston Villa,D,1547.273392134555,1478.0188234867417,134.25456864781336,0.6841330684665616
2022-04-23,Man City,Watford,H,1764.8534785167142,1372.9112388503563,456.94223966635786,0.9327908102620239
2022-04-23,Norwich,Newcastle,A,1349.4929854800653,1510.5146194935733,-96.02163401350799,0.3652277926195667
2022-04-24,Brighton,Southampton,D,1487.0187477763243,1476.6299816630328,75.38876611329147,0.6068218939547642
2022-04-24,Burnley,Wolves,H,1448.927128045119,1526.7287857218405,-12.801657676721561,0.48158526642422333
2022-04-24,Chelsea,West Ham,H,1647.5140740620022,1553.9498175253457,158.56425653665656,0.7135664991580699
2022-04-24,Liverpool,Everton,H,1753.299847191349,1455.1473422234624,363.15250496788667,0.8899738348807662
2022-04-25,Crystal Palace,Leeds,D,1484.8997433057232,1489.333294595551,60.56644871017215,0.5862898065412157
2022-04-28,Man United,Chelsea,D,1604.5215144929944,1653.2427440788408,16.27877041415354,0.5234099056943906
2022-04-30,Aston Villa,Norwich,H,1481.701484856073,1342.188429627674,204.51305522839903,0.7644569081458781
2022-04-30,Leeds,Man City,A,1491.0590907263754,1766.1976623114738,-210.13857158509836,0.22976212590695264
2022-04-30,Newcastle,Liverpool,A,1517.8191753459646,1755.5003704937337,-172.68119514776913,0.27011624773774406
2022-04-30,Southampton,Crystal Palace,A,1478.766419542128,1483.1739471748988,60.59247236722922,0.5863261416926784
2022-04-30,Watford,Burnley,A,1371.5670550555967,1459.2954227166344,-22.728367661037737,0.46733782839699245
2022-04-30,Wolves,Brighton,A,1516.360491050325,1484.882309897229,96.47818115309587,0.6353812798901363
2022-05-01,Everton,Chelsea,H,1452.9468189210777,1653.7109421927287,-135.764123271651,0.31399214336383285
2022-05-01,Tottenham,Leicester,H,1593.4914223073865,1543.5907307652237,114.9006915421628,0.6595796473375296
2022-05-01,West Ham,Arsenal,A,1548.221147508507,1608.5099051716484,4.7112423368587315,0.5067796072060042
2022-05-02,Man United,Brentford,H,1604.0533163791065,1490.4964413718985,178.55687500720796,0.7365000249739428
2022-05-07,Brentford,Southampton,H,1485.2264418713773,1467.0398967082745,83.18654516310289,0.6174787026185447
2022-05-07,Brighton,Man United,H,1497.5899354950318,1609.3233158796277,-46.733380384595876,0.433147954133197
2022-05-07,Burnley,Aston Villa,A,1468.6421792845742,1486.4123466931553,47.229832591418926,0.567553591408585
2022-05-07,Chelsea,Wolves,D,1639.9907850600052,1503.6528654525223,201.33791960748295,0.7611499133151113
2022-05-07,Crystal Palace,Watford,H,1494.9004700087523,1362.220298487657,197.68017152109542,0.7573009515005578
2022-05-07,Liverpool,Tottenham,D,1760.9026954484887,1600.2998293606358,225.60286608785282,0.7856118175249013
2022-05-08,Arsenal,Leeds,H,1618.6454973157684,1486.4638482082364,197.18164910753194,0.7567731173827789
2022-05-08,Leicester,Everton,A,1536.7823237119744,1466.6669760538011,135.11534765817328,0.6852028501521226
2022-05-08,Man City,Newcastle,H,1770.7929048296128,1512.4168503912097,323.3760544384031,0.8654719463159135
2022-05-08,Norwich,West Ham,A,1337.4775677905916,1538.0855553643871,-135.60798757379553,0.31418577591169106
2022-05-10,Aston Villa,Liverpool,A,1497.763418521327,1755.1904590979907,-192.42704057666379,0.2483000985249259
2022-05-11,Leeds,Chelsea,A,1481.599310555892,1634.767786793703,-88.16847623781086,0.3757707244511138
2022-05-11,Leicester,Norwich,H,1523.078266708932,1331.1938522723578,256.88441443657416,0.8143830299198178
2022-05-11,Watford,Everton,D,1357.366317517668,1480.3710330568435,-58.00471553917555,0.41729151450400304
2022-05-11,Wolves,Man City,A,1508.8758637188246,1773.4834659032945,-199.6076021844699,0.24066562172873232
2022-05-12,Tottenham,Arsenal,H,1606.0120657111338,1623.5100349681127,47.50203074302112,0.5679381247339687
2022-05-15,Aston Villa,Crystal Palace,D,1492.7974165508283,1499.7544509787413,58.04296557208704,0.5827620245256608
2022-05-15,Everton,Brentford,A,1478.7168633469237,1492.8768678190065,50.839995527917154,0.5726468625009028
2022-05-15,Leeds,Brighton,D,1474.0838960668698,1508.9269764123678,30.156919654501962,0.5432906334481713
2022-05-15,Tottenham,Burnley,H,1614.6533032164543,1457.2911074564026,222.3621957600517,0.7824531285898225
2022-05-15,Watford,Leicester,A,1359.0204872275879,1526.7906061105357,-102.77011888294783,0.35626957659258135
2022-05-15,West Ham,Man City,D,1544.3692708826209,1778.2967783378692,-168.92750745524836,0.2743974319143044
2022-05-15,Wolves,Norwich,D,1504.0625512842498,1327.4815128707542,241.58103841349566,0.800696349855713
2022-05-16,Newcastle,Arsenal,H,1509.726289317528,1614.8687974627921,-40.14250814526417,0.44248598457446403
2022-05-17,Southampton,Liverpool,A,1459.3894707606453,1760.1564610684893,-235.76699030784403,0.20469837463673649
2022-05-19,Aston Villa,Burnley,D,1491.142176060315,1452.9401700281992,103.20200603211583,0.6443003952053776
2022-05-19,Chelsea,Leicester,D,1642.2832012827253,1533.9159976423873,173.36720364033795,0.7306616006452544
2022-05-19,Everton,Crystal Palace,H,1467.2639260969056,1501.4096914692545,30.854234627651067,0.5442864533001748
2022-05-22,Arsenal,Everton,H,1603.7185171542815,1476.3781970309021,192.34032012337934,0.75160671493544
2022-05-22,Brentford,Leeds,A,1504.3298050690246,1473.2180833979064,96.11172167111818,0.6348924261703802
2022-05-22,Brighton,West Ham,H,1509.7927890813312,1548.8813222443348,25.911466836996397,0.5372206161484437
2022-05-22,Burnley,Newcastle,A,1455.8261779323068,1520.8765696260386,-0.05039169373185359,0.49992748052375996
2022-05-22,Chelsea,Watford,H,1637.66996926982,1351.8950956957362,350.7748735740838,0.882800588707897
2022-05-22,Crystal Palace,Man United,H,1492.295420535258,1597.9862749622916,-40.69085442703363,0.4417074342108222
2022-05-22,Leicester,Southampton,H,1538.5292296552925,1455.2955032679106,148.23372638738192,0.7012593368541745
2022-05-22,Liverpool,Wolves,H,1764.250428561224,1498.0486242871355,331.20180427408854,0.8706311569261677
2022-05-22,Man City,Aston Villa,H,1773.7847269761553,1488.2561681562074,350.5285588199479,0.8826538076940711
2022-05-22,Norwich,Tottenham,A,1333.4954398678685,1619.0042406446578,-220.50880077678926,0.21936842285342997
2022-08-05,Crystal Palace,Arsenal,A,1503.4612718510416,1608.6863828555727,-40.22511100453107,0.4423686856036128
2022-08-06,Bournemouth,Aston Villa,H,1409.326899047037,1485.9092443100888,-11.58234526305182,0.48333783723407264
2022-08-06,Everton,Chelsea,A,1471.410331329611,1640.0139574956622,-103.6036261660513,0.3551699439114673
2022-08-06,Fulham,Liverpool,D,1379.7681149754708,1766.8378054227007,-322.06969044722996,0.13540602219893835
2022-08-06,Leeds,Wolves,H,1485.915931921314,1495.4612474256587,55.45468449565533,0.5791348368905406
2022-08-06,Newcastle,Nott'm Forest,H,1530.875119236514,1500.0,95.87511923651391,0.6345766527111426
2022-08-06,Tottenham,Southampton,H,1623.3916091017263,1449.320690004994,239.07091909673227,0.798380466689061
2022-08-07,Leicester,Brentford,D,1544.504042918209,1491.631956545617,117.8720863725921,0.6634096973440576
2022-08-07,Man United,Brighton,A,1586.820423646508,1519.0483767583623,132.77204688814572,0.6822860047871997
2022-08-07,West Ham,Man City,A,1539.6257345673037,1776.131650822274,-171.50591625497032,0.27145215204063594
2022-08-13,Arsenal,Leicester,H,1617.533756567645,1541.2358489713279,141.29790759631715,0.6928284721152296
2022-08-13,Aston Villa,Everton,H,1475.5760010547701,1464.3069324513815,76.26906860338863,0.6080302703734164
2022-08-13,Brentford,Man United,H,1494.9001504924981,1573.174703550764,-13.274553058265838,0.48090567285712393
2022-08-13,Brighton,Newcastle,D,1532.6940968541064,1538.183586182291,59.51051067181538,0.5848146802247621
2022-08-13,Man City,Bournemouth,H,1781.5606938630867,1419.6601423023556,426.9005515607312,0.9211036144336384
2022-08-13,Southampton,Leeds,D,1445.2882993387752,1494.3332351835031,15.955064155272112,0.522945055986288
2022-08-13,Wolves,Fulham,D,1487.0439441634696,1387.059994531492,164.98394963197757,0.7210596602608855
2022-08-14,Chelsea,Tottenham,D,1647.1173563738917,1627.4239997679451,84.69335660594652,0.6195253695359612
2022-08-14,Nott'm Forest,West Ham,H,1492.6915330542229,1534.196691526491,23.494841527731978,0.5337603491351404
2022-08-15,Liverpool,Crystal Palace,D,1759.5459258666795,1494.6138981389693,329.9320277277102,0.8698056454741945
2022-08-20,Bournemouth,Arsenal,A,1418.0822145910283,1623.6771871253404,-140.5949725343121,0.30803334674171834
2022-08-20,Crystal Palace,Aston Villa,H,1502.0100110484532,1483.4153956473017,83.59461540115149,0.6180333898767838
2022-08-20,Everton,Nott'm Forest,D,1456.46753785885,1502.01632607152,19.45121178732984,0.5279633346016435
2022-08-20,Fulham,Brentford,H,1391.4811877367097,1505.2820370353556,-48.80084929864597,0.43022817399064767
2022-08-20,Leicester,Southampton,A,1535.0924184136325,1444.8293982190494,155.26302019458308,0.7096666875678108
2022-08-20,Tottenham,Wolves,H,1629.8145071586644,1482.622750958252,212.19175620041233,0.7723228308892063
2022-08-21,Leeds,Chelsea,H,1494.792136303229,1644.7268489831724,-84.93471267994346,0.38014719437437894
2022-08-21,Newcastle,Man City,D,1539.8798797867862,1783.138621574414,-178.25874178762774,0.2638331678291958
2022-08-21,West Ham,Brighton,A,1524.8718985091937,1530.9978032496113,58.87409525958242,0.5839248828511394
2022-08-22,Man United,Liverpool,H,1562.7928170079065,1752.1498129571955,-124.35699594928906,0.3283060808563445
2022-08-27,Arsenal,Fulham,H,1629.8378540601748,1402.8766242568968,291.961229803278,0.8429924275265167
2022-08-27,Brentford,Everton,D,1493.8866005151685,1455.908271166817,102.97832934835151,0.6440052546894734
2022-08-27,Brighton,Leeds,H,1542.676300906634,1507.1891924157414,100.48710849089252,0.6407107413628046
2022-08-27,Chelsea,Leicester,H,1632.32979287066,1520.8990846622762,176.43070820838375,0.7341179257046606
2022-08-27,Liverpool,Bournemouth,H,1738.7159345743223,1411.921547656194,391.79438691812834,0.9051109988311399
2022-08-27,Man City,Crystal Palace,H,1778.4152849309978,1509.6493432509176,333.76594168008023,0.8722845786950499
2022-08-27,Southampton,Man United,A,1459.0227319704056,1576.2266953907797,-52.203963420374066,0.4254327726506613
2022-08-28,Aston Villa,West Ham,A,1475.7760634448373,1513.193400852171,27.58266259266634,0.5396114581006025
2022-08-28,Nott'm Forest,Tottenham,A,1502.575592763553,1634.3680505408802,-66.79245777732717,0.40504483284945547
2022-08-28,Wolves,Newcastle,D,1478.0692075760362,1544.6032164302023,-1.5340088541661316,0.4977923981451048
2022-08-30,Crystal Palace,Brentford,D,1507.0950348248186,1491.006495421379,81.08853940343965,0.6146220902949711
2022-08-30,Fulham,Brighton,H,1399.7364728074272,1549.8620860793778,-85.12561327195067,0.3798882860025774
2022-08-30,Leeds,Everton,D,1500.0034072429976,1458.7883762606066,106.215030982391,0.6482653090251601
2022-08-30,Southampton,Chelsea,H,1450.5140765173924,1637.6474343565667,-122.13335783917432,0.3311349946925568
2022-08-31,Arsenal,Aston Villa,H,1632.9780055096444,1464.9838342828252,232.99417122681916,0.7926908703775017
2022-08-31,Bournemouth,Wolves,D,1410.0237676328168,1478.1133596131342,-3.0895919803174365,0.49555383692341237
2022-08-31,Liverpool,Newcastle,H,1740.6137145976995,1544.5590643931043,261.0546502045952,0.8179844740287022
2022-08-31,Man City,Nott'm Forest,H,1780.9695933570968,1494.474696106564,351.49489725053286,0.8832287440634728
2022-08-31,West Ham,Tottenham,D,1523.985630014183,1642.4689471978693,-53.48331718368627,0.4236335796611879
2022-09-01,Leicester,Man United,A,1515.5814431763695,1584.735350843793,-4.153907667423482,0.49402233115026706
2022-09-03,Aston Villa,Man City,D,1460.8376516903752,1783.3050184758274,-257.4673667854522,0.18511023985813596
2022-09-03,Brentford,Leeds,H,1493.2989372272784,1497.0381010624944,61.260836164783996,0.5872590118398686
2022-09-03,Chelsea,West Ham,H,1624.2701342504179,1525.5129584209592,163.75717582945867,0.7196370713690936
2022-09-03,Everton,Liverpool,D,1461.7536824411097,1744.2540251171256,-217.50034267601586,0.22234848143760197
2022-09-03,Newcastle,Crystal Palace,D,1540.9187538736783,1504.8025930189192,101.11616085475907,0.6415438987140534
2022-09-03,Nott'm Forest,Bournemouth,A,1492.1392709878332,1410.1126908943486,147.02658009348465,0.6998015479212049
2022-09-03,Tottenham,Fulham,H,1640.941618791093,1412.1387070873757,293.8029117037174,0.844390514514499
2022-09-03,Wolves,Southampton,H,1478.0244363516024,1463.8913766235412,79.1330597280612,0.6119524047572695
2022-09-04,Brighton,Leicester,H,1537.4598517994293,1505.7009965533641,96.7588552460652,0.6357555079288497
2022-09-04,Man United,Arsenal,H,1594.6157974667983,1637.1241881020944,22.49160936470389,0.5323228879301335
2022-09-16,Aston Villa,Southampton,H,1467.1354468932125,1456.1304247186865,76.00502217452595,0.6076679565028927
2022-09-16,Nott'm Forest,Fulham,A,1478.143240029409,1409.0265173776656,134.11672265174343,0.6839615708712816
2022-09-17,Newcastle,Bournemouth,D,1538.0878758993972,1424.1087218527728,178.97915404662444,0.7369715000639947
2022-09-17,Tottenham,Leicester,H,1644.0538085008031,1498.4161067119412,210.63770178886193,0.770745958049813
2022-09-17,Wolves,Man City,A,1485.785388256457,1777.0072232729901,-226.22183501653308,0.21378867969726065
2022-09-18,Brentford,Arsenal,A,1501.5537569904811,1627.7706458606972,-61.21688887021605,0.412802308523042
2022-09-18,Everton,West Ham,H,1467.3067128123578,1519.905699848341,12.401012964016672,0.5178389173574347
2022-10-01,Arsenal,Tottenham,H,1636.026692031158,1648.6388893398068,52.387802691351226,0.5748258886572459
2022-10-01,Bournemouth,Brentford,D,1428.8481518540527,1493.2977108200203,0.5504410340324739,0.5007921476619472
2022-10-01,Crystal Palace,Chelsea,A,1507.6334709932003,1629.877392823036,-57.2439218298357,0.4183568101466297
2022-10-01,Fulham,Newcastle,A,1422.7057487950913,1533.3484458981172,-45.64269710302597,0.43469015604247974
2022-10-01,Liverpool,Brighton,D,1738.7009947458776,1544.7447416408522,258.9562531050253,0.8161791177306654
2022-10-01,Southampton,Everton,A,1448.2837838487444,1476.949934465209,36.33384938353538,0.5520988263395944
2022-10-01,West Ham,Wolves,H,1510.2624781954898,1481.509614662512,93.75286353297793,0.6317391062567344
2022-10-02,Leeds,Aston Villa,D,1488.7832812992917,1474.9820877631546,78.80119353613713,0.6114986573960844
2022-10-02,Man City,Man United,H,1781.2829968669353,1603.9693397081955,242.31365715873972,0.8013684992195148
2022-10-03,Leicester,Nott'm Forest,H,1493.8310258729375,1464.4640086119834,94.36701726095407,0.6325612040435952
2022-10-08,Bournemouth,Leicester,H,1428.8323089008138,1501.1798017920655,-7.347492891251704,0.48942768378298246
2022-10-08,Brighton,Tottenham,A,1551.0683239954656,1640.1354071129517,-24.067083117486163,0.46541997538834
2022-10-08,Chelsea,Wolves,H,1638.2445290259686,1474.1443967876467,229.10013223832198,0.7889830495862971
2022-10-08,Man City,Southampton,H,1785.255626882545,1437.2418073219526,413.0138195605923,0.9150952921119747
2022-10-08,Newcastle,Brentford,H,1542.042249018967,1493.3135537732592,113.72869524570774,0.6580631876500225
2022-10-09,Arsenal,Liverpool,H,1644.5301742580132,1732.3774123912642,-22.84723813325104,0.46716749384462186
2022-10-09,Crystal Palace,Leeds,H,1499.2663347902676,1486.55330815137,77.71302663889765,0.6100094977902869
2022-10-09,Everton,Man United,A,1487.9919109920008,1599.996709692586,-47.00479870058507,0.4327643746349731
2022-10-09,West Ham,Fulham,H,1517.6276960703551,1414.0119456742416,168.61575039611353,0.7252451087869906
2022-10-10,Nott'm Forest,Aston Villa,D,1457.1152326928554,1477.2120609110764,44.903171781779065,0.5642634500413691
2022-10-14,Brentford,Brighton,H,1486.4748175262596,1541.7599244876988,9.714893038560831,0.5139772123933628
2022-10-15,Fulham,Bournemouth,D,1408.5168478499813,1439.0437552251542,34.47309262482713,0.5494486022454927
2022-10-15,Leicester,Crystal Palace,D,1490.9683554677251,1507.066144834462,48.90221063326317,0.5699148504121392
2022-10-15,Tottenham,Everton,H,1649.4438066207185,1479.3366234993014,235.10718312141717,0.79468260368392
2022-10-15,Wolves,Nott'm Forest,H,1469.9240577793726,1455.829963692028,79.0940940873445,0.6118991386369934
2022-10-16,Aston Villa,Chelsea,A,1478.4973299119038,1642.4648680342427,-98.96753812233896,0.36130537158399156
2022-10-16,Leeds,Arsenal,A,1478.7534981071756,1655.1868243811207,-111.43332627394511,0.3449161745929915
2022-10-16,Liverpool,Man City,H,1721.7207622681567,1786.9537210403055,-0.23295877214877692,0.49966474542772155
2022-10-16,Man United,Newcastle,D,1608.6519971852854,1548.8809852659665,124.77101191931888,0.6722192649324488
2022-10-16,Southampton,West Ham,D,1435.543713164192,1523.1227938946154,-22.579080730423357,0.46755175876649907
2022-10-18,Brighton,Nott'm Forest,D,1532.039468735566,1448.0679464647678,148.97152227079823,0.702148319346463
2022-10-18,Crystal Palace,Wolves,H,1508.4644418427047,1477.6860750066328,95.77836683607188,0.6344474920175197
2022-10-19,Bournemouth,Southampton,A,1440.032727270064,1436.192677988862,68.84004928120203,0.5977924035907575
2022-10-19,Brentford,Chelsea,D,1496.1952732783923,1649.6909754659225,-88.49570218753024,0.37532898237816764
2022-10-19,Liverpool,West Ham,H,1731.7274673596023,1522.4738290699454,274.2536382896569,0.8290247000089135
2022-10-19,Man United,Tottenham,H,1605.2076118866364,1653.5501545470402,16.65745733959625,0.523953657388889
2022-10-19,Newcastle,Everton,H,1552.3253705646155,1475.2302755729797,142.09509499163573,0.6938042206613899
2022-10-20,Fulham,Aston Villa,H,1407.5278758050715,1471.271222480224,1.256653324847548,0.5018084616217937
2022-10-20,Leicester,Leeds,H,1489.5700584594824,1471.8551746153157,82.7148838441667,0.616837194964917
2022-10-22,Chelsea,Man United,D,1647.1975551134858,1614.7285387388586,97.46901637462724,0.6367016452213844
2022-10-22,Everton,Crystal Palace,H,1469.1063599862075,1515.7754920023542,18.330867983853295,0.5263557888811118
2022-10-22,Man City,Brighton,H,1776.9470159488599,1527.9965023486368,313.9505136002231,0.8590285089763476
2022-10-22,Nott'm Forest,Liverpool,H,1452.110912851697,1735.146973359424,-218.03606050772692,0.22181571243376008
2022-10-23,Aston Villa,Brentford,H,1461.3073917126599,1498.688693630829,27.61869808183087,0.5396629914319795
2022-10-23,Leeds,Fulham,A,1464.1919185146141,1417.4917065726356,111.70021194197852,0.6554308720436559
2022-10-23,Southampton,Arsenal,D,1448.148526060677,1662.0851478729805,-148.93662181230343,0.2978936984605476
2022-10-23,Tottenham,Newcastle,A,1644.029227694818,1558.4492861513877,150.57994154343032,0.7040810382581567
2022-10-23,Wolves,Leicester,A,1470.3750248469833,1497.233314560184,38.14171028679925,0.5546708822940032
2022-10-24,West Ham,Bournemouth,H,1519.0543230701237,1428.076879198249,155.9774438718748,0.7105133063479501
2022-10-29,Bournemouth,Tottenham,A,1422.2871453252078,1629.947606929655,-142.66046160444716,0.3055048275106947
2022-10-29,Brentford,Wolves,D,1489.4819534594685,1459.2816072011033,95.20034625836524,0.6336754545525334
2022-10-29,Brighton,Chelsea,H,1525.1770725281638,1644.463522209058,-54.28644968089429,0.42250514123284155
2022-10-29,Crystal Palace,Southampton,H,1506.3026077799764,1452.190652091466,119.1119556885103,0.6650015650111716
2022-10-29,Fulham,Everton,D,1430.6003240135087,1478.5792442085854,17.021079804923374,0.5244757247952336
2022-10-29,Leicester,Man City,A,1508.326732206064,1779.766445769333,-206.43971356326892,0.23355192609859246
2022-10-29,Liverpool,Leeds,A,1719.5832876080992,1451.083301073741,333.4999865343582,0.8721139260032716
2022-10-29,Newcastle,Aston Villa,H,1572.5309069165507,1470.5141318840203,167.0167750325304,0.7234071914420876
2022-10-30,Arsenal,Nott'm Forest,H,1658.0430218421916,1467.6745986030219,255.36842323916972,0.8130602452597568
2022-10-30,Man United,West Ham,H,1617.4625716432863,1524.8440569431648,157.61851470012152,0.71245248495252
2022-11-05,Everton,Leicester,A,1479.06875870449,1503.655693684092,40.41306502039788,0.5578981917458692
2022-11-05,Leeds,Bournemouth,H,1468.5255795938065,1416.1770487749939,117.3485308188126,0.6627363866811639
2022-11-05,Man City,Fulham,H,1784.4374842913048,1430.1108095176041,419.3266747737007,0.9178764802423183
2022-11-05,Nott'm Forest,Brentford,D,1463.935803508217,1486.808444368418,42.12735913979918,0.5603307692709595
2022-11-05,Wolves,Brighton,A,1461.955116292154,1536.726969703507,-9.77185341135305,0.4859408794744042
2022-11-06,Aston Villa,Man United,H,1464.982275712862,1623.213521944236,-93.23124623137392,0.36895972536936955
2022-11-06,Chelsea,Arsenal,A,1632.9136250337149,1661.7818169369964,36.13180809671849,0.5518112049933178
2022-11-06,Southampton,Newcastle,A,1445.4906833916896,1578.062763087709,-67.5720796960195,0.4039637939717037
2022-11-06,Tottenham,Liverpool,A,1636.057703479869,1702.1410090880338,-1.083305608164892,0.49844100296183724
2022-11-06,West Ham,Crystal Palace,A,1519.0931066422152,1513.0025764797529,71.0905301624623,0.6009032299350514
2022-11-12,Bournemouth,Everton,H,1409.431776508617,1467.9107948695726,6.520981639044521,0.5093833451439956
2022-11-12,Liverpool,Southampton,H,1712.1098291472706,1437.4114075122554,339.69842163501517,0.8760409214545913
2022-11-12,Man City,Brentford,A,1786.0799546864584,1488.015059753837,363.0648949326214,0.889924441565075
2022-11-12,Newcastle,Chelsea,H,1586.1420389671432,1621.8774009338485,29.26463803329466,0.5420158823182372
2022-11-12,Nott'm Forest,Crystal Palace,H,1462.729188122798,1525.020641078454,2.708547044343959,0.5038978335668405
2022-11-12,Tottenham,Leeds,H,1626.088883420632,1475.2708518601833,215.81803156044884,0.7759725324109058
2022-11-12,West Ham,Leicester,A,1507.075042043514,1514.8136575190094,57.26138452450459,0.5816676504408688
2022-11-12,Wolves,Arsenal,A,1452.2362987026659,1672.8180410368627,-155.58174233419686,0.28995543403469964
2022-11-13,Brighton,Aston Villa,A,1546.445787292995,1477.6030812054746,133.84270608752036,0.683620511443535
2022-11-13,Fulham,Man United,A,1428.4683391224505,1610.5927164516233,-117.12437732917283,0.33755208464433156
2022-12-26,Arsenal,West Ham,H,1678.6171497175567,1495.4416890346968,248.17546068285992,0.8066850804408732
2022-12-26,Aston Villa,Liverpool,A,1491.2754914343452,1714.5890107181788,-158.31351928383356,0.28672859909732246
2022-12-26,Brentford,Tottenham,D,1505.8135485851385,1630.569432772414,-59.75588418727557,0.4148424007817841
2022-12-26,Crystal Palace,Fulham,A,1515.0985977497908,1421.7172974295638,158.38130032022696,0.7133511918429463
2022-12-26,Everton,Wolves,A,1458.0984617724525,1446.437190021972,76.66127175048064,0.6085682160304957
2022-12-26,Leicester,Newcastle,A,1526.4470105278267,1595.3017213207784,-3.854710792951664,0.4944528528479564
2022-12-26,Southampton,Brighton,A,1434.9322259413473,1532.7733770641244,-32.84115112277709,0.4528780436638074
2022-12-27,Chelsea,Bournemouth,H,1612.7177185802134,1419.244109605737,258.4736089744763,0.8157619175914204
2022-12-27,Man United,Nott'm Forest,H,1617.34375814451,1472.6512314514612,209.69252669304888,0.7697831596069692
2022-12-28,Leeds,Man City,A,1470.7903025084013,1768.281465855157,-232.49116334675568,0.20778536394010583
2022-12-30,Liverpool,Leicester,H,1720.3235827001251,1516.5579534708677,268.76562922925746,0.8245001778847434
2022-12-30,West Ham,Brentford,A,1491.5753906435143,1507.5167005695027,49.058690074011565,0.5701356254786476
2022-12-31,Bournemouth,Crystal Palace,A,1415.5593479575655,1500.8315739129318,-20.272225955366366,0.47085898445990726
2022-12-31,Brighton,Arsenal,A,1541.8309379374004,1682.4834481087391,-75.65251017133869,0.39281593107123847
2022-12-31,Fulham,Southampton,H,1435.9843212664227,1425.8746650680712,75.10965619835156,0.6064384905367303
2022-12-31,Man City,Everton,D,1772.437173133959,1445.9270974518427,391.5100756821164,0.9049703437644886
2022-12-31,Newcastle,Leeds,D,1605.1907783777374,1466.6345952295992,203.5561831481382,0.7634636435595553
2022-12-31,Wolves,Man United,A,1458.6085543425818,1621.9480949523706,-98.33954060978886,0.3621400105070482
2023-01-01,Nott'm Forest,Chelsea,D,1468.0468946436006,1616.402480228385,-83.35558558478442,0.38229148459432877
2023-01-01,Tottenham,Aston Villa,A,1628.8662807880498,1485.5409194523988,208.325361335651,0.7683854946800734
2023-01-02,Brentford,Liverpool,H,1518.9194130790756,1723.8335791424304,-139.91416606335474,0.30886931265551654
2023-01-03,Arsenal,Newcastle,D,1690.339766730164,1599.9215055065463,155.41826122361772,0.7098507783764026
2023-01-03,Everton,Brighton,A,1454.0265043271324,1533.9746193159756,-14.948114988843145,0.4785011969562619
2023-01-03,Leicester,Fulham,A,1513.0479570285625,1443.855551455688,134.19240557287435,0.6840557360568847
2023-01-03,Man United,Bournemouth,H,1629.1908951625117,1406.1421682683674,288.04872689414424,0.8399883989104299
2023-01-04,Aston Villa,Wolves,D,1500.9086293460002,1451.3657541324408,114.54287521355946,0.6591170094071435
2023-01-04,Crystal Palace,Tottenham,A,1510.24875360213,1613.4985708944484,-38.24981729231854,0.44517540449106274
2023-01-04,Leeds,West Ham,D,1471.9038681007903,1480.1726781339414,56.73118996684889,0.5809248104955148
2023-01-04,Southampton,Nott'm Forest,A,1418.0034348788058,1470.401064951714,12.602369927091786,0.5181283184463982
2023-01-05,Chelsea,Man City,A,1614.0483099202715,1764.3377662586693,-85.28945633839771,0.37966612881220296
2023-01-12,Fulham,Chelsea,H,1457.5366661768257,1606.4549873440276,-83.91832116720184,0.3815268176050892
2023-01-13,Aston Villa,Leeds,H,1497.7262891578573,1470.28537189088,92.4409172669773,0.6299803917531642
2023-01-14,Brentford,Bournemouth,H,1532.7420268259652,1402.941936246576,194.80009057938923,0.7542407955574579
2023-01-14,Brighton,Liverpool,H,1543.544643255101,1710.0109653955408,-101.46632214043984,0.3579926947613281
2023-01-14,Everton,Southampton,A,1444.456480388007,1407.640868509878,101.81561187812918,0.6424692941214485
2023-01-14,Man United,Man City,H,1632.391127184303,1771.9310888349132,-74.53996165061017,0.39434448531298827
2023-01-14,Nott'm Forest,Leicester,H,1480.763631320642,1499.3668423074248,46.39678901321713,0.5663762498695921
2023-01-14,Wolves,West Ham,H,1454.5480943205837,1481.7911743438517,37.75691997673198,0.5541236790010322
2023-01-15,Chelsea,Crystal Palace,H,1594.0855236961293,1501.3452455123086,157.7402781838207,0.7125960582256433
2023-01-15,Newcastle,Fulham,H,1604.1185210740744,1469.9061298247238,199.2123912493505,0.7589183834850757
2023-01-15,Tottenham,Arsenal,A,1622.4020789842698,1686.142751162636,1.2593278216338604,0.5018123104816042
2023-01-18,Crystal Palace,Man United,D,1495.5971666768214,1644.5042374780433,-83.90707080122183,0.3815420993034423
2023-01-19,Man City,Tottenham,H,1759.817978541173,1612.3658327746377,212.4521457665353,0.7725862943008862
2023-01-21,Bournemouth,Nott'm Forest,D,1398.0267521577252,1489.43610632325,-26.409354165524746,0.46206691345989187
2023-01-21,Crystal Palace,Newcastle,D,1497.9663246907526,1608.940153404373,-45.97382871362038,0.4342218082271655
2023-01-21,Leicester,Brighton,D,1490.6943673048168,1556.3847893598743,-0.6904220550575246,0.49900640410047764
2023-01-21,Liverpool,Chelsea,D,1697.1708192907674,1599.8336025316164,162.33721675915103,0.7179849436930799
2023-01-21,Southampton,Aston Villa,A,1420.490254392307,1505.126681322794,-19.636426930487005,0.47177096102857197
2023-01-21,West Ham,Everton,H,1472.8736479238723,1431.607094505578,106.26655341829428,0.6483329330429908
2023-01-22,Arsenal,Man United,H,1696.178997372268,1642.135079464112,119.04391790815589,0.6649143081993053
2023-01-22,Leeds,Brentford,D,1462.8849797259434,1537.657210914816,-9.772231188872638,0.4859403362387089
2023-01-22,Man City,Wolves,H,1764.3662526551552,1463.465620740563,365.90063191459217,0.8915133561311054
2023-01-23,Fulham,Tottenham,A,1465.0844974944252,1607.8175586606555,-77.7330611662303,0.3899630662652501
2023-02-03,Chelsea,Fulham,D,1604.193301405478,1457.2852361691203,211.90806523635774,0.7720355460935138
2023-02-04,Aston Villa,Leicester,A,1514.5621005433654,1490.7142392228072,88.8478613205582,0.625146186749894
2023-02-04,Brentford,Southampton,H,1537.3760176395901,1411.0548351717355,191.32118246785467,0.7505098344014827
2023-02-04,Brighton,Bournemouth,H,1556.3649174418838,1398.7854138885275,222.5795035533563,0.782665985961257
2023-02-04,Everton,Arsenal,H,1424.5737531664379,1702.8807112082818,-213.30695804184393,0.226550315584391
2023-02-04,Man United,Crystal Palace,H,1635.4333656280983,1499.2818885262093,201.151477101889,0.7609547411263272
2023-02-04,Newcastle,West Ham,D,1607.6245895689162,1479.9069892630125,192.71760030590372,0.7520119553697967
2023-02-04,Wolves,Liverpool,H,1461.2958878631853,1692.8111204169059,-166.51523255372058,0.2771708607260476
2023-02-05,Nott'm Forest,Leeds,H,1488.6774445924477,1463.1661730011692,90.5112715912785,0.627387358653297
2023-02-05,Tottenham,Man City,H,1615.6168199859605,1766.535985532533,-85.91916554657246,0.37881276697310684
2023-02-08,Man United,Leeds,D,1640.2142708055717,1455.7139201742352,249.50035063133646,0.8078716362680288
2023-02-11,Arsenal,Brentford,D,1687.4117175199697,1542.3658209515604,210.04589656840926,0.7701434496816902
2023-02-11,Bournemouth,Newcastle,D,1394.4387336077527,1602.5843504615202,-143.14561685376748,0.3049126013037907
2023-02-11,Crystal Palace,Brighton,D,1494.5009833487359,1560.7115977226586,-1.210614373922681,0.4982577929191217
2023-02-11,Fulham,Nott'm Forest,H,1462.7259470909905,1496.1296974193817,31.596249671608803,0.5453457193826908
2023-02-11,Leicester,Tottenham,H,1503.2171629578052,1628.0405646464983,-59.82340168869314,0.41474805691578864
2023-02-11,Southampton,Wolves,A,1406.0650318597652,1475.7524706486643,-4.687438788899044,0.49325464258688684
2023-02-11,West Ham,Chelsea,D,1484.9472283704085,1598.7525904836077,-48.80536211319918,0.4302218060029575
2023-02-12,Leeds,Man United,A,1461.8713528995959,1634.056838080211,-107.18548518061516,0.3504619558353781
2023-02-12,Man City,Aston Villa,H,1754.1122408719953,1502.0591768083675,317.05306406362774,0.8611774578428671
2023-02-13,Liverpool,Everton,H,1678.3545376314269,1440.04274685475,303.31179077667684,0.8514479564504212
2023-02-15,Arsenal,Man City,A,1682.008848526336,1756.8886917151378,-9.879843188801942,0.4857855939266982
2023-02-18,Aston Villa,Arsenal,A,1499.282725965225,1672.293136647802,-108.010410682577,0.3493817493006864
2023-02-18,Brentford,Crystal Palace,D,1547.7686899451942,1494.5358274903535,118.23286245484064,0.6638732822997734
2023-02-18,Brighton,Fulham,A,1560.6767535810409,1471.8190327033367,153.8577208777042,0.7079970942988663
2023-02-18,Chelsea,Southampton,A,1597.3570266036668,1396.1999390080275,266.15708759563927,0.8223167741078847
2023-02-18,Everton,Leeds,H,1437.0717059837584,1454.8621137828884,47.20959220087002,0.567524994625954
2023-02-18,Newcastle,Liverpool,A,1598.6826024875961,1681.3255785024185,-17.642976014822352,0.47463151838593787
2023-02-18,Nott'm Forest,Man City,D,1487.0366118070356,1766.6044035936718,-214.56779178663623,0.22528106528594105
2023-02-18,Wolves,Bournemouth,A,1485.617563500402,1398.3404815816768,152.27708191872512,0.7061124615850106
2023-02-19,Man United,Leicester,H,1641.0660771969185,1514.9222018194894,191.14387537742914,0.7503186719291461
2023-02-19,Tottenham,West Ham,H,1616.335525784814,1486.3427922503495,194.9927335344646,0.7544462928805197
2023-02-24,Fulham,Wolves,D,1485.978974589314,1471.4953142687018,79.48366032061222,0.6124315561143973
2023-02-25,Bournemouth,Man City,A,1412.462730813377,1761.1100248993907,-283.64729408601374,0.16344645598662505
2023-02-25,Crystal Palace,Liverpool,D,1497.813293136349,1690.8182088701371,-128.00491573378804,0.3236921357712277
2023-02-25,Everton,Aston Villa,A,1445.7212060912393,1492.2950909792112,18.42611511202813,0.5264924776834212
2023-02-25,Leeds,Southampton,H,1446.2126136754075,1412.6462744901853,98.5663391852222,0.6381615119546822
2023-02-25,Leicester,Arsenal,A,1509.9285752580722,1679.2807716338157,-104.35219637574346,0.3541836687627877
2023-02-25,West Ham,Nott'm Forest,H,1481.4317181079598,1492.5309905013166,53.90072760664316,0.576953001543057
2023-02-26,Tottenham,Chelsea,H,1621.2465999272038,1580.910691121509,105.33590880569477,0.6471105324333121
2023-03-01,Arsenal,Everton,H,1686.3644450090715,1435.191356537571,316.1730884715005,0.8605707587638134
2023-03-01,Liverpool,Wolves,H,1687.2920515855617,1473.7439453909897,278.54810619457203,0.832500268000102
2023-03-04,Arsenal,Bournemouth,H,1689.1530298337952,1409.1938016936444,344.9592281401508,0.8792922450458219
2023-03-04,Aston Villa,Crystal Palace,H,1502.8249405328795,1501.3394504209245,66.48549011195496,0.5945292663768271
2023-03-04,Brighton,West Ham,H,1546.5168116950636,1489.8926580770988,121.6241536179648,0.66821546522518
2023-03-04,Chelsea,Leeds,H,1573.8529017701753,1453.4493834363138,185.40351833386148,0.7440771023817515
2023-03-04,Man City,Newcastle,H,1764.3789540191233,1589.1899721198774,240.18898189924585,0.7994144884715053
2023-03-04,Southampton,Leicester,H,1405.409504729279,1502.8449018828164,-32.43539715353745,0.4534568476171111
2023-03-04,Wolves,Tottenham,H,1470.3939507509917,1628.3043892785374,-92.9104385275457,0.3693897977100203
2023-03-05,Liverpool,Man United,H,1690.6420462255596,1646.0597037583357,109.58234246722395,0.6526723497843736
2023-03-05,Nott'm Forest,Everton,D,1484.0700505321777,1432.4027717128472,116.66727881933048,0.6618592839077174
2023-03-06,Brentford,Fulham,H,1544.4912242991986,1483.7303434670262,125.76088083217246,0.673473562589238
2023-03-11,Bournemouth,Liverpool,H,1406.779646594561,1697.5885992298722,-225.80895263531124,0.21418844157010763
2023-03-11,Crystal Palace,Man City,A,1493.230035748461,1768.3906642496931,-210.16062850123217,0.22973965664029844
2023-03-11,Everton,Brentford,H,1435.6399573910016,1551.0217530474138,-50.38179565641212,0.42799874328800563
2023-03-11,Leeds,Brighton,D,1448.330925483949,1553.15250239056,-39.82157690661097,0.4429417790139352
2023-03-11,Leicester,Chelsea,A,1491.9140388351586,1578.9713597225402,-22.057320887381593,0.4682995415139066
2023-03-11,Tottenham,Nott'm Forest,H,1615.6921852327378,1480.8328648540232,199.85932037871453,0.7595990784177081
2023-03-12,Fulham,Arsenal,A,1477.199814718811,1691.5671849328787,-149.3673702140677,0.2973753453021162
2023-03-12,Man United,Southampton,D,1639.113150754023,1416.3403677769368,287.7727829770863,0.8397747819174074
2023-03-12,Newcastle,Wolves,H,1585.1782618893076,1483.0061547967914,167.17210709251617,0.7235860681235445
2023-03-12,West Ham,Aston Villa,D,1483.2569673816024,1510.9343552053429,37.322612176259554,0.5535059002182954
2023-03-15,Brighton,Crystal Palace,H,1552.0113379708387,1488.635242615655,128.37609535518368,0.6767754407208749
2023-03-15,Southampton,Brentford,A,1423.135863415285,1539.5817279131738,-51.445864497888806,0.42649984539346664
2023-03-17,Nott'm Forest,Newcastle,A,1476.0248464223773,1590.7065405268368,-49.68169410445944,0.4289856626409015
2023-03-18,Aston Villa,Bournemouth,H,1512.0044732097087,1422.495877763159,154.50859544654986,0.7087710797957999
2023-03-18,Brentford,Leicester,D,1548.1117248210433,1482.5480480048805,130.5636768161628,0.6795239515054691
2023-03-18,Chelsea,Everton,D,1588.3373505528184,1447.0799825252416,206.25736802757683,0.7662601255745032
2023-03-18,Southampton,Tottenham,D,1414.6058665074156,1620.5002036643837,-140.89433715696805,0.30766615295811833
2023-03-18,Wolves,Leeds,A,1477.4778761592622,1449.4720899036702,93.00578625559206,0.6307380464200357
2023-03-19,Arsenal,Crystal Palace,H,1697.514691838921,1482.1707514300724,280.34394040884854,0.8339368365495909
2023-04-01,Arsenal,Leeds,H,1700.835955107929,1462.086850832071,303.74910427585814,0.8517660838146961
2023-04-01,Bournemouth,Fulham,H,1416.671299359075,1471.2523078127688,10.418991546306188,0.5149896410300567
2023-04-01,Brighton,Brentford,D,1558.4758291564212,1544.5212457909338,78.95458336548745,0.6117084052425356
2023-04-01,Chelsea,Aston Villa,A,1583.0121480413284,1517.8290516137927,130.1830964275357,0.6790466716363757
2023-04-01,Crystal Palace,Leicester,H,1478.8494881610643,1486.13852703499,57.71096112607438,0.5822972490153497
2023-04-01,Man City,Liverpool,H,1772.9854573824991,1681.8723680612743,156.11308932122483,0.7106738859375291
2023-04-01,Nott'm Forest,Wolves,D,1467.4451331695593,1464.8631152308615,67.58201793869785,0.5960499805964635
2023-04-02,Newcastle,Man United,H,1599.2862537796548,1632.3176551156748,31.968598663979947,0.5458771134456643
2023-04-02,West Ham,Southampton,H,1482.1868493772365,1418.4525434482532,128.7343059289833,0.6772263452618178
2023-04-03,Everton,Tottenham,D,1452.4051850367316,1616.653526723546,-99.24834168681446,0.36093244053117907
2023-04-04,Bournemouth,Brighton,A,1426.3715065384738,1556.2416610515704,-64.87015451309662,0.40771425385146437
2023-04-04,Chelsea,Liverpool,D,1569.4312146086008,1676.0858457800248,-41.654631171423944,0.44033974585250263
2023-04-04,Leeds,Nott'm Forest,H,1459.1221725083649,1465.52413355763,58.59803895073492,0.5835387471716088
2023-04-04,Leicester,Aston Villa,A,1477.7844720152968,1531.4099850465202,11.374486968776637,0.516363356902624
2023-04-05,Man United,Brentford,H,1623.2351973845882,1546.7554138957846,141.4797834888036,0.6930512385794573
2023-04-05,West Ham,Newcastle,A,1488.6423224720002,1608.3687115107414,-54.72638903874122,0.4218873479558793
2023-04-08,Aston Villa,Nott'm Forest,H,1541.7372521845728,1457.1949085010622,149.54234368351058,0.7028350652821597
2023-04-08,Brentford,Newcastle,A,1540.6164386673738,1616.8064584698589,-11.19001980248504,0.4839018329444324
2023-04-08,Fulham,West Ham,A,1461.55210063337,1480.2045755128827,46.34752512048726,0.5663066015424134
2023-04-08,Leicester,Bournemouth,A,1467.4572048772443,1418.2172214614445,114.23998341579977,0.6587251489365723
2023-04-08,Man United,Everton,H,1629.374172612999,1455.186536226108,239.18763638689097,0.7984885967202668
2023-04-08,Southampton,Man City,A,1411.9970703534896,1778.7719796637487,-301.7749093102591,0.14967453335538322
2023-04-08,Tottenham,Brighton,H,1613.8721755341696,1564.3959461285997,114.47622940556994,0.6590308063055076
2023-04-08,Wolves,Chelsea,H,1466.7841148427908,1570.6244196915509,-38.84030484876007,0.4443359986809937
2023-04-09,Leeds,Crystal Palace,A,1467.4513975649327,1487.2035431807574,45.2478543841753,0.5647512316884612
2023-04-09,Liverpool,Arsenal,D,1674.8926406970747,1703.800633431635,36.092007265439634,0.5517545413489201
2023-04-15,Aston Villa,Newcastle,H,1547.6805508789296,1626.4844951287475,-13.80394424981796,0.48014497361271136
2023-04-15,Chelsea,Brighton,A,1559.5111396651707,1557.5765622547099,66.93457741046086,0.5951523019755414
2023-04-15,Everton,Fulham,A,1451.1563081605134,1450.2259686025218,65.9303395579916,0.5937586644849698
2023-04-15,Man City,Leicester,H,1781.7654703308563,1454.2827018985129,392.4827684323434,0.9054507847901462
2023-04-15,Southampton,Crystal Palace,A,1409.003579686382,1498.4985678145265,-24.49498812814454,0.46480716854787213
2023-04-15,Tottenham,Bournemouth,A,1620.6915594080594,1431.391724440176,254.2998349678835,0.8121234897391071
2023-04-15,Wolves,Brentford,H,1477.897394869171,1530.9384020084851,11.95899286068584,0.5172035805186204
2023-04-16,Nott'm Forest,Man United,A,1451.2516098067053,1633.4044006785937,-117.15279087188833,0.33751551151884174
2023-04-16,West Ham,Arsenal,D,1491.5307075437308,1704.8357242586135,-148.30501671488264,0.2986546977968843
2023-04-17,Leeds,Liverpool,A,1456.1563729311636,1673.8575498700964,-152.7011769389328,0.29338118326801665
2023-04-21,Arsenal,Southampton,D,1700.8088182145511,1399.7074363154245,366.10138189912664,0.8916250730247214
2023-04-22,Brentford,Aston Villa,D,1521.2824736188575,1558.0776514066754,28.20482221218208,0.5405010710902951
2023-04-22,Crystal Palace,Everton,D,1507.794711185484,1439.281134870814,133.51357631467,0.6832105931919098
2023-04-22,Fulham,Leeds,H,1462.1011418922212,1450.2887492658033,76.81239262641793,0.6087754230531808
2023-04-22,Leicester,Wolves,H,1452.3917175943159,1487.5533232587986,29.83839433551725,0.5428356389496525
2023-04-22,Liverpool,Nott'm Forest,H,1679.7251735354566,1444.5012995763286,300.223873959128,0.8491855629917663
2023-04-23,Bournemouth,West Ham,A,1447.6341942349582,1495.5576135877932,17.076580647164974,0.524555404910825
2023-04-23,Newcastle,Tottenham,H,1616.0873946010017,1604.4490896132772,76.6383049877245,0.6085367220852349
2023-04-25,Aston Villa,Fulham,H,1558.8876728284813,1469.9256334311576,153.96203939732368,0.7081212256568683
2023-04-25,Leeds,Leicester,D,1442.464257726867,1461.5350048153227,45.929252911544154,0.5657151512180296
2023-04-25,Wolves,Crystal Palace,H,1478.4100360377918,1504.1304993216459,39.27953671614591,0.5562881843392934
2023-04-26,Chelsea,Brentford,A,1547.6080936256599,1520.4724521970516,92.13564142860832,0.6295706605864322
2023-04-26,Man City,Arsenal,H,1783.6564546350533,1692.9763167540568,155.68013788099643,0.7101611653675604
2023-04-26,Nott'm Forest,Brighton,H,1441.4850108361638,1569.4796082942207,-62.99459745805689,0.41032402162627934
2023-04-26,West Ham,Liverpool,A,1506.0487216860097,1682.7414622756214,-111.69274058961173,0.34457884112829734
2023-04-27,Everton,Newcastle,A,1442.945346734652,1623.916660159297,-115.9713134246449,0.3390379126684363
2023-04-27,Southampton,Bournemouth,A,1407.539937775919,1437.1430861367417,35.396851639177385,0.5507646468120354
2023-04-27,Tottenham,Man United,D,1596.619824054982,1640.1547109089704,21.465113146011618,0.5308515379101949
2023-04-29,Brentford,Nott'm Forest,H,1533.0638654087802,1453.2785304036383,144.78533500514186,0.6970842121125174
2023-04-29,Brighton,Wolves,H,1557.6860887267462,1487.284272351006,135.40181637574028,0.6855584406428377
2023-04-29,Crystal Palace,West Ham,H,1495.2562630084317,1499.1571448634438,61.09911814498787,0.5870333507661247
2023-04-30,Bournemouth,Leeds,H,1448.1583790729824,1441.1499547025062,72.00842437047618,0.602169710658067
2023-04-30,Fulham,Man City,A,1464.088057944295,1789.453231327702,-260.36517338340695,0.18260719215230165
2023-04-30,Liverpool,Tottenham,H,1689.6330390981873,1596.002793296778,158.63024580140927,0.7136441331671056
2023-04-30,Man United,Aston Villa,H,1640.7717416671744,1564.7252483153438,141.04649335183058,0.6925203850941959
2023-04-30,Newcastle,Southampton,H,1630.6974184126657,1396.5246448396783,299.17277357298735,0.8484090251435523
2023-05-01,Leicester,Everton,D,1462.8493078396834,1436.1645884812833,91.68471935840012,0.6289651065633669
2023-05-02,Arsenal,Chelsea,H,1687.179540061408,1535.0166804139312,217.1628596474768,0.7773154243681235
2023-05-03,Liverpool,Fulham,H,1695.360156434845,1460.435914101249,299.9242423335961,0.8489645334080506
2023-05-03,Man City,West Ham,H,1793.1053751707482,1490.8978118787663,367.20756329198184,0.8922388491626371
2023-05-04,Brighton,Man United,H,1563.9749199138894,1646.9213339652904,-17.946414051401007,0.47419597948408015
2023-05-06,Bournemouth,Chelsea,A,1456.114984859821,1530.5629889012937,-9.448004041472586,0.48640657977144813
2023-05-06,Liverpool,Brentford,H,1698.380865766684,1539.1221811665298,224.2586846001543,0.7843057033787323
2023-05-06,Man City,Leeds,H,1795.2605981874954,1433.1933489156675,427.0672492718279,0.9211733212804211
2023-05-06,Tottenham,Crystal Palace,H,1590.2756759601202,1503.5155959931092,151.76007996701105,0.7054944891698492
2023-05-06,Wolves,Aston Villa,H,1480.9954411638628,1558.5756560172279,-12.580214853365078,0.48190352342870163
2023-05-07,Newcastle,Arsenal,A,1633.7292379097946,1691.6332315740456,7.096006335749053,0.5102105543092333
2023-05-07,West Ham,Man United,H,1488.7425888620191,1636.405253554972,-82.66266469295283,0.38323385349250555
2023-05-08,Brighton,Everton,A,1574.4910003242078,1438.7438906125506,200.74710971165723,0.7605310645322533
2023-05-08,Fulham,Leicester,H,1457.41520476941,1460.2700057084162,62.14519906099372,0.5884923997412476
2023-05-08,Nott'm Forest,Southampton,H,1447.2202146458887,1393.4928253425494,118.72738930333935,0.6645082197628857
2023-05-13,Aston Villa,Tottenham,H,1548.213726485802,1596.1657861767233,17.04794030907874,0.524514287394283
2023-05-13,Chelsea,Nott'm Forest,D,1540.2911204967227,1453.930050250631,151.36107024609169,0.7050170356841177
2023-05-13,Crystal Palace,Bournemouth,H,1497.6254857765061,1446.3868532643921,116.23863251211401,0.6613068361918273
2023-05-13,Leeds,Newcastle,D,1431.616815341276,1623.52502682361,-126.90821148233408,0.3250757149865744
2023-05-13,Man United,Wolves,H,1624.069930624822,1491.3573706952886,197.71255992953343,0.7573352173140125
2023-05-13,Southampton,Fulham,A,1386.7829897378072,1465.645356774585,-13.862367036777869,0.48006102960533775
2023-05-14,Arsenal,Brighton,A,1701.8374426602302,1559.2803790335627,207.5570636266675,0.767597460154851
2023-05-14,Brentford,West Ham,H,1534.8082952341044,1501.077911792169,98.73038344193537,0.6383795365079983
2023-05-14,Everton,Man City,A,1453.9545119031957,1796.837131761887,-277.8826198586912,0.1680345996668853
2023-05-15,Leicester,Liverpool,A,1452.039853703241,1702.6947516991095,-185.6548979958684,0.25564743702338366
2023-05-18,Newcastle,Brighton,H,1620.0265411233415,1574.6323282366598,110.39421288668177,0.6537310339883345
2023-05-20,Bournemouth,Man United,A,1439.6129899882287,1628.9232262785417,-124.31023629031301,0.3283654413418885
2023-05-20,Fulham,Crystal Palace,D,1475.2465773666918,1504.3993490526695,35.84722831402223,0.5514060249785564
2023-05-20,Liverpool,Aston Villa,D,1707.807700439577,1557.7234407379162,215.0842597016608,0.7752373920477801
2023-05-20,Nott'm Forest,Arsenal,H,1458.0303909643133,1686.485493457133,-163.45510249281983,0.2807138970132388
2023-05-20,Tottenham,Brentford,A,1586.656071924609,1542.0407045039444,109.6153674206646,0.6527154440890531
2023-05-20,Wolves,Everton,D,1486.504075041569,1450.593819909858,100.91025513171098,0.6412712777255806
2023-05-21,Brighton,Southampton,H,1567.7069489164264,1377.1817691457004,255.52517977072603,0.813197359651198
2023-05-21,Man City,Chelsea,H,1800.1978237552246,1536.1907797830404,329.0070439721842,0.8692014754784673
2023-05-21,West Ham,Leeds,H,1493.845502522329,1435.1153010415444,123.73020148078467,0.6708977600685152
2023-05-22,Newcastle,Leicester,D,1626.9519204435749,1446.9269049627735,245.02501548080136,0.8038412265191528
2023-05-24,Brighton,Man City,D,1571.4430017234024,1802.8137942456553,-166.37079252225294,0.2773374729802055
2023-05-25,Man United,Chelsea,H,1635.4905351053794,1533.5748092926096,166.91572581276978,0.7232907872027741
2023-05-28,Arsenal,Wolves,H,1672.099771397398,1483.6786494870573,253.42112191034062,0.8113504841819587
2023-05-28,Aston Villa,Brighton,H,1563.2281885788718,1575.8962522637983,52.33193631507356,0.5747472891581061
2023-05-28,Brentford,Man City,H,1555.0950133857255,1798.3605437052595,-178.26553031953404,0.2638255779792229
2023-05-28,Chelsea,Newcastle,D,1528.0406250366652,1620.875095913192,-27.834470876526666,0.46002845579008916
2023-05-28,Crystal Palace,Nott'm Forest,D,1505.4274695522406,1472.4161130240484,98.01135652819221,0.6374234856467755
2023-05-28,Everton,Bournemouth,H,1453.4192454643696,1433.045681161391,85.3735643029786,0.620447894816847
2023-05-28,Leeds,Tottenham,A,1428.5332562429146,1573.601763042828,-80.0685067999134,0.38676964255512714
2023-05-28,Leicester,West Ham,H,1453.0037294931565,1500.4275473209589,17.576182172197605,0.5252726040599509
2023-05-28,Man United,Fulham,H,1641.0247193613238,1474.2184568671207,231.8062624942031,0.7915648935383397
2023-05-28,Southampton,Liverpool,D,1373.4457163387244,1702.3029525986215,-263.85723625989704,0.17962586370252595
2023-08-11,Burnley,Man City,A,1445.8276283218315,1783.6370552648439,-272.80942694301234,0.1721569105609104
2023-08-12,Arsenal,Nott'm Forest,H,1675.8727617137588,1475.164582736984,265.7081789767749,0.8219388880606799
2023-08-12,Bournemouth,West Ham,D,1425.454639057728,1490.932999402158,-0.4783603444300297,0.49931158456114927
2023-08-12,Brighton,Luton,H,1567.3911980469604,1500.0,132.39119804696043,0.6818105769970811
2023-08-12,Everton,Fulham,A,1461.0102875680327,1470.0497547378875,55.96053283014521,0.5798444119130813
2023-08-12,Newcastle,Aston Villa,H,1620.0756650289936,1571.7332427957097,113.34242223328397,0.6575626739076731
2023-08-12,Sheffield United,Crystal Palace,A,1398.401444926988,1502.678999839305,-39.2775549123171,0.4437146315622683
2023-08-13,Brentford,Tottenham,D,1569.818501826141,1581.3371558939305,53.481345932210616,0.5763636496538146
2023-08-13,Chelsea,Liverpool,D,1528.8400559208635,1695.895469872672,-102.05541395180853,0.357213684257445
2023-08-14,Man United,Wolves,H,1645.193421490557,1479.9056591706965,230.28776231986058,0.7901190096095347
2023-08-18,Nott'm Forest,Sheffield United,H,1471.6033604981974,1389.5271522957426,147.07620820245484,0.6998615604572985
2023-08-19,Fulham,Brentford,A,1481.6466429761492,1568.2912288330647,-21.644585856915455,0.46889117166967575
2023-08-19,Liverpool,Bournemouth,H,1693.0397435578209,1425.468407366505,332.5713361913158,0.8715165219969463
2023-08-19,Man City,Newcastle,H,1787.080193476062,1626.9244115508402,225.15578192522185,0.7851780341112193
2023-08-19,Tottenham,Man United,H,1582.8644288870069,1649.3910412983664,-1.5266124113595652,0.497803042275445
2023-08-19,Wolves,Brighton,A,1475.7080393628871,1573.7549865070189,-33.046947144131764,0.4525845263074045
2023-08-20,Aston Villa,Everton,H,1564.884496273863,1449.413399329771,180.4710969440921,0.7386329060253716
2023-08-20,West Ham,Chelsea,H,1490.9192310933809,1531.6957822357147,24.2234488576662,0.5348039696789534
2023-08-21,Crystal Palace,Arsenal,A,1511.5532924705506,1679.4339839525453,-102.88069148199475,0.35612361242887447
2023-08-25,Chelsea,Luton,H,1522.3918616292938,1493.6362115399415,93.75565008935223,0.6317428380362607
2023-08-26,Arsenal,Fulham,D,1686.5564562011227,1472.2688195427556,279.2876366583671,0.8330930504115763
2023-08-26,Bournemouth,Tottenham,A,1422.898737806444,1592.9083680414979,-105.00963023505392,0.353318491282331
2023-08-26,Brentford,Crystal Palace,D,1577.6690522664583,1504.4308202219731,138.23823204448513,0.6890674664705189
2023-08-26,Brighton,West Ham,A,1582.806677033167,1500.2231516998017,147.5835253333653,0.7004746378031148
2023-08-26,Everton,Wolves,A,1444.1860574502784,1466.656348836739,42.52970861353947,0.5609012865535082
2023-08-26,Man United,Nott'm Forest,H,1639.3471021438754,1477.6061292890515,226.7409728548239,0.7867131897501466
2023-08-27,Burnley,Aston Villa,A,1442.3844901106133,1570.1118381533556,-62.72734804274228,0.4106963041703871
2023-08-27,Newcastle,Liverpool,A,1622.6279722330646,1695.609413117882,-7.9814408848174025,0.48851580337305095
2023-08-27,Sheffield United,Man City,A,1383.5243835048884,1791.3766327938376,-342.8522492889492,0.12200100187248623
2023-09-01,Luton,West Ham,A,1486.2710683006667,1514.2326444558641,37.03842384480254,0.5531015684755588
2023-09-02,Brentford,Bournemouth,D,1573.8877029370478,1415.8323679807972,223.0553349562506,0.7831315469313334
2023-09-02,Brighton,Newcastle,H,1568.7971842771046,1612.8576561656037,20.939528111500977,0.5300979702134558
2023-09-02,Burnley,Tottenham,A,1434.1705640272055,1599.9747378671445,-100.80417383993904,0.35886921048789294
2023-09-02,Chelsea,Nott'm Forest,A,1529.7570048685686,1473.3403930840545,121.41661178451409,0.6679505412613841
2023-09-02,Man City,Fulham,H,1793.8166528312875,1478.930680550987,379.8859722803004,0.8990578174028923
2023-09-02,Sheffield United,Everton,D,1381.0843634674386,1432.9680317192083,13.116331748230323,0.5188669565055192
2023-09-03,Arsenal,Man United,H,1679.8945951928913,1643.6128383488724,101.2817568440189,0.6417630829120334
2023-09-03,Crystal Palace,Wolves,H,1508.2121695513836,1477.8743745678091,95.33779498357444,0.6338591013520075
2023-09-03,Liverpool,Aston Villa,H,1705.379729185343,1578.3257642367635,192.0539649485795,0.7512988421527976
2023-09-16,Aston Villa,Crystal Palace,H,1573.3517410798195,1515.5349875243435,122.816753555476,0.6697357333588463
2023-09-16,Fulham,Luton,H,1476.9118368990448,1475.2090369311554,66.7027999678894,0.5948307866120682
2023-09-16,Man United,Brighton,A,1636.448100007113,1578.1952248728355,123.25287513427747,0.670290797381961
2023-09-16,Newcastle,Brentford,H,1603.4596155698728,1568.225071998421,100.2345435714517,0.6403759889290702
2023-09-16,Tottenham,Sheffield United,H,1607.1521220769023,1380.7070243373282,291.44509773957407,0.8425987838415251
2023-09-16,West Ham,Man City,A,1525.2946758253754,1795.8354964832297,-205.54082065785428,0.23447945628806494
2023-09-16,Wolves,Liverpool,A,1470.5515565948492,1710.353752342287,-174.80219574743774,0.26771587734400554
2023-09-17,Bournemouth,Chelsea,D,1421.494998919424,1516.397994043341,-29.90299512391698,0.4570720768587137
2023-09-17,Everton,Arsenal,A,1433.3453708493187,1687.0593335346507,-188.71396268533204,0.25231095646526774
2023-09-18,Nott'm Forest,Burnley,D,1486.6994039092822,1426.9931798174478,124.70622409183443,0.6721370839395457
2023-09-23,Brentford,Everton,A,1561.0325917770024,1428.2991517200132,197.73344005698914,0.7573573060220564
2023-09-23,Burnley,Man United,A,1430.4359214962387,1623.0422840594738,-127.60636256323505,0.32419458717801974
2023-09-23,Crystal Palace,Fulham,D,1508.9297021915204,1485.0152211668035,88.9144810247169,0.6252360497821331
2023-09-23,Luton,Wolves,D,1467.1056526633968,1465.197239047969,66.90841361542766,0.5951160123530322
2023-09-23,Man City,Nott'm Forest,H,1800.525085608991,1483.2566622304912,382.26842337849985,0.9002956527389366
2023-09-24,Arsenal,Tottenham,D,1692.1055526639561,1610.3001464000718,146.80540626388438,0.6995340113141161
2023-09-24,Brighton,Bournemouth,H,1591.6010408204747,1422.3535573822496,234.24748343822512,0.7938739643932488
2023-09-24,Chelsea,Aston Villa,A,1515.5394355805154,1579.9570264126426,0.5824091678728109,0.5008381533824064
2023-09-24,Liverpool,West Ham,H,1715.708069889167,1520.605086699614,260.102983189553,0.8171674208578928
2023-09-24,Sheffield United,Newcastle,A,1377.5590000141588,1610.6520957912915,-168.0930957771327,0.2753548132520291
2023-09-30,Aston Villa,Brighton,H,1589.9737894802906,1595.7235615326097,59.25022794768097,0.5844508352276975
2023-09-30,Bournemouth,Arsenal,A,1418.2310366701147,1688.1148724376737,-204.88383576755905,0.23515898613307146
2023-09-30,Everton,Luton,A,1443.4462978404545,1465.203332416336,43.24296542411844,0.5619122629901476
2023-09-30,Man United,Crystal Palace,A,1629.5261758030342,1506.4249811958778,188.10119460715646,0.7470230222450503
2023-09-30,Newcastle,Burnley,H,1616.1591920563321,1423.9520297526783,257.20716230365383,0.8146637101058886
2023-09-30,Tottenham,Liverpool,H,1614.2908266263541,1719.3647214720093,-40.073894845655104,0.4425834227562521
2023-09-30,West Ham,Sheffield United,H,1516.9484351167719,1372.051903749118,209.89653136765378,0.7699912076767169
2023-09-30,Wolves,Man City,H,1467.0995592950298,1802.5191725542122,-270.41961325918237,0.17412637656655505
2023-10-01,Nott'm Forest,Brentford,D,1481.26257528527,1545.8854456565612,0.3771296287088717,0.5005427329500886
2023-10-02,Fulham,Chelsea,A,1487.5199421624461,1505.5226725128673,46.99726964957881,0.5672249860858891
2023-10-03,Luton,Burnley,A,1476.4415776761389,1420.245303954796,121.19627372134278,0.6676691667369122
2023-10-07,Burnley,Chelsea,A,1433.5986872895344,1516.867172234585,-18.26848494505066,0.4737337389300747
2023-10-07,Crystal Palace,Nott'm Forest,D,1521.3654416407787,1481.2517206262683,105.11372101451047,0.646818403402537
2023-10-07,Everton,Bournemouth,H,1432.2080525806516,1413.5278569474533,83.68019563319831,0.6181496795727466
2023-10-07,Fulham,Sheffield United,H,1476.1754424407284,1367.4517279026525,173.7237145380759,0.7310652807806077
2023-10-07,Luton,Tottenham,A,1463.0881943414006,1625.439158171229,-97.35096382982852,0.36345556138187446
2023-10-07,Man United,Brentford,H,1614.5857153581333,1545.896300315563,133.68941504257032,0.683429628891566
2023-10-08,Arsenal,Man City,H,1692.8180521603351,1786.0017000855432,-28.183647925208106,0.45952920136857744
2023-10-08,Brighton,Liverpool,D,1587.4125782371636,1708.2163899271343,-55.803811689970644,0.42037539237216354
2023-10-08,West Ham,Newcastle,D,1521.5486109632375,1619.8659178542143,-33.31730689097685,0.45219897483607413
2023-10-08,Wolves,Aston Villa,D,1483.6170317636988,1598.2847727757367,-49.66774101203782,0.4290053378082855
2023-10-21,Bournemouth,Wolves,A,1405.8908505389081,1485.0369250075332,-14.146074468625102,0.47965340443475535
2023-10-21,Brentford,Burnley,H,1539.5648928933942,1424.124012510933,180.44088038246127,0.7385993246616936
2023-10-21,Chelsea,Arsenal,D,1526.3418470131865,1703.6274681329635,-112.28562111977703,0.3438084678255932
2023-10-21,Liverpool,Everton,H,1706.6238977745775,1439.8450589891968,331.7788387853807,0.8710048255628795
2023-10-21,Man City,Brighton,H,1775.1922841129149,1589.0050703897205,251.18721372319442,0.8093743268672856
2023-10-21,Newcastle,Crystal Palace,H,1618.9098973509358,1518.429073572728,165.48082377820788,0.7216345834369061
2023-10-21,Nott'm Forest,Luton,D,1484.188088694319,1455.819083113763,93.36900558055595,0.6312248899217909
2023-10-21,Sheffield United,Man United,A,1362.0730335182645,1620.917122780302,-193.84408926203741,0.24678071054099218
2023-10-22,Aston Villa,West Ham,H,1596.8648795319023,1522.504631466516,139.36024806538626,0.6904496036210306
2023-10-23,Tottenham,Fulham,H,1632.7082693988666,1481.5541368251163,216.1541325737503,0.7763086886507753
2023-10-27,Crystal Palace,Tottenham,A,1512.861765241466,1637.1820956258512,-59.320330384385215,0.4154511606367061
2023-10-28,Arsenal,Sheffield United,H,1700.5036374894753,1357.1374193074446,408.3662181820307,0.9129934192525133
2023-10-28,Bournemouth,Burnley,H,1396.297782450213,1418.895999004167,42.40178344604601,0.5607199105825896
2023-10-28,Chelsea,Brentford,A,1529.4656776566746,1544.7929064001603,49.67277125651435,0.5710017553335083
2023-10-28,Wolves,Newcastle,D,1494.6299930962284,1624.4772056821978,-64.84721258596937,0.40774614558021854
2023-10-29,Aston Villa,Luton,H,1603.0558874594817,1458.443580912199,209.61230654728274,0.7697013133656182
2023-10-29,Brighton,Fulham,D,1585.192556927066,1477.0803105981317,173.11224632893436,0.7303726759286702
2023-10-29,Liverpool,Nott'm Forest,H,1709.20380126332,1481.5635908958832,292.6402103674368,0.8435090519543439
2023-10-29,Man United,Man City,A,1625.852736991122,1779.0047975755692,-88.15206058444733,0.3757928903854795
2023-10-29,West Ham,Everton,A,1516.3136235389366,1437.2651555004543,144.04846803848227,0.6961877859907031
2023-11-04,Brentford,West Ham,H,1556.2129415068305,1502.3898678191224,118.82307368770807,0.6646310031598459
2023-11-04,Burnley,Crystal Palace,A,1410.1103972158187,1504.552742028732,-29.442344812913234,0.4577301938749519
2023-11-04,Everton,Brighton,D,1451.1889112202684,1580.5851034084926,-64.39619218822418,0.4083732695932395
2023-11-04,Fulham,Man United,A,1481.6877641167052,1618.3368791834123,-71.64911506670705,0.3983258907635653
2023-11-04,Man City,Bournemouth,H,1786.5206553832788,1405.0833842385612,446.43727114471767,0.9288990595265276
2023-11-04,Newcastle,Arsenal,H,1622.6321285938022,1702.243769104425,-14.611640510622692,0.47898454739733914
2023-11-04,Sheffield United,Wolves,H,1355.397287692495,1496.475070184624,-76.07778249212902,0.3922321928672373
2023-11-05,Luton,Liverpool,D,1453.8376071795112,1712.333620224233,-193.49601304472185,0.247153344946846
2023-11-05,Nott'm Forest,Aston Villa,H,1478.43377193497,1607.6618611921695,-64.22808925719937,0.40860708576886356
2023-11-06,Tottenham,Chelsea,A,1645.4911188385852,1518.0456425500045,192.44547628858072,0.7517197087803326
2023-11-11,Arsenal,Burnley,H,1691.8234600523717,1400.9557933383196,355.8676667140521,0.8857999056059328
2023-11-11,Bournemouth,Newcastle,H,1403.6613654290918,1633.0524376458554,-164.39107221676363,0.2796272982118372
2023-11-11,Crystal Palace,Everton,A,1513.707345906231,1453.0214458284036,125.68590007782745,0.6733786383954854
2023-11-11,Man United,Luton,H,1626.3033969986836,1458.8945402805743,232.4088567181093,0.7921366335729707
2023-11-11,Wolves,Tottenham,H,1484.3197140419686,1630.4567246629786,-81.13701062100995,0.3853118219930744
2023-11-12,Aston Villa,Fulham,H,1595.8340029075466,1473.721246301434,187.11275660611273,0.7459462352770586
2023-11-12,Brighton,Sheffield United,D,1578.7525688003575,1367.5526438351503,276.1999249652072,0.8306068979965274
2023-11-12,Chelsea,Man City,D,1533.080036725611,1787.9426741927482,-189.86263746713712,0.25106558868045037
2023-11-12,Liverpool,Brentford,H,1707.27668712317,1562.9203214436336,209.35636567953634,0.7694400481761294
2023-11-12,West Ham,Nott'm Forest,H,1495.6824878823193,1490.261630219593,70.42085766272635,0.5999783841134004
2023-11-25,Brentford,Arsenal,A,1558.309122407156,1694.107461940253,-70.79833953309685,0.39950020949717935
2023-11-25,Burnley,West Ham,A,1398.6717914504384,1503.6829202000513,-40.01112874961291,0.44267256115794507
2023-11-25,Luton,Crystal Palace,H,1454.7372729520337,1500.2397731383212,19.497499813712466,0.5280297395769665
2023-11-25,Man City,Liverpool,D,1782.9639859663573,1711.8878861596475,136.07609980670986,0.6863945621201533
2023-11-25,Newcastle,Chelsea,H,1618.6449836100921,1538.058724952002,145.58625865809017,0.6980568669696935
2023-11-25,Nott'm Forest,Brighton,A,1482.261197901861,1572.140430840427,-24.87923293856602,0.46425697837283086
2023-11-25,Sheffield United,Bournemouth,A,1374.164781795081,1418.068819464855,21.095962330225802,0.5303222752974045
2023-11-26,Everton,Man United,A,1466.4890185963134,1630.4606643272243,-98.97164573091095,0.36129991512360543
2023-11-26,Tottenham,Aston Villa,A,1618.16296110284,1600.9150782020054,82.24788290083461,0.6162016247737122
2023-11-27,Fulham,Wolves,H,1468.6401710069752,1496.6134776021072,37.026693404867956,0.5530848773634183
2023-12-02,Arsenal,Wolves,H,1702.0974661301966,1487.6751751493755,279.4222909808211,0.8332008040118282
2023-12-02,Brentford,Luton,H,1550.3191182172125,1464.1766781604942,151.14244005671821,0.7047552328223528
2023-12-02,Burnley,Sheffield United,H,1389.8183402272796,1363.5583362891327,91.26000393814684,0.6283943751563033
2023-12-02,Newcastle,Man United,H,1624.6838462706983,1637.6866626296965,51.99718364100181,0.5742762400353121
2023-12-02,Nott'm Forest,Everton,A,1472.9760583344043,1459.2630202938412,78.7130380405631,0.6113780933859445
2023-12-03,Bournemouth,Aston Villa,D,1428.6752649708033,1613.2391106974796,-119.56384572667639,0.3344191833126509
2023-12-03,Chelsea,Brighton,H,1532.0198622913958,1581.4255704078835,15.59429188351237,0.522426931818557
2023-12-03,Liverpool,Fulham,H,1715.6157774020505,1477.5784734597069,303.03730394234367,0.8512479909381506
2023-12-03,Man City,Tottenham,D,1779.2360947239542,1605.8389286073657,238.39716611658855,0.7977554361501964
2023-12-03,West Ham,Crystal Palace,D,1512.53637142321,1490.8003679298606,86.73600349334947,0.6222930685225653
2023-12-05,Luton,Arsenal,A,1458.2717828169414,1705.4334500499601,-182.16166723301876,0.25949271382754135
2023-12-05,Wolves,Burnley,H,1484.339191229612,1397.2504527241535,152.08873850545842,0.7058874223724617
2023-12-06,Aston Villa,Man City,H,1609.9274943637326,1773.2809860009504,-98.35349163721776,0.3621214598646854
2023-12-06,Brighton,Brentford,H,1571.8741090442545,1556.2240135607653,80.65009548348917,0.6140241054778411
2023-12-06,Crystal Palace,Bournemouth,A,1493.2462293003118,1431.9868813045503,126.25934799576157,0.6741042508286191
2023-12-06,Fulham,Nott'm Forest,H,1474.6034332784698,1460.7484964666855,78.85493681178423,0.6115721515641814
2023-12-06,Man United,Chelsea,H,1629.1721874304028,1541.5713236550248,152.600863775378,0.7064990922722922
2023-12-06,Sheffield United,Liverpool,A,1356.1262237922588,1718.5908175832876,-297.46459379102885,0.15285995494170737
2023-12-07,Everton,Newcastle,H,1471.49058216156,1633.198321469992,-96.70773930843188,0.36431263369817646
2023-12-07,Tottenham,West Ham,A,1611.7940373303695,1510.0905100527589,166.70352727761065,0.7230462454344995
2023-12-09,Aston Villa,Arsenal,H,1622.685065166439,1710.623304326511,-22.938239160072044,0.4670370997753381
2023-12-09,Brighton,Burnley,D,1579.5936269346978,1391.3682011716028,253.22542576309502,0.8111779979346682
2023-12-09,Crystal Palace,Liverpool,A,1479.7641442837394,1721.6480166821218,-176.88387239838244,0.265373211419137
2023-12-09,Man United,Bournemouth,A,1635.042205584957,1445.4689663211227,254.57323926383424,0.8123635068542724
2023-12-09,Sheffield United,Brentford,H,1353.0690246934246,1548.504495670322,-130.43547097689748,0.3206367875358361
2023-12-09,Wolves,Nott'm Forest,D,1490.2214427821627,1452.979939497969,102.24150328419364,0.6430322422948512
2023-12-10,Everton,Chelsea,H,1484.2043294875966,1535.7013055004707,13.503023987125971,0.5194226354402965
2023-12-10,Fulham,West Ham,H,1482.3719902471862,1524.5514349614489,22.820555285737328,0.5327942718337576
2023-12-10,Luton,Man City,A,1453.0819285403904,1760.523415198244,-242.4414866578536,0.19851439701582718
2023-12-10,Tottenham,Newcastle,H,1597.3331124216795,1620.4845741439553,41.848538277724174,0.5599353175494761
2023-12-15,Nott'm Forest,Tottenham,A,1455.840584343866,1606.13440607069,-85.29382172682381,0.3796602104079529
2023-12-16,Burnley,Everton,A,1397.5917611302962,1493.8158767787907,-31.22411564849449,0.4551854711071622
2023-12-16,Chelsea,Sheffield United,H,1526.0897582092766,1366.6562889427078,224.43346926656886,0.7844758639020843
2023-12-16,Man City,Crystal Palace,D,1764.4937031385605,1474.4566800553566,355.03702308320385,0.8853153165566366
2023-12-16,Newcastle,Fulham,H,1611.683280494945,1491.716104810511,184.96717568443387,0.743598498130044
2023-12-17,Arsenal,Brighton,H,1699.9640463220178,1573.3700669760044,191.59397934601338,0.750803757698612
2023-12-17,Brentford,Aston Villa,A,1534.9172314210389,1633.3443231709323,-33.42709174989341,0.4520424304759538
2023-12-17,Liverpool,Man United,D,1726.9554809105045,1618.7949354478715,173.16054546263308,0.7304274248590227
2023-12-17,West Ham,Wolves,H,1515.207320398124,1487.3607979362657,92.84652246185829,0.6305244920942946
2023-12-21,Crystal Palace,Brighton,D,1482.1629863864894,1568.3861421299766,-21.22315574348727,0.46949535592345326
2023-12-22,Aston Villa,Sheffield United,D,1642.3851717804514,1362.3458062207494,345.039365559702,0.8793411985152937
2023-12-23,Fulham,Burnley,A,1486.5880747731119,1388.4880517081529,163.10002306495903,0.7188732063512588
2023-12-23,Liverpool,Arsenal,D,1722.346932413324,1704.9479711680456,82.39896124527854,0.6164072801045264
2023-12-23,Luton,Newcastle,H,1449.111640600074,1616.8113105323441,-102.69966993227013,0.3563625884479372
2023-12-23,Nott'm Forest,Bournemouth,A,1448.247380135707,1461.7162364582082,51.5311436774989,0.5736202248662433
2023-12-23,Tottenham,Everton,H,1613.727610278849,1502.919586200934,175.80802407791498,0.7334176927861236
2023-12-23,West Ham,Man United,H,1522.596830556238,1623.403483945052,-35.80665338881386,0.44865175050398404
2023-12-24,Wolves,Chelsea,H,1479.9712877781517,1530.400240931235,14.571046846916715,0.5209571365412637
2023-12-26,Bournemouth,Fulham,H,1473.188640955533,1472.2106106460867,65.97803030944624,0.5938248819808607
2023-12-26,Burnley,Liverpool,A,1402.865515835178,1720.0187868112337,-252.15327097605564,0.18976914482827334
2023-12-26,Man United,Aston Villa,H,1612.3765189551316,1634.7983478101455,42.57817114498607,0.5609699938741236
2023-12-26,Newcastle,Nott'm Forest,A,1603.938562301303,1436.7749756383823,232.16358666292058,0.7919040616001681
2023-12-26,Sheffield United,Luton,A,1369.9326301910553,1461.9843888311152,-27.051758640059916,0.4611478701626176
2023-12-27,Brentford,Wolves,A,1525.8763828115198,1489.5521450473263,101.32423776419341,0.6418193014600909
2023-12-27,Chelsea,Crystal Palace,H,1520.8193836620603,1482.7730792680204,103.04630439403991,0.6440949590856729
2023-12-27,Everton,Man City,A,1497.5879400566564,1756.7873968074277,-194.19945675077133,0.24640066033121347
2023-12-28,Arsenal,West Ham,A,1707.276116770136,1533.6237955461584,238.65232122397765,0.7979923097289434
2023-12-28,Brighton,Tottenham,H,1567.7760492484456,1619.0592564231265,13.71679282531909,0.5197298019356359
2023-12-30,Aston Villa,Burnley,H,1626.017747687628,1399.0701329386125,291.94761474901543,0.8429820538901369
2023-12-30,Crystal Palace,Brentford,H,1475.6549784497338,1513.039996782318,27.614981667415805,0.539657676732291
2023-12-30,Luton,Chelsea,A,1471.2073462343676,1527.937484480347,8.269861754020667,0.5118990406485262
2023-12-30,Man City,Sheffield United,H,1761.715410014052,1360.709672787803,466.00573722624904,0.9359887530828362
2023-12-30,Nott'm Forest,Man United,H,1452.6130568703857,1621.1571190776492,-103.54406220726355,0.35524847512227975
2023-12-30,Wolves,Everton,H,1502.3885310765281,1492.6599268500322,74.72860422649592,0.6059148412448913
2023-12-31,Fulham,Arsenal,H,1464.0871082857038,1691.3162705755572,-162.22916228985332,0.28214101987089124
2023-12-31,Tottenham,Bournemouth,H,1609.4538524618392,1481.3121433159158,193.14170914592341,0.7524669656163523
2024-01-01,Liverpool,Newcastle,H,1723.8141697077992,1588.1004810692996,200.71368863849966,0.7604960245403466
2024-01-02,West Ham,Brighton,D,1549.5836417407372,1577.3814532097329,37.20218853100437,0.5533345749040998
2024-01-12,Burnley,Luton,D,1395.9297740164152,1460.969365421397,-0.03959140498182023,0.49994302338842045
2024-01-13,Chelsea,Fulham,H,1538.1754652933175,1478.444287888286,124.73117740503153,0.6721687375556258
2024-01-13,Newcastle,Man City,A,1583.3104015601066,1762.9956349523952,-114.68523339228864,0.34069889248640256
2024-01-14,Everton,Aston Villa,D,1484.7782236749301,1629.1581066098252,-79.37988293489502,0.38771024954066663
2024-01-14,Man United,Tottenham,D,1608.2620885800948,1614.4045131495122,58.85757543058253,0.583901778518049
2024-01-20,Arsenal,Crystal Palace,H,1676.959090972975,1484.861824915088,257.09726605788705,0.8145681748140639
2024-01-20,Brentford,Nott'm Forest,H,1503.8331503169638,1465.50808736794,103.32506294902373,0.6444627215836181
2024-01-21,Bournemouth,Liverpool,A,1476.3614826282428,1728.6042492169922,-187.24276658874942,0.2539119616613806
2024-01-21,Sheffield United,West Ham,D,1359.4294478494596,1548.5169502426552,-124.08750239319556,0.32864827299671184
2024-01-22,Brighton,Wolves,D,1578.448144707815,1510.2702342516302,133.1779104561847,0.6827922412920119
2024-01-30,Aston Villa,Newcastle,A,1626.9123116006385,1576.4964237103786,115.41588789025991,0.660245235255801
2024-01-30,Crystal Palace,Sheffield United,H,1481.1531884113692,1362.8564823895254,183.29670602184387,0.7417608239743562
2024-01-30,Fulham,Everton,D,1471.8876626393985,1487.0240186841168,49.86364395528176,0.5712708831245886
2024-01-30,Luton,Brighton,H,1460.9682258891655,1574.7922998819747,-48.82407399280919,0.4301954021022608
2024-01-30,Nott'm Forest,Arsenal,A,1458.3973417996124,1680.6677274766937,-157.27038567708132,0.28795823542381543
2024-01-31,Liverpool,Chelsea,H,1733.6824884502198,1544.732090542205,253.9503979080148,0.8118163812476552
2024-01-31,Man City,Burnley,H,1769.8096128021232,1395.9309135486467,438.8786992534765,0.9259711965974173
2024-01-31,Tottenham,Brentford,H,1616.0825487198733,1510.9438958852916,170.13865283458176,0.7269885147390164
2024-02-01,West Ham,Bournemouth,D,1545.0899157025895,1471.2832433950152,138.80667230757422,0.6897681137697984
2024-02-01,Wolves,Man United,A,1513.9260790774704,1606.5840530097337,-27.657973932263303,0.4602808422536891
2024-02-03,Brighton,Crystal Palace,H,1563.39620792402,1486.317971931882,142.07823599213793,0.6937836033608991
2024-02-03,Burnley,Fulham,D,1394.450337480595,1470.4622449769067,-11.011907496311778,0.4841578956549022
2024-02-03,Everton,Tottenham,D,1488.4494363466085,1621.542778425093,-68.09334207848451,0.4032415204265761
2024-02-03,Newcastle,Luton,D,1589.7013284154946,1472.3643178471202,182.33701056837435,0.7407011934069153
2024-02-03,Sheffield United,Aston Villa,A,1357.6916988690125,1613.7074068955226,-191.01570802651008,0.24981957169787855
2024-02-04,Arsenal,Liverpool,H,1686.4268921851701,1737.4461608252668,13.980731359903302,0.5201090371482145
2024-02-04,Bournemouth,Nott'm Forest,D,1475.0786056704112,1452.638177091136,87.44042857927525,0.6232456991107573
2024-02-04,Chelsea,Wolves,A,1540.968418167158,1504.7204622323966,101.24795593476142,0.6417183485623446
2024-02-04,Man United,West Ham,H,1615.7896698548075,1541.2945534271935,139.495116427614,0.6906155106931241
2024-02-05,Brentford,Man City,A,1505.4836661800719,1771.290188870175,-200.80652269010307,0.23940665319333604
2024-02-10,Fulham,Bournemouth,H,1470.1454028900048,1472.613691688196,62.531711201808776,0.5890311058216933
2024-02-10,Liverpool,Burnley,H,1727.848341568231,1394.767179567497,398.08116200073414,0.9081739053719572
2024-02-10,Luton,Sheffield United,A,1477.1783417152585,1352.695307435055,189.48303428020358,0.7485233064160974
2024-02-10,Man City,Everton,H,1776.0783219340417,1490.384605938077,350.6937159959648,0.8827522438278415
2024-02-10,Nott'm Forest,Newcastle,A,1455.1030910733512,1584.8873045473563,-64.78421347400513,0.40783372506994303
2024-02-10,Tottenham,Brighton,H,1619.6076088336247,1569.520535856802,115.08707297682258,0.659820508467342
2024-02-10,Wolves,Brentford,A,1517.5548292036435,1500.695533116205,81.85929608743845,0.6156724703309991
2024-02-11,Aston Villa,Man United,A,1618.7037983294802,1621.977359640945,61.726438688535154,0.5879085078605445
2024-02-11,West Ham,Arsenal,A,1535.106863641056,1696.024711442206,-95.91784780114995,0.36536631247812396
2024-02-12,Crystal Palace,Chelsea,A,1480.1936439991,1528.134051195911,17.059592803188934,0.5245310163437585
2024-02-17,Brentford,Liverpool,A,1513.0089825228251,1729.6848634607918,-151.67588093796667,0.2946062255808327
2024-02-17,Burnley,Arsenal,A,1392.9306576749361,1703.3320376917684,-245.40138001683226,0.1958173790426987
2024-02-17,Fulham,Aston Villa,A,1478.3647807735708,1606.9456281722692,-63.580847398698324,0.4095077267612493
2024-02-17,Man City,Chelsea,D,1778.423277057485,1538.6246715227862,304.7986055346987,0.8525272566844334
2024-02-17,Newcastle,Bournemouth,D,1593.043979048755,1464.39431380463,193.64966524412512,0.7530111946211386
2024-02-17,Nott'm Forest,West Ham,H,1446.9464165719523,1527.7995373914935,-15.853120819541118,0.4772013452807724
2024-02-17,Tottenham,Wolves,A,1626.411198664278,1505.2413797970235,186.16981886725443,0.744916202663021
2024-02-18,Luton,Man United,A,1462.2078755869366,1633.735529798156,-106.52765421121944,0.35132445952900854
2024-02-18,Sheffield United,Brighton,A,1367.665773563377,1562.716946026149,-130.051172462772,0.3211188595910432
2024-02-19,Everton,Crystal Palace,D,1488.0396508146337,1469.7030236722248,83.33662714240882,0.6176827437606067
2024-02-20,Man City,Brentford,H,1771.3727319237962,1507.1168580112085,329.25587391258773,0.8693642370776435
2024-02-21,Liverpool,Luton,H,1735.5769879724085,1455.1813863963564,345.39560157605206,0.8795586047992493
2024-02-24,Arsenal,Newcastle,H,1707.2483852726223,1587.9837551563323,184.26463011628994,0.7428266768818291
2024-02-24,Aston Villa,Nott'm Forest,H,1615.1357827074942,1457.4023896663368,222.73339304115734,0.7828166328094395
2024-02-24,Bournemouth,Man City,A,1469.4545376970527,1773.9854471822434,-239.5309094851907,0.20119363716099278
2024-02-24,Brighton,Everton,D,1569.1393232179698,1485.6859959394214,148.4533272785484,0.7015240967840373
2024-02-24,Crystal Palace,Burnley,H,1472.056678547437,1389.0143100940822,148.0423684533548,0.7010285179278892
2024-02-24,Man United,Fulham,A,1640.7620189887361,1470.1746262383458,235.58739275039034,0.7951332668981435
2024-02-25,Wolves,Sheffield United,H,1520.139703850284,1361.243396371556,223.89630747872798,0.7839526031600416
2024-02-26,West Ham,Brentford,H,1517.343564297109,1504.5041427527613,77.83942154434772,0.6101825754900656
2024-03-02,Brentford,Chelsea,D,1496.7077942625626,1545.675216656475,16.03257760608767,0.5230563707523617
2024-03-02,Everton,West Ham,A,1489.716477875102,1525.1399127873076,29.576565087794506,0.5424615778615972
2024-03-02,Fulham,Brighton,H,1486.0772915763087,1565.1088412822892,-14.031549705980524,0.4798179480959176
2024-03-02,Luton,Aston Villa,A,1452.7725584923414,1619.4794500513053,-101.70689155896389,0.3576744767314794
2024-03-02,Newcastle,Wolves,H,1582.840288693969,1524.4606517870832,123.37963690688571,0.6704520416722619
2024-03-02,Nott'm Forest,Liverpool,A,1453.0587223225257,1737.9858158764234,-219.92709355389775,0.21994239164705845
2024-03-02,Tottenham,Crystal Palace,H,1611.5128746110174,1478.0361081888793,198.4767664221381,0.7581427670163373
2024-03-03,Burnley,Bournemouth,A,1383.03488045264,1465.4306649538328,-17.395784501192793,0.47498635256619787
2024-03-03,Man City,Man United,H,1778.0093199254634,1624.8593536507733,218.1499662746901,0.7782974486110769
2024-03-04,Sheffield United,Arsenal,A,1356.9224484347567,1712.3918517349857,-290.46940330022903,0.15814755110796597
2024-03-09,Arsenal,Brentford,H,1715.5548027571451,1496.2466668475154,284.30813590962975,0.8370730209620518
2024-03-09,Bournemouth,Sheffield United,D,1474.9303920051568,1353.7594974125973,186.17089459255953,0.7449173793114464
2024-03-09,Crystal Palace,Luton,D,1473.1989635292061,1445.6190689577118,92.57989457149438,0.6301668605510943
2024-03-09,Man United,Everton,H,1620.4253026229949,1478.8672463178702,206.55805630512464,0.7665699966303688
2024-03-09,Wolves,Fulham,H,1517.8696926205284,1496.4809326143902,86.38876000613823,0.6218231249038095
2024-03-10,Aston Villa,Tottenham,A,1626.632939585935,1616.3500192706906,75.28292031524438,0.6066765127909615
2024-03-10,Brighton,Nott'm Forest,H,1554.7052002442076,1448.6598744895846,171.04532575462304,0.7280231794058691
2024-03-10,Liverpool,Man City,D,1742.3846637093645,1782.4433709532418,24.94129275612272,0.5358318753451461
2024-03-10,West Ham,Burnley,D,1535.9891443445395,1373.535153401316,227.45399094322352,0.7874010897160669
2024-03-11,Chelsea,Newcastle,H,1546.1363440715222,1589.4312478605236,21.70509621099859,0.5311955716937461
2024-03-13,Bournemouth,Luton,H,1470.0320444189279,1448.2224061687336,86.80963825019421,0.6223926929765965
2024-03-16,Burnley,Brentford,H,1379.2831751956373,1492.9881272667565,-48.70495207111912,0.43036349906776716
2024-03-16,Fulham,Tottenham,H,1488.9173951124665,1628.48354952651,-74.56615441404347,0.3943084746144112
2024-03-16,Luton,Nott'm Forest,D,1440.6702600282656,1443.2203380777019,62.44992195056375,0.588917128798987
2024-03-17,West Ham,Aston Villa,D,1530.241122550218,1614.4994093301157,-19.258286779897617,0.47231344696460226
2024-03-30,Aston Villa,Wolves,H,1613.9456782694076,1525.4332301224522,153.51244814695542,0.7075860240378257
2024-03-30,Bournemouth,Everton,H,1477.584190559396,1474.1986462504776,68.38554430891827,0.5971631787187003
2024-03-30,Brentford,Man United,D,1481.5953972481118,1625.0939026903875,-78.4985054422757,0.3889153645279335
2024-03-30,Chelsea,Burnley,D,1555.5124326376474,1390.675905214282,229.8365274233654,0.789687936283716
2024-03-30,Newcastle,West Ham,H,1580.0551592943984,1530.794853610926,114.26030568347232,0.6587514472762328
2024-03-30,Nott'm Forest,Crystal Palace,D,1444.9986806536815,1470.5956263181843,39.403054335497245,0.5564636806696875
2024-03-30,Sheffield United,Fulham,D,1358.6578449988262,1501.0312256201782,-77.373380621352,0.3904557305190485
2024-03-30,Tottenham,Luton,H,1616.3697190187982,1438.891917452286,242.4778015665122,0.8015188613584372
2024-03-31,Liverpool,Brighton,H,1741.6680262024615,1560.1447366560903,246.5232895463712,0.8051976199658645
2024-03-31,Man City,Arsenal,D,1783.1600084601448,1718.813342337904,129.34666612224078,0.6779964022963099
2024-04-02,Bournemouth,Crystal Palace,H,1485.640926985022,1471.724899931578,78.91602705344394,0.611655686579553
2024-04-02,Burnley,Wolves,D,1396.4696639399563,1519.5849506032087,-58.11528666325239,0.4171367521093287
2024-04-02,Newcastle,Everton,D,1586.8801303488738,1466.1419098248516,185.73822052402215,0.7444438244259904
2024-04-02,Nott'm Forest,Fulham,H,1443.8694070402878,1498.8403402305591,10.029066809728647,0.5144289799328644
2024-04-02,West Ham,Tottenham,D,1523.9698825564508,1620.3393417916293,-31.36945923517851,0.45497799297290603
2024-04-03,Arsenal,Luton,H,1722.3732703838302,1434.9222946794548,352.4509757043754,0.8837951688543575
2024-04-03,Brentford,Brighton,D,1483.8170899575532,1556.2486890554076,-7.43159909785436,0.4893066999594413
2024-04-03,Man City,Aston Villa,H,1779.6000804142186,1619.7939577886511,224.80612262556747,0.7848383331142154
2024-04-04,Chelsea,Man United,H,1549.7186739119732,1622.872209980946,-8.153536068972926,0.4882682719858198
2024-04-04,Liverpool,Sheffield United,H,1745.5640738031443,1360.8487303884453,449.71534341469896,0.9301353045283558
2024-04-06,Aston Villa,Brentford,D,1615.4907244509354,1484.0309559583643,196.45976849257113,0.7560074125863054
2024-04-06,Brighton,Arsenal,A,1556.0348230545965,1724.697367006743,-103.6625439521465,0.3550922723100882
2024-04-06,Crystal Palace,Man City,A,1463.958013663169,1783.9033137519343,-254.9453000887654,0.1873102459848543
2024-04-06,Everton,Burnley,H,1471.0307863133714,1398.1269288977696,137.9038574156018,0.6886549181067095
2024-04-06,Fulham,Newcastle,A,1489.1289198292163,1581.991253860354,-27.862334031137607,0.45998861400696334
2024-04-06,Luton,Bournemouth,H,1432.598198056542,1493.407813253431,4.190384803111101,0.5060301560986126
2024-04-06,Wolves,West Ham,A,1517.9276856453953,1524.8703226969926,58.05736294840267,0.5827821762005213
2024-04-07,Man United,Liverpool,D,1612.6375754206624,1746.9613677125772,-69.32379229191474,0.4015382475448594
2024-04-07,Sheffield United,Chelsea,D,1359.4514364790125,1559.9533084722568,-135.50187199324432,0.31431741265922575
2024-04-07,Tottenham,Nott'm Forest,H,1619.4389016510875,1453.5808274416306,230.85807420945684,0.7906629106629697
2024-04-13,Bournemouth,Man United,D,1483.5284163754031,1614.6068104697652,-66.07839409436201,0.406035776390641
2024-04-13,Brentford,Sheffield United,H,1489.1511042100904,1363.165088225828,190.9860159842624,0.7501483946447267
2024-04-13,Burnley,Brighton,D,1391.9000272599037,1548.9329776083946,-92.03295034849089,0.3705672099705474
2024-04-13,Man City,Luton,H,1787.6495186716313,1442.4775949345699,410.17192373706143,0.9138155826077917
2024-04-13,Newcastle,Tottenham,H,1591.1910261404932,1623.625643437828,32.56538270266515,0.5467285892355889
2024-04-13,Nott'm Forest,Wolves,D,1449.39408565489,1506.2720421213849,8.12204353350512,0.511686431467237
2024-04-14,Arsenal,Aston Villa,A,1731.7992124529446,1610.3705761992094,186.42863625373525,0.7451991990664877
2024-04-14,Liverpool,Crystal Palace,A,1744.9921326634744,1460.211808743472,349.7803239200025,0.8822069504889207
2024-04-14,West Ham,Fulham,A,1536.525966221003,1479.929147549077,121.59681867192603,0.6681805786710775
2024-04-15,Chelsea,Everton,H,1556.2396567254414,1477.2576879512374,143.981968774204,0.6961068136341308
2024-04-20,Luton,Brentford,A,1440.7539065867256,1494.1481363171958,11.605770269529785,0.5166958365476654
2024-04-20,Sheffield United,Burnley,A,1358.1680561187225,1394.4886830604928,28.679373058229658,0.5411794482148993
2024-04-20,Wolves,Arsenal,A,1506.5057707507297,1716.895228471615,-145.38945772088528,0.3021819670727067
2024-04-21,Aston Villa,Bournemouth,H,1625.274560180539,1485.4077008475904,204.8668593329487,0.7648234368095711
2024-04-21,Crystal Palace,West Ham,H,1477.8559477532503,1523.1623546475814,19.693593105668924,0.528311044715342
2024-04-21,Everton,Nott'm Forest,H,1471.17982422392,1449.1603570255452,87.01946719837474,0.6226765252162312
2024-04-21,Fulham,Liverpool,A,1493.2927591224986,1727.347993653696,-169.05523453119736,0.2742510641401357
2024-04-23,Arsenal,Chelsea,H,1722.938867813069,1562.3175204527588,225.6213473603102,0.7856297352645041
2024-04-24,Crystal Palace,Newcastle,H,1487.2897268589436,1600.2564543557814,-47.96672749683785,0.43140558928536155
2024-04-24,Everton,Liverpool,H,1478.7262937195953,1732.8330149364988,-189.10672121690345,0.25188467629576755
2024-04-24,Man United,Sheffield United,H,1612.727525997578,1347.3444671544244,330.38305884315355,0.8700993830779922
2024-04-24,Wolves,Bournemouth,A,1500.4621314092756,1480.7041695837818,84.7579618254938,0.619613026978136
2024-04-25,Brighton,Man City,A,1546.3443218078055,1789.3732070194756,-178.02888521167006,0.26409023933294534
2024-04-27,Aston Villa,Chelsea,D,1629.9780914443477,1558.0301151580488,136.94797628629885,0.6874739090853963
2024-04-27,Everton,Brentford,H,1493.68860019368,1504.482053048149,54.206547145530976,0.5773826280210014
2024-04-27,Fulham,Crystal Palace,D,1487.8077378396958,1498.6616150732364,54.146122766459484,0.5772977509006222
2024-04-27,Man United,Burnley,D,1615.325538336018,1405.312272024791,275.0132663112272,0.8296436170432481
2024-04-27,Newcastle,Sheffield United,H,1588.8845661414887,1344.7464548159842,309.1381113255045,0.8556403050794197
2024-04-27,West Ham,Liverpool,D,1513.7285755418882,1717.870708462414,-139.1421329205259,0.3098188125479994
2024-04-27,Wolves,Luton,H,1488.0698708697128,1430.4199898557724,122.64988101394033,0.669523224803426
2024-04-28,Bournemouth,Brighton,H,1493.0964301233446,1541.0625170211465,17.033913102198085,0.5244941491060078
2024-04-28,Nott'm Forest,Man City,A,1441.6138875298698,1794.6550118061346,-288.0411242762648,0.16001748342899735
2024-04-28,Tottenham,Arsenal,A,1614.56021522254,1727.226273107779,-47.66605788523907,0.43183019422575264
2024-05-02,Chelsea,Tottenham,H,1561.7795933397567,1605.9236113380248,20.855982001731945,0.5299781716335318
2024-05-03,Luton,Everton,D,1423.810454351841,1502.14094763326,-13.330493281419194,0.48082528630518045
2024-05-04,Arsenal,Bournemouth,H,1735.862876992294,1502.6065471412244,298.2563298510697,0.8477292925548168
2024-05-04,Brentford,Fulham,D,1496.029705608569,1486.2617828216835,74.76792278688549,0.6059688848811925
2024-05-04,Burnley,Newcastle,A,1411.9051443656558,1591.7717600399003,-114.86661567424449,0.3404643979024292
2024-05-04,Man City,Wolves,H,1797.8553614747145,1494.6794063736443,368.17595510107026,0.8927736603296124
2024-05-04,Sheffield United,Nott'm Forest,A,1341.8592609175726,1438.4135378612898,-31.55427694371724,0.454714188068448
2024-05-05,Brighton,Aston Villa,H,1531.5524000032667,1626.2286132626398,-29.67621325937307,0.45739605459379334
2024-05-05,Chelsea,West Ham,H,1571.180029907086,1517.5321992909282,118.64783061615776,0.664406112117645
2024-05-05,Liverpool,Tottenham,H,1714.067084713374,1596.5231747706955,182.5439099426785,0.740929876417603
2024-05-06,Crystal Palace,Man United,H,1500.2075700912487,1608.7326659951532,-43.52509590390446,0.4376879841772107
2024-05-11,Bournemouth,Brentford,A,1499.5611329923206,1493.9103279109452,70.65080508137544,0.6002960318505075
2024-05-11,Everton,Sheffield United,H,1501.7574533593638,1332.7649771562035,233.99247620316032,0.793633649923075
2024-05-11,Fulham,Man City,A,1488.3811605193073,1799.9998882681223,-246.618727748815,0.1947162207928676
2024-05-11,Newcastle,Brighton,D,1598.5810479979489,1542.404478911391,121.17656908655795,0.6676439978329419
2024-05-11,Nott'm Forest,Chelsea,A,1447.5078216226589,1577.891907664733,-65.38408604207416,0.40700003836426984
2024-05-11,Tottenham,Burnley,H,1591.3417722990475,1405.0958564076072,251.2459158914403,0.8094264577706641
2024-05-11,West Ham,Luton,H,1510.8203215332812,1424.1939486257372,151.626372907544,0.705334545977211
2024-05-11,Wolves,Crystal Palace,A,1492.5348795802365,1511.4538104077046,46.0810691725319,0.565929846009487
2024-05-12,Man United,Arsenal,A,1597.4864256786973,1738.9082911411979,-76.42186546250059,0.3917601222502938
2024-05-13,Aston Villa,Liverpool,D,1615.3765343545156,1719.248487185022,-38.871952830506416,0.44429101851298775
2024-05-14,Tottenham,Man City,A,1595.1532431436342,1803.8942126839797,-143.74096954034553,0.304186739219997
2024-05-15,Brighton,Chelsea,A,1545.7573588680498,1586.0319084320183,24.72545043603145,0.5355228348179135
2024-05-15,Man United,Newcastle,H,1589.6512232336913,1595.22816804129,59.42305519240131,0.5846924379248368
2024-05-19,Arsenal,Everton,H,1746.7434935862038,1505.8847803609024,305.85871322530147,0.8532928375689164
2024-05-19,Brentford,Newcastle,A,1505.9162485479553,1586.9220167997867,-16.00576825183134,0.47698212910703996
2024-05-19,Brighton,Man United,A,1535.0469021716915,1597.9573744751947,2.089527696496816,0.503007035823674
2024-05-19,Burnley,Nott'm Forest,A,1401.2843855630206,1439.3678208553736,26.916564707647012,0.5386587390335097
2024-05-19,Chelsea,Bournemouth,H,1596.7423651283766,1487.5552123553105,174.18715277306615,0.7315894635062605
2024-05-19,Crystal Palace,Aston Villa,H,1522.7724073278944,1616.4907139842558,-28.718306656361392,0.4587649023977371
2024-05-19,Liverpool,Wolves,H,1718.1343075552818,1481.2162826600468,301.918024895235,0.8504302881463258
2024-05-19,Luton,Fulham,A,1418.3006395452815,1484.4868361034498,-1.1861965581683762,0.49829293256262813
2024-05-19,Man City,West Ham,H,1809.9779474683796,1516.713630613737,358.26431685464263,0.8871880995340983
2024-05-19,Sheffield United,Tottenham,A,1328.637650154665,1589.0695083592343,-195.43185820456938,0.24508571463106185
2024-08-16,Man United,Fulham,H,1608.017515191668,1494.4526947547024,178.56482043696565,0.7365089010647463
2024-08-17,Arsenal,Wolves,H,1749.6776368348255,1478.2248884229732,336.4527484118523,0.8739977136726607
2024-08-17,Everton,Brighton,A,1502.9506371122807,1524.9867614552181,42.963875657062545,0.5615167394615052
2024-08-17,Ipswich,Liverpool,A,1500.0,1721.1257017923554,-156.12570179235536,0.2893111858698216
2024-08-17,Newcastle,Southampton,H,1596.4616593819273,1379.8531990646738,281.6084603172535,0.8349424510495705
2024-08-17,Nott'm Forest,Bournemouth,D,1450.1409956360437,1482.1870016254356,32.953994010608085,0.5472829030042301
2024-08-17,West Ham,Aston Villa,A,1514.457392604419,1605.6660120322106,-26.20861942779152,0.4623541438245044
2024-08-18,Brentford,Crystal Palace,H,1496.3766059658146,1533.5971092799396,27.779496685875074,0.5398929346071406
2024-08-18,Chelsea,Man City,A,1602.1105758582514,1812.2341854776976,-145.12360961944614,0.30250476549372085
2024-08-19,Leicester,Tottenham,D,1462.4982774119574,1593.9712226518554,-66.47294523989808,0.4054881419747541
2024-08-24,Aston Villa,Arsenal,A,1614.9130949087007,1752.1976825613724,-72.28458765267169,0.39744951492594627
2024-08-24,Brighton,Man United,H,1536.2170962444482,1613.2873371703731,-12.070240925924963,0.48263651194660173
2024-08-24,Crystal Palace,West Ham,A,1524.3949679720824,1505.210309727929,84.18465824415352,0.6188348872239686
2024-08-24,Fulham,Leicester,H,1489.1828727759973,1464.3885145724623,89.79435820353501,0.626422100465842
2024-08-24,Man City,Ipswich,H,1818.284280787572,1494.2137762826035,389.07050450496854,0.9037557460670498
2024-08-24,Southampton,Nott'm Forest,A,1376.5520480856653,1449.1953375759592,-7.64328949029391,0.4890021963427579
2024-08-24,Tottenham,Everton,H,1592.0809854913505,1491.7203023230506,165.36068316829983,0.7214956378676277
2024-08-25,Bournemouth,Newcastle,D,1483.1326596855201,1599.7628103609359,-51.630150675415734,0.4262403874480635
2024-08-25,Liverpool,Brentford,H,1726.9119255097519,1505.5787472736718,286.33317823608013,0.8386565941119954
2024-08-25,Wolves,Chelsea,A,1475.7048426964263,1596.060480548377,-55.35563785195063,0.4210041384393097
2024-08-31,Arsenal,Brighton,D,1760.1466728598914,1546.5643660055161,278.58230685437525,0.8325277191316308
2024-08-31,Brentford,Southampton,H,1502.3518791559118,1366.7720041588102,200.57987499710157,0.7603556937751935
2024-08-31,Everton,Bournemouth,A,1486.150215080403,1484.607851936559,66.54236314384411,0.5946081853426067
2024-08-31,Ipswich,Fulham,D,1492.2888912039446,1496.6544307666804,60.634460437264124,0.5863847649413215
2024-08-31,Leicester,Aston Villa,A,1456.9169565817792,1606.9641046101817,-85.04714802840249,0.3799946959960722
2024-08-31,Nott'm Forest,Wolves,D,1458.9753815028143,1467.2847599276402,56.69062157517419,0.5808679561625578
2024-08-31,West Ham,Man City,A,1517.5870074724082,1820.209165866231,-237.6221583938227,0.2029653143060455
2024-09-01,Chelsea,Crystal Palace,D,1604.4805633171632,1512.0182702276031,157.46229308956003,0.7122682189198286
2024-09-01,Man United,Liverpool,A,1602.9400674093051,1730.1387936275119,-62.19872621820673,0.41143298343637225
2024-09-01,Newcastle,Tottenham,H,1598.287618109897,1597.6510727339978,65.63654537589923,0.5933506630162462
2024-09-14,Aston Villa,Everton,H,1614.5639985301032,1474.2580513735509,205.3059471565523,0.7652777668805573
2024-09-14,Bournemouth,Chelsea,A,1496.5000156434112,1600.2351989387666,-38.735183295355455,0.4444854108067704
2024-09-14,Brighton,Ipswich,D,1553.2149203881488,1490.5611959051182,127.6537244830306,0.6758651426965021
2024-09-14,Crystal Palace,Leicester,D,1516.2636346059996,1449.3170626618578,131.94657194414185,0.6812550540153621
2024-09-14,Fulham,West Ham,D,1498.3821260655068,1513.5277011862872,49.85442487921955,0.571257885325889
2024-09-14,Liverpool,Nott'm Forest,A,1738.3674532962393,1457.3580223795632,346.00943091667614,0.8799324238057015
2024-09-14,Man City,Brentford,H,1824.268472152352,1507.144765280408,382.123706871944,0.9002208499418409
2024-09-14,Southampton,Man United,A,1361.979118034314,1594.7114077405777,-167.7322897062636,0.2757694331519201
2024-09-15,Tottenham,Arsenal,A,1589.5180859943227,1753.4961184772587,-98.97803248293599,0.3612914311683278
2024-09-15,Wolves,Newcastle,A,1468.9021190508913,1606.420604849572,-72.51848579868079,0.39712711282661084
2024-09-21,Aston Villa,Wolves,H,1619.258443192492,1460.959576794359,223.298866398133,0.7833695428024071
2024-09-21,Crystal Palace,Man United,D,1512.6385335256923,1600.2267964036162,-22.588262877923853,0.46753860026879107
2024-09-21,Fulham,Newcastle,H,1496.9569683589891,1614.3631471061044,-52.40617874711529,0.4251482585364932
2024-09-21,Leicester,Everton,D,1452.9421637421651,1469.563606711162,48.37855703100308,0.5691758317218641
2024-09-21,Liverpool,Bournemouth,H,1720.7688048201253,1487.6103074272758,298.15849739284954,0.8476565820325851
2024-09-21,Southampton,Ipswich,D,1356.4637293712756,1494.0784987590482,-72.61476938777264,0.3969944227372324
2024-09-21,Tottenham,Brentford,H,1582.2922573709561,1505.1491822792448,142.14307509171135,0.6938628925050438
2024-09-21,West Ham,Chelsea,A,1514.952858892805,1609.124907154902,-29.172048262097178,0.45811642712859846
2024-09-22,Brighton,Nott'm Forest,D,1549.6976175342188,1474.9566708556772,139.7409466785416,0.6909177901843226
2024-09-22,Man City,Arsenal,D,1826.264055153515,1760.7219471006254,130.54210805288972,0.6794969124842068
2024-09-28,Arsenal,Leicester,H,1764.3118853503095,1451.558647107728,377.7532382425816,0.8979381728591533
2024-09-28,Brentford,West Ham,D,1499.0264401293457,1505.790530350233,58.23590977911272,0.5830320610752137
2024-09-28,Chelsea,Brighton,H,1618.287235697474,1545.8792617305323,137.40797396694165,0.6880425499226845
2024-09-28,Everton,Crystal Palace,H,1470.9471233455993,1513.2877615203165,22.659361825282758,0.532563286712263
2024-09-28,Newcastle,Man City,D,1602.8661122768342,1822.674116903831,-154.80800462699676,0.29087328483291447
2024-09-28,Nott'm Forest,Fulham,A,1478.7750266593637,1508.4540031882593,35.321023471104354,0.5506566438018923
2024-09-28,Wolves,Liverpool,A,1456.626967650407,1723.8156731794736,-202.1887055290665,0.23796085356684804
2024-09-29,Ipswich,Aston Villa,D,1492.018387213793,1623.591052336444,-66.57266512265096,0.4053497685903644
2024-09-29,Man United,Tottenham,A,1599.577568408992,1588.4149995208552,76.16256888813678,0.6078841500500869
2024-09-30,Bournemouth,Southampton,H,1484.5634390679274,1358.5238409165308,191.0395981513966,0.7502062004944607
2024-10-05,Arsenal,Southampton,H,1766.3531218931264,1353.52796492642,477.82515696670634,0.9399462505916144
2024-10-05,Brentford,Wolves,H,1497.3657989078415,1451.8677505790702,110.49804832877135,0.6538663265961925
2024-10-05,Crystal Palace,Liverpool,A,1503.9390272545618,1728.5748902508105,-159.63586299624876,0.2851743547068274
2024-10-05,Everton,Newcastle,D,1480.295857611354,1607.048646580176,-61.75278896882196,0.41205474373072437
2024-10-05,Leicester,Bournemouth,H,1449.517410564911,1489.5593150580382,24.958095506872723,0.5358559321771539
2024-10-05,Man City,Fulham,H,1818.4915826004892,1519.4671360642972,364.02444653619204,0.8904643655090465
2024-10-05,West Ham,Ipswich,H,1507.4511715717372,1493.9113918419857,78.53977972975144,0.6111411005956466
2024-10-06,Aston Villa,Man United,D,1621.6980477082511,1587.4198854079903,99.27816230026087,0.6391071539441399
2024-10-06,Brighton,Tottenham,H,1539.640112728986,1600.572682521857,4.067430207129064,0.5058532352004818
2024-10-06,Chelsea,Nott'm Forest,D,1624.5263846990204,1467.7618937833258,221.76449091569452,0.7818668885435996
2024-10-19,Bournemouth,Arsenal,H,1480.2764337015813,1767.554196881294,-222.2777631797128,0.2176296154172562
2024-10-19,Fulham,Aston Villa,A,1517.276423374478,1618.9159046293682,-36.63948125489014,0.4474661494329183
2024-10-19,Ipswich,Everton,A,1486.1342138538987,1482.0547627367396,69.07945111715912,0.5981237064933245
2024-10-19,Man United,Brentford,H,1590.2020284868731,1504.2884723759178,150.91355611095537,0.7044810068006206
2024-10-19,Newcastle,Brighton,A,1605.2897414547904,1549.5230480249763,120.76669342981404,0.6671202431565236
2024-10-19,Southampton,Leicester,A,1352.3268899382524,1458.800291921368,-41.47340198311554,0.44059685835024853
2024-10-19,Tottenham,West Ham,H,1590.6897472258665,1515.2283495598242,140.46139766604233,0.6918027349586909
2024-10-20,Liverpool,Chelsea,H,1734.278377344947,1618.8890469281484,180.38933041679866,0.7385420278525826
2024-10-20,Wolves,Man City,A,1444.945077110994,1820.6822952903083,-310.73721817931437,0.14322638714118033
2024-10-21,Nott'm Forest,Crystal Palace,H,1473.3992315541977,1498.2355401604252,40.163691393772524,0.5575440969970665
2024-10-25,Leicester,Nott'm Forest,A,1467.612229088373,1482.2483496142563,50.36387947411663,0.5719760077300687
2024-10-26,Aston Villa,Bournemouth,D,1627.8652276180267,1495.9238413932362,196.94138622479045,0.7565184496970879
2024-10-26,Brentford,Ipswich,H,1498.3780925119302,1474.1717397240322,89.20635278789791,0.6256296525310834
2024-10-26,Brighton,Wolves,D,1562.8654528881068,1442.0805493681703,185.7849035199365,0.744494945997812
2024-10-26,Everton,Fulham,D,1494.017236866606,1508.3271003858197,50.69013648078635,0.5724357375131163
2024-10-26,Man City,Southampton,H,1823.546823033132,1343.5149527712474,545.0318702618845,0.9584115840809473
2024-10-27,Arsenal,Liverpool,D,1751.906789189639,1739.5075367878956,77.39925240174352,0.6095797142361581
2024-10-27,Chelsea,Newcastle,H,1613.6598874852,1591.94733659166,86.71255089354008,0.6222613360598587
2024-10-27,Crystal Palace,Tottenham,H,1489.3864221003666,1596.8536925266926,-42.46727042632597,0.43918723806942567
2024-10-27,West Ham,Man United,H,1509.0644042589981,1596.1124083508607,-22.048004091862595,0.4683128955875506
2024-11-02,Bournemouth,Man City,H,1501.054210387178,1824.378591351513,-258.324380964335,0.18436722415876555
2024-11-02,Ipswich,Leicester,D,1466.684332774654,1456.1727089337717,75.5116238408823,0.6069906175872896
2024-11-02,Liverpool,Brighton,H,1741.6991310726187,1557.9755539681505,248.72357710446818,0.8071766415374975
2024-11-02,Newcastle,Arsenal,H,1584.392563312857,1749.715194904916,-100.322631592059,0.3595072426662014
2024-11-02,Nott'm Forest,West Ham,H,1493.6878697688576,1519.698146347247,38.989723421610506,0.5558763566772397
2024-11-02,Southampton,Everton,H,1342.6831844528663,1492.5685221163437,-84.88533766347746,0.38021417020423165
2024-11-02,Wolves,Crystal Palace,D,1446.9704482881266,1500.602677338978,11.367770949148507,0.5163537021190612
2024-11-03,Man United,Chelsea,D,1585.4786662626118,1621.214660764003,29.264005498608867,0.5420149784553815
2024-11-03,Tottenham,Aston Villa,H,1585.6374372880812,1622.7348586240848,27.902578663996337,0.5400689312638657
2024-11-04,Fulham,Brentford,H,1509.775815136082,1505.8654994613084,68.91031567477353,0.5978896529699541
2024-11-09,Brentford,Bournemouth,H,1497.8232925207076,1517.3668659040027,45.4564266167049,0.5650463343392477
2024-11-09,Brighton,Man City,H,1554.1190867989005,1808.0659358346884,-188.94684903578786,0.2520581357768808
2024-11-09,Crystal Palace,Fulham,A,1500.9297513813592,1517.8180220766828,48.11172930467637,0.5687991459432584
2024-11-09,Liverpool,Aston Villa,H,1745.5555982418687,1613.536237249362,197.01936099250656,0.7566011192064209
2024-11-09,West Ham,Everton,D,1510.815673480792,1480.1728055204283,95.64286796036367,0.634266573772628
2024-11-09,Wolves,Southampton,H,1446.6433742457455,1355.0789010487817,156.56447319696372,0.7112078620311457
2024-11-10,Chelsea,Arsenal,D,1622.0549603331106,1736.90533975824,-49.850379425129404,0.4287478183133551
2024-11-10,Man United,Leicester,H,1584.6383666935042,1458.3125212855175,191.32584540798666,0.7505148604009166
2024-11-10,Nott'm Forest,Newcastle,A,1502.5703426353127,1597.202418459533,-29.632075824220237,0.4574591129797118
2024-11-10,Tottenham,Ipswich,A,1594.836058662804,1464.5445204229081,195.29153823989577,0.7547648063580628
2024-11-23,Arsenal,Nott'm Forest,H,1735.480296124507,1493.4211603757185,307.05913574878855,0.8541557735280685
2024-11-23,Aston Villa,Crystal Palace,D,1608.6682596334906,1489.553768462494,184.11449117099664,0.742661536382404
2024-11-23,Bournemouth,Brighton,A,1508.6677925907877,1569.0779240833629,4.589868507424853,0.5066049675180769
2024-11-23,Everton,Brentford,D,1482.8581369958808,1506.5223658339225,41.33577116195829,0.5592078614940745
2024-11-23,Fulham,Wolves,A,1529.194004995548,1452.4192170051226,141.77478799042547,0.693412376515239
2024-11-23,Leicester,Chelsea,A,1453.3228184935358,1623.4800039668435,-105.15718547330766,0.35312444156815115
2024-11-23,Man City,Tottenham,A,1793.107098550226,1579.7407625356427,278.36633601458334,0.8323543099958781
2024-11-24,Ipswich,Man United,D,1479.6398165500693,1589.6280694854859,-44.98825293541654,0.4356161347617068
2024-11-24,Southampton,Liverpool,A,1349.3030582894046,1750.4235758577402,-336.1205175683356,0.1262130496229892
2024-11-25,Newcastle,West Ham,A,1606.3516007191272,1508.1303420053393,163.22125871378785,0.7190142242451355
2024-11-29,Brighton,Southampton,D,1579.2100234337245,1346.7787972969447,297.43122613677974,0.8471151702770082
2024-11-30,Brentford,Leicester,H,1507.706523063804,1446.2603296621728,126.44619340163126,0.6743404957723098
2024-11-30,Crystal Palace,Newcastle,D,1494.406999190142,1591.9713162342246,-32.5643170440826,0.4532729309759368
2024-11-30,Nott'm Forest,Ipswich,H,1490.5042758462798,1480.9274938548351,74.5767819914447,0.60570613621177
2024-11-30,West Ham,Arsenal,A,1522.510626490242,1738.3971806539457,-150.88655416370375,0.29555135400106475
2024-11-30,Wolves,Bournemouth,A,1466.2874645354275,1498.535693240426,32.75177129500139,0.5469944677983548
2024-12-01,Chelsea,Aston Villa,H,1630.5424927982065,1603.8150289058426,91.72746389236386,0.6290225266451961
2024-12-01,Liverpool,Man City,H,1752.9478368502,1776.4600123503085,41.48782449989153,0.5594236042540129
2024-12-01,Man United,Everton,H,1588.34039218072,1481.6739797659993,171.66641241472075,0.7287305233259738
2024-12-01,Tottenham,Fulham,D,1596.3878487355603,1515.3257574652432,146.06209127031707,0.698633885884842
2024-12-03,Ipswich,Crystal Palace,A,1473.0416165790705,1495.3415405706232,42.70007600844724,0.5611428130645298
2024-12-03,Leicester,West Ham,H,1439.747139577619,1516.5995994102207,-11.852459832601653,0.4829495529432186
2024-12-04,Arsenal,Man United,H,1744.308207733967,1593.7657817142006,215.54242601976648,0.7756966135685888
2024-12-04,Aston Villa,Brentford,H,1596.3954794387466,1514.2197131483579,147.17576629038876,0.6999819299005922
2024-12-04,Everton,Wolves,H,1476.2485902325188,1455.3475751794604,85.90101505305847,0.6211626465238667
2024-12-04,Man City,Nott'm Forest,H,1767.6484844353888,1498.3901531220445,334.25833131334434,0.8726000121926507
2024-12-04,Newcastle,Liverpool,D,1591.0367748537433,1761.7593647651197,-105.72258991137642,0.35238132749330614
2024-12-04,Southampton,Chelsea,A,1353.7211007024848,1637.9620422653024,-219.24094156281762,0.22062080088256256
2024-12-05,Bournemouth,Tottenham,H,1509.4755825963932,1592.4151710178635,-17.939588421470262,0.4742057762029565
2024-12-05,Fulham,Brighton,H,1519.29843518294,1572.2677200281844,12.030715154755626,0.517306674269782
2024-12-07,Aston Villa,Southampton,H,1602.3958408407348,1349.3086846848337,318.0871561559011,0.8618875808058402
2024-12-07,Brentford,Newcastle,H,1508.2193517463697,1593.989148303877,-20.769796557507334,0.47014541516503333
2024-12-07,Crystal Palace,Man City,D,1506.5643968319139,1770.1964841915358,-198.6320873596219,0.24169332673084334
2024-12-07,Man United,Nott'm Forest,A,1589.2797139855722,1495.8421533658975,158.43756061967474,0.7134174106355123
2024-12-08,Fulham,Arsenal,D,1528.9523016975443,1748.7942754625954,-154.84197376505108,0.29083295279690996
2024-12-08,Ipswich,Bournemouth,A,1461.8187603177798,1519.991467072334,6.827293245445844,0.5098240003246647
2024-12-08,Leicester,Brighton,D,1450.0881485187547,1562.6138535135801,-47.525704994825446,0.4320284346008409
2024-12-08,Tottenham,Chelsea,A,1581.8992865419227,1642.3744582829536,4.524828258969137,0.5065113831796577
2024-12-09,West Ham,Wolves,H,1506.258590469085,1447.7708281099376,123.48776235914738,0.6705895483819745
2024-12-14,Arsenal,Everton,D,1744.6109345185334,1483.8253373020416,325.78559721649185,0.8670787146917955
2024-12-14,Liverpool,Fulham,D,1758.806991314986,1533.1356426416062,290.6713486733797,0.8420071578468687
2024-12-14,Newcastle,Leicester,H,1583.3920566071777,1451.4475798267379,196.9444767804398,0.7565217266927439
2024-12-14,Nott'm Forest,Aston Villa,H,1510.1105015786077,1605.158089224618,-30.047587646010243,0.4568655327287285
2024-12-14,Wolves,Ipswich,A,1441.182619077577,1451.6222803112864,54.56033876629067,0.5778795013782638
2024-12-15,Brighton,Crystal Palace,A,1561.254422205597,1511.730530297297,114.5238919082999,0.6590924564994838
2024-12-15,Chelsea,Brentford,H,1652.5046859465467,1518.8164434430691,198.68824250347757,0.7583659137416192
2024-12-15,Man City,Man United,A,1765.0303507261526,1575.011365772862,255.01898495329056,0.812754313893205
2024-12-15,Southampton,Tottenham,A,1346.5464363009505,1571.7690588783296,-160.22262257737907,0.2844863188786428
2024-12-16,Bournemouth,West Ham,D,1530.1879470788274,1512.8467995014455,82.34114757738189,0.6163285861885178
2024-12-21,Aston Villa,Man City,H,1594.2953998791925,1748.7752644482885,-89.47986456909598,0.3740016547865695
2024-12-21,Brentford,Nott'm Forest,A,1513.9837617179016,1520.9731909240331,58.01057079386851,0.5827166812926294
2024-12-21,Crystal Palace,Arsenal,A,1524.9123794272866,1737.2693602246975,-147.35698079741087,0.2997990458139405
2024-12-21,Ipswich,Newcastle,A,1463.1798703388517,1588.2616220733228,-60.08175173447103,0.4143871158255041
2024-12-21,West Ham,Brighton,D,1515.1733712252158,1548.0725730756074,32.10079814960841,0.5460657555167224
2024-12-22,Everton,Chelsea,D,1491.1669115958775,1657.3373676717142,-101.17045607583668,0.3583842291679663
2024-12-22,Fulham,Southampton,D,1539.9757857985435,1340.8567099233776,264.1190758751659,0.8205961409790317
2024-12-22,Leicester,Wolves,A,1446.5780143605928,1429.6250290500118,81.95298531058097,0.6158000758509413
2024-12-22,Man United,Bournemouth,A,1591.2664520507262,1527.8613753550571,128.4050766956691,0.676811933782465
2024-12-22,Tottenham,Liverpool,A,1577.4587852559025,1751.9668481580486,-109.5080629021461,0.3474245868568118
2024-12-26,Bournemouth,Crystal Palace,D,1541.3976140307063,1518.9163985110079,87.48121551969848,0.6233008283203672
2024-12-26,Chelsea,Fulham,A,1654.5050522550735,1533.5638629789628,185.94118927611066,0.7446660423688621
2024-12-26,Liverpool,Leicester,H,1758.9153398951848,1434.262012843574,389.65332705161086,0.9040471729557927
2024-12-26,Man City,Everton,D,1736.2552975440199,1493.9992270125183,307.25607053150156,0.8542969395161453
2024-12-26,Newcastle,Aston Villa,H,1596.5493643898328,1606.815366783461,54.73399760637176,0.5781233343766338
2024-12-26,Nott'm Forest,Tottenham,H,1532.6275245498857,1570.5102935187663,27.117231031119445,0.5389457818997236
2024-12-26,Southampton,West Ham,A,1347.2686327429583,1514.2520561148813,-101.98342337192298,0.3573088436743167
2024-12-26,Wolves,Man United,H,1441.9410305670306,1577.730213375077,-70.78918280804646,0.39951285476533155
2024-12-27,Arsenal,Ipswich,H,1743.2653411409763,1454.8921280223417,353.37321311863457,0.8843392820374225
2024-12-27,Brighton,Brentford,D,1548.9938881859418,1502.329428092049,111.66446009389279,0.6553843914846964
2024-12-29,Crystal Palace,Southampton,H,1521.382415077415,1340.1224558694719,246.2599592079432,0.8049597419986433
2024-12-29,Everton,Nott'm Forest,A,1501.0851658028412,1541.8486089118912,24.23655689094994,0.5348227422049501
2024-12-29,Fulham,Bournemouth,D,1548.45718382634,1538.931597464299,74.52558636204094,0.6056357505655832
2024-12-29,Leicester,Man City,A,1432.3429563026898,1729.169358753697,-231.8264024510072,0.2084159790174122
2024-12-29,Tottenham,Wolves,D,1561.2892091567608,1453.950773471724,172.33843568503676,0.7294945759075729
2024-12-29,West Ham,Liverpool,A,1521.3982329883677,1760.834396436069,-174.43616344770135,0.26812915440870355
2024-12-30,Aston Villa,Brighton,D,1598.3778334709937,1545.8862003562479,117.49163311474581,0.6629204869245573
2024-12-30,Ipswich,Chelsea,H,1452.5789136630901,1639.6117314076962,-122.03281774460606,0.33126319261151316
2024-12-30,Man United,Newcastle,A,1565.7204704703836,1604.9868977023002,25.733572768083377,0.5369660150014205
2025-01-01,Brentford,Arsenal,A,1505.437115921743,1745.5785555002278,-175.14143957848478,0.2673332074402812
2025-01-04,Aston Villa,Leicester,H,1595.1194237325026,1428.1746367223416,231.944787010161,0.7916964277566935
2025-01-04,Bournemouth,Everton,H,1541.0443124756107,1490.3887109587422,115.6556015168685,0.6605547085378873
2025-01-04,Brighton,Arsenal,D,1549.144610094739,1750.9252196490334,-136.78060955429441,0.31273312685800525
2025-01-04,Crystal Palace,Chelsea,D,1525.2832202374423,1626.2369952599265,-35.95377502248425,0.44844226754917144
2025-01-04,Man City,West Ham,H,1733.3376783340452,1516.0356499001937,282.30202843385155,0.8354919359974756
2025-01-04,Southampton,Brentford,A,1336.2216507094447,1500.0904517729375,-98.86880106349281,0.36143654257243285
2025-01-04,Tottenham,Newcastle,A,1556.6993176386093,1615.7262180023286,5.973099636280722,0.5085951345771804
2025-01-05,Fulham,Ipswich,D,1546.3444688150284,1465.9536498108598,145.39081900416863,0.6978196853237982
2025-01-05,Liverpool,Man United,D,1766.196979524243,1554.9811501703552,276.2158293538878,0.8306197790323296
2025-01-06,Wolves,Nott'm Forest,A,1458.5406649898755,1552.5450637559902,-29.00439876611472,0.45835601085811484
2025-01-14,Brentford,Man City,D,1507.3191826243863,1736.6278396140958,-164.30865698970956,0.27972287344579216
2025-01-14,Chelsea,Bournemouth,D,1625.20584061091,1547.8332183048528,142.3726223060571,0.6941435043894598
2025-01-14,Nott'm Forest,Liverpool,D,1561.7121839731526,1759.5845839435965,-132.8723999704439,0.31758878392557643
2025-01-14,West Ham,Fulham,H,1512.745488620143,1542.3880751085526,35.357413511590494,0.5507084751893299
2025-01-15,Arsenal,Tottenham,H,1747.1798821861935,1546.5274149470656,265.6524672391279,0.8218919466810775
2025-01-15,Everton,Aston Villa,A,1483.5998051295,1599.2854951773686,-50.68569004786855,0.42757052713070953
2025-01-15,Leicester,Crystal Palace,A,1424.0085652774756,1526.3143748864588,-37.30580960898328,0.4465180038359976
2025-01-15,Newcastle,Wolves,H,1625.8981206938722,1449.373544772713,241.5245759211591,0.8006444768651204
2025-01-16,Ipswich,Brighton,A,1469.9100435173357,1552.8899475575788,-17.979904040243127,0.4741479121198295
2025-01-16,Man United,Southampton,H,1561.5935457510018,1328.992919857996,297.6006258930058,0.8472414193851765
2025-01-18,Arsenal,Aston Villa,D,1750.7420432525719,1607.8369057199827,207.90513753258915,0.7679547071800513
2025-01-18,Brentford,Liverpool,A,1511.7247251554704,1755.936359622108,-179.21163446663763,0.26276916692089974
2025-01-18,Leicester,Fulham,A,1415.0782052007555,1533.4022446123392,-53.324039411583726,0.4238574673932432
2025-01-18,Newcastle,Bournemouth,A,1629.8852311565697,1551.716088392642,143.16914276392777,0.6951161002524432
2025-01-18,West Ham,Crystal Palace,A,1521.7313191163564,1535.2447349631789,51.486584153177546,0.5735574876139532
2025-01-19,Everton,Tottenham,H,1475.048394586886,1542.9652538806872,-2.9168592938012807,0.49580240066370884
2025-01-19,Ipswich,Man City,A,1460.4270852749391,1732.2222970830117,-206.7952118080725,0.23318580693871305
2025-01-19,Man United,Brighton,A,1564.6487173632981,1562.3729057999753,67.2758115633228,0.5956255040892123
2025-01-19,Nott'm Forest,Southampton,H,1565.360408294641,1325.9377482456996,304.42266004894145,0.852254966561362
2025-01-20,Chelsea,Wolves,H,1621.3229705231208,1445.3864343100156,240.93653621310523,0.8001036327330264
2025-01-25,Bournemouth,Nott'm Forest,H,1565.618410397691,1568.3153089634138,62.303101434277096,0.5887125038311977
2025-01-25,Brighton,Everton,A,1574.2854158817595,1485.1323465736118,154.15306930814768,0.7083484567568283
2025-01-25,Liverpool,Ipswich,H,1761.191742960526,1455.7633691361648,370.4283738243612,0.8940085709006372
2025-01-25,Man City,Chelsea,H,1736.886013221786,1625.3208978684604,176.5651153533256,0.7342689178160526
2025-01-25,Southampton,Newcastle,A,1322.9828475769268,1615.9829091515207,-228.00006157459393,0.21207317269434536
2025-01-25,Wolves,Arsenal,A,1441.388506964676,1745.382949108971,-238.9944421442949,0.20169040712803027
2025-01-26,Aston Villa,West Ham,D,1613.1959998635837,1510.2601693640775,167.9358304995062,0.7244645130518653
2025-01-26,Crystal Palace,Brentford,A,1546.7158847154578,1506.4693418170525,105.24654289840532,0.6469930487403526
2025-01-26,Fulham,Man United,A,1541.8793939602042,1552.736207281514,54.1431866786902,0.5772936265106449
2025-01-26,Tottenham,Leicester,A,1532.8813018939613,1406.6010558528906,191.28024604107077,0.7504657077386774
2025-02-01,Bournemouth,Liverpool,A,1573.844160321067,1763.3115715425133,-124.46741122144635,0.3281659325731903
2025-02-01,Everton,Leicester,H,1499.2993157087483,1421.6103700076642,142.6889457010841,0.69452996066106
2025-02-01,Ipswich,Southampton,A,1453.6435405541774,1318.74138412304,199.90215643113743,0.7596441038503233
2025-02-01,Newcastle,Fulham,A,1620.2243726054076,1530.3335214299914,154.89085117541617,0.7092250742519921
2025-02-01,Nott'm Forest,Brighton,H,1560.0895590400378,1560.118446746623,64.97111229341476,0.5924260790041815
2025-02-01,Wolves,Aston Villa,H,1437.3546988221153,1608.7067096025464,-106.3520107804311,0.35155491592752025
2025-02-02,Arsenal,Man City,H,1749.4167572515316,1742.200634865465,72.21612238606667,0.6024560966010326
2025-02-02,Brentford,Tottenham,A,1519.4092027918596,1517.8719877391877,66.53721505267185,0.5946010418762533
2025-02-02,Man United,Crystal Palace,A,1564.2820798117268,1533.7760237406508,95.50605607107605,0.6340838639400187
2025-02-03,Chelsea,West Ham,H,1620.0062762247815,1514.7494596251147,170.25681659966676,0.7271234984672871
2025-02-12,Everton,Liverpool,D,1505.4087164955272,1769.874890193977,-199.4661736984499,0.24081443147919254
2025-02-14,Brighton,Chelsea,H,1551.9669683267066,1625.4638062554357,-8.496837928729065,0.4877745044955543
2025-02-15,Aston Villa,Ipswich,D,1595.7378079210969,1438.450658477171,222.28714944392595,0.7823795842526232
2025-02-15,Crystal Palace,Everton,A,1546.4577010194512,1510.5924278659434,100.86527315350781,0.6412117090325137
2025-02-15,Fulham,Nott'm Forest,H,1544.5180229150312,1568.2410374599542,41.27698545507701,0.5591244466680964
2025-02-15,Leicester,Arsenal,A,1415.5009692208853,1757.367635319511,-276.8666660986257,0.16885377403218238
2025-02-15,Man City,Newcastle,H,1734.2497567974856,1606.0398711203677,193.20988567711788,0.7525400573340166
2025-02-15,Southampton,Bournemouth,A,1333.9342662000465,1567.2808416696032,-168.34657546955668,0.27506375860214133
2025-02-15,West Ham,Brentford,A,1509.2919295944605,1507.5171819543345,66.77474764012595,0.5949305991867261
2025-02-16,Liverpool,Wolves,H,1764.691178823561,1450.3236005035649,379.367578319996,0.8987866777090323
2025-02-16,Tottenham,Man United,H,1529.7640085767127,1551.6004025329264,43.16360604378633,0.5617998035679178
2025-02-19,Aston Villa,Liverpool,D,1590.0902162360444,1766.7154452693803,-111.62522903333593,0.34466661577853513
2025-02-21,Leicester,Brentford,A,1412.1238937402416,1519.415793938069,-42.291900197827545,0.4394358979901303
2025-02-22,Arsenal,West Ham,A,1760.7447108001547,1497.393317610726,328.3513931894288,0.8687717840849669
2025-02-22,Aston Villa,Chelsea,H,1593.1968839204737,1615.2192963453467,42.97758757512702,0.5615361736998151
2025-02-22,Bournemouth,Wolves,A,1572.782116841646,1448.2993340577455,189.48278278390057,0.7485230339010247
2025-02-22,Everton,Man United,D,1523.4166620465937,1542.8363986042848,45.58026344230893,0.5652215255885675
2025-02-22,Fulham,Crystal Palace,A,1553.3355339816692,1533.6334668388008,84.70206714286837,0.6195371885927599
2025-02-22,Ipswich,Tottenham,A,1444.0982501622234,1538.5280125053544,-29.42976234313096,0.4577481721453313
2025-02-22,Southampton,Brighton,A,1328.4329910280037,1562.2114782367955,-168.77848720879183,0.27456826180310284
2025-02-23,Man City,Liverpool,A,1739.1989556508051,1763.608777584951,40.59017806585416,0.5581496453240564
2025-02-23,Newcastle,Nott'm Forest,H,1601.0906722670481,1559.4235263933163,106.6671458737319,0.6488585138840561
2025-02-25,Brighton,Bournemouth,H,1567.7028434728577,1557.8116561636255,74.89118730923224,0.6061382960210162
2025-02-25,Chelsea,Southampton,H,1606.450019819343,1322.9416257919415,348.50839402740144,0.8814439512213832
2025-02-25,Crystal Palace,Aston Villa,H,1546.024210610656,1601.9661604464775,9.05805016417844,0.5130326293998436
2025-02-25,Wolves,Fulham,A,1463.269794735766,1540.944790209814,-12.674995474048046,0.4817673031741611
2025-02-26,Brentford,Everton,D,1528.2045118978717,1522.1122315348223,71.09228036304944,0.6009056460958428
2025-02-26,Liverpool,Newcastle,H,1774.771770491432,1608.113501989367,231.65826850206508,0.7914243001046641
2025-02-26,Man United,Ipswich,H,1544.1408291160562,1434.9432867193168,174.19754239673944,0.7316012075186634
2025-02-26,Nott'm Forest,Arsenal,D,1552.4006966709974,1743.3692751184553,-125.96857844745796,0.326263570457209
2025-02-26,Tottenham,Man City,A,1547.682975948261,1728.035962744324,-115.35298679606308,0.3398359935230647
2025-02-27,West Ham,Leicester,H,1514.7687532924253,1403.335175780439,176.4335775119864,0.7341211496332141
2025-03-08,Brentford,Aston Villa,A,1526.186398975955,1592.2268130344744,-1.0404140585194455,0.498502728286959
2025-03-08,Brighton,Fulham,H,1575.5800775524374,1550.5801362732973,89.9999412791401,0.6266990025868088
2025-03-08,Crystal Palace,Ipswich,H,1555.763558022659,1429.5753108696902,191.18824715296887,0.7503665202338912
2025-03-08,Liverpool,Southampton,H,1778.9432844893388,1320.5705048163693,523.3727796729695,0.953147973560437
2025-03-08,Nott'm Forest,Man City,H,1555.8754252618533,1734.8326826147854,-113.95725735293217,0.34164081827825427
2025-03-08,Wolves,Everton,D,1453.6344486722828,1524.130344456739,-5.495895784456252,0.492091429809925
2025-03-09,Chelsea,Leicester,H,1608.8211407949152,1398.0175987731031,275.80354202181206,0.8302856137268964
2025-03-09,Man United,Arsenal,D,1549.5088049656829,1739.8945465275995,-125.38574156191657,0.3270014987427785
2025-03-09,Tottenham,Bournemouth,D,1540.8862560777995,1549.9344220840458,55.95183399375378,0.5798322124640608
2025-03-10,West Ham,Newcastle,A,1520.0863302997611,1603.9419879914603,-18.855657691699207,0.4728911369747966
2025-03-15,Bournemouth,Brentford,A,1551.531066333327,1516.2163444102157,100.31472192311139,0.6404822730528673
2025-03-15,Everton,West Ham,D,1523.9721730529375,1510.6285075602652,78.34366549267224,0.6108727807453578
2025-03-15,Ipswich,Nott'm Forest,A,1424.582641274368,1569.0426088962881,-79.45996762192021,0.38760081687887
2025-03-15,Man City,Brighton,D,1721.6654989803505,1583.0460975007013,203.61940147964924,0.7635293553572015
2025-03-15,Southampton,Wolves,A,1319.6334642875781,1453.7926200760844,-69.15915578850627,0.4017660118409242
2025-03-16,Arsenal,Chelsea,H,1736.434576502455,1612.2154285203774,189.21914798207763,0.7482372580251186
2025-03-16,Fulham,Tottenham,H,1543.1141163250334,1539.2896118285182,68.82450449651515,0.5977708884164369
2025-03-16,Leicester,Man United,A,1394.623311047641,1552.9687749908273,-93.34546394318636,0.3688066561873933
2025-04-01,Arsenal,Fulham,H,1741.4698313419526,1551.1586985567046,255.311132785248,0.8130101141645542
2025-04-01,Nott'm Forest,Man United,H,1576.7946252338654,1560.3449081145752,81.4497171192902,0.615114433541558
2025-04-01,Wolves,West Ham,H,1461.827940312903,1512.8459631751723,13.98197713773061,0.5201108270664934
2025-04-02,Bournemouth,Ipswich,A,1538.7214208722698,1416.8306249367906,186.89079593547922,0.7457040201149975
2025-04-02,Brighton,Aston Villa,A,1588.3166846078454,1602.1968676002136,51.11981700763181,0.5730410107641615
2025-04-02,Liverpool,Everton,H,1779.88032501813,1521.7547174380304,323.12560758009954,0.8653040017512932
2025-04-02,Man City,Leicester,H,1716.3949118732064,1387.247177923893,394.1477339493133,0.906268112124675
2025-04-02,Newcastle,Brentford,H,1613.3998107309562,1529.025989871273,149.3738208596833,0.7026324133085162
2025-04-02,Southampton,Crystal Palace,D,1311.5981440507596,1560.7562276179813,-184.15808356722164,0.2572905084262482
2025-04-03,Chelsea,Tottenham,H,1607.1801736808798,1531.245029596847,140.9351440840328,0.692383881045018
2025-04-05,Aston Villa,Nott'm Forest,H,1613.657687815497,1584.4923365630343,94.16535125246264,0.6322913414122425
2025-04-05,Crystal Palace,Brighton,H,1555.9020377865063,1576.8558643925621,44.04617339394417,0.563050121433195
2025-04-05,Everton,Arsenal,D,1519.0607974730563,1745.2096290586614,-161.1488315856052,0.2834022814984362
2025-04-05,Ipswich,Wolves,A,1431.7447053390906,1471.425723771573,25.31898156751754,0.5363725794571653
2025-04-05,West Ham,Bournemouth,D,1503.2481797165021,1523.8073404699699,44.44083924653228,0.5636089795166349
2025-04-06,Brentford,Chelsea,D,1523.0786381374432,1613.3324960599793,-25.2538579225361,0.4637206463163767
2025-04-06,Fulham,Liverpool,H,1547.4189008399958,1782.574244983104,-170.15534414310832,0.2729924155075603
2025-04-06,Man United,Man City,D,1552.6471967854063,1718.2695496307128,-100.62235284530652,0.3591100605019984
2025-04-06,Tottenham,Southampton,H,1525.0927072177474,1316.4523338822346,273.6403733355128,0.8285237331701758
2025-04-07,Leicester,Newcastle,A,1385.3725401663867,1619.347162464786,-168.97462229839925,0.2743434353999403
2025-04-12,Arsenal,Brentford,D,1740.8776746886301,1523.8042252111156,282.0734494775145,0.8353110049521109
2025-04-12,Brighton,Leicester,D,1568.116866821226,1379.8856714583878,253.2311953628382,0.8111830849805567
2025-04-12,Man City,Crystal Palace,H,1715.4517508407528,1564.6410353578424,215.81071548291038,0.7759652111368716
2025-04-12,Nott'm Forest,Everton,A,1577.1381633912792,1523.3927518430876,118.74541154819167,0.6645313478339098
2025-04-12,Southampton,Aston Villa,A,1313.022808545638,1621.011860987252,-242.98905244161392,0.19801336340252562
2025-04-13,Chelsea,Ipswich,D,1612.606908986307,1421.0172537499473,256.5896552363597,0.8141264036643279
2025-04-13,Liverpool,West Ham,H,1768.0340932932554,1501.9760001261695,331.0580931670859,0.8705379510943535
2025-04-13,Newcastle,Man United,H,1624.8340311727848,1555.4649955753664,134.36903559741836,0.6842754415353615
2025-04-13,Wolves,Tottenham,H,1482.1531753607164,1528.5222325543439,18.63094280637256,0.526786411674055
2025-04-14,Bournemouth,Fulham,H,1525.0795200603025,1561.9590525298445,28.120467530457972,0.5403804690976475
2025-04-16,Newcastle,Crystal Palace,H,1631.1485223420775,1560.1603395805798,135.98818276149768,0.6862856121387086
2025-04-19,Aston Villa,Newcastle,H,1624.9721282553026,1637.4228100993034,52.54931815599912,0.5750531066382353
2025-04-19,Brentford,Brighton,H,1530.5104453101578,1561.893205121615,33.61724018854284,0.548228683404208
2025-04-19,Crystal Palace,Bournemouth,D,1553.886051823354,1534.2719106783495,84.6141411450044,0.6194178780382477
2025-04-19,Everton,Man City,A,1536.6833787997657,1719.9324466180153,-118.24906781824961,0.33610590175875965
2025-04-19,West Ham,Southampton,D,1499.3867591480566,1309.0625412775876,255.32421787046906,0.8130215649711167
2025-04-20,Fulham,Chelsea,A,1552.7666619117974,1606.3243809130204,11.44228099877705,0.5164608152366827
2025-04-20,Ipswich,Arsenal,A,1427.2997818232338,1734.171454589588,-241.8716727663541,0.19903680013816588
2025-04-20,Leicester,Liverpool,A,1386.109333157999,1770.6233342713683,-319.51400111336943,0.13713759920900612
2025-04-20,Man United,Wolves,A,1549.1505044060737,1491.6174471272354,122.53305727883821,0.6693744111177892
2025-04-21,Tottenham,Nott'm Forest,A,1519.0579607878249,1563.8475364346011,20.210424353223743,0.5290523770770005
2025-04-22,Man City,Aston Villa,H,1726.6545646531906,1633.4710661225379,158.18349853065274,0.7131183050209866
2025-04-23,Arsenal,Crystal Palace,D,1738.1521905923512,1551.497694262589,251.6544963297622,0.8097889987643262
2025-04-26,Brighton,West Ham,H,1552.857778789699,1493.1263278486342,124.73145094106485,0.6721690845311178
2025-04-26,Chelsea,Everton,H,1616.653597217754,1529.9612607645904,151.69233645316353,0.7054134592766049
2025-04-26,Newcastle,Ipswich,H,1628.923872232068,1423.3190458204706,270.6048264115975,0.8260268925925401
2025-04-26,Southampton,Fulham,A,1315.32297257701,1542.4374456070639,-162.1144730300539,0.2822747552368952
2025-04-26,Wolves,Leicester,H,1505.0049353495913,1383.3665811738188,186.63835417577252,0.7454283574875203
2025-04-27,Bournemouth,Man United,D,1536.6602682391144,1535.7630161837178,65.89725205539662,0.593712721256356
2025-04-27,Liverpool,Tottenham,H,1773.3660862555485,1508.4769132462848,329.8891730092637,0.8697777066362986
2025-05-01,Nott'm Forest,Brentford,A,1574.4285839761412,1539.5458716420737,99.88271233406749,0.6399094400460529
2025-05-02,Man City,Wolves,H,1732.3921985527709,1510.096368199841,287.2958303529299,0.8394050135997615
2025-05-03,Arsenal,Bournemouth,A,1731.9564106170646,1534.7860138139872,262.17039680307744,0.8189387790385337
2025-05-03,Aston Villa,Fulham,H,1627.7334322229576,1548.0829407118017,144.6504915111559,0.696920281797815
2025-05-03,Everton,Ipswich,D,1524.0695299501226,1419.8395836723214,169.22994627780122,0.7259490666472256
2025-05-03,Leicester,Southampton,H,1378.275148323569,1309.6774774722721,133.59767085129693,0.6833153567396655
2025-05-04,Brentford,Man United,H,1552.3440604429948,1537.637270608845,79.70678983414973,0.6127363848558907
2025-05-04,Brighton,Newcastle,D,1559.4143970990767,1632.4033343802173,-7.988937281140579,0.4885050208881543
2025-05-04,Chelsea,Liverpool,H,1622.5453280322217,1775.9705321228225,-88.4252040906008,0.37542413450855594
2025-05-04,West Ham,Tottenham,D,1486.5697095392566,1505.8724673790107,45.69724216024588,0.5653869997512067
2025-05-05,Crystal Palace,Nott'm Forest,D,1557.6934742378755,1561.6303951752202,61.06307906265533,0.5869830569005713
2025-05-10,Bournemouth,Aston Villa,A,1551.164789394758,1633.7950265870013,-17.630237192243385,0.4746498038667005
2025-05-10,Fulham,Everton,A,1542.021346347758,1519.550548617178,87.47079773057999,0.6232867475362569
2025-05-10,Ipswich,Brentford,A,1424.358565005266,1560.0893327458768,-70.73076774061087,0.39959352804693427
2025-05-10,Southampton,Man City,D,1303.3437846070653,1735.6040982807756,-367.26031367371024,0.10773195822726334
2025-05-10,Wolves,Brighton,A,1506.8844684718363,1559.6442966813136,12.240171790522709,0.5176077391391843
2025-05-11,Liverpool,Arsenal,D,1763.4790148129937,1715.577635036294,112.90137977669974,0.6569907636621263
2025-05-11,Man United,West Ham,A,1529.891998305963,1485.2619695442324,109.6300287617305,0.6527345748901103
2025-05-11,Newcastle,Chelsea,H,1632.1734347979805,1635.0368453420506,62.13658945592988,0.5884803975773994
2025-05-11,Nott'm Forest,Leicester,D,1563.3700563132315,1384.6088411887758,243.7612151244557,0.8026915615093909
2025-05-11,Tottenham,Crystal Palace,A,1507.1802073740348,1555.9538130998642,16.226394274170616,0.5233346950694964
2025-05-16,Aston Villa,Tottenham,H,1643.2880226643354,1496.713513472645,211.57450919169037,0.7716974378836734
2025-05-16,Chelsea,Man United,H,1626.8064532935987,1516.8373068081607,174.96914648543793,0.7324724879181479
2025-05-18,Arsenal,Newcastle,H,1718.7174503095364,1640.4038268464324,143.31362346310402,0.6952923331066552
2025-05-18,Brentford,Fulham,A,1568.0812033068155,1529.5556113970329,103.52559190978263,0.6447271714065278
2025-05-18,Everton,Southampton,H,1532.0162835679032,1311.1891454425202,285.82713812538304,0.8382620420071613
2025-05-18,Leicester,Ipswich,H,1390.6626724189637,1416.3666944443273,39.295977974636344,0.5563115452231443
2025-05-18,West Ham,Nott'm Forest,A,1498.3166610420346,1557.3162250830437,6.00043595899092,0.5086344630294181
2025-05-19,Brighton,Liverpool,H,1569.9964514640972,1760.3391995397512,-125.34274807565407,0.32705596666303793
2025-05-20,Crystal Palace,Wolves,H,1566.420507001254,1496.5323136890527,134.88819331220134,0.6849207314839484
2025-05-20,Man City,Bournemouth,H,1727.7587374453208,1541.6717933174239,251.0869441278969,0.809285256483985
2025-05-25,Bournemouth,Leicester,H,1537.8574984471036,1399.536441514501,203.3210569326027,0.7632191328737405
2025-05-25,Fulham,Man City,A,1542.4501548251635,1731.573032315641,-124.12287749047755,0.32860334473148267
2025-05-25,Ipswich,West Ham,A,1407.4929253487903,1488.1439717814462,-15.651046432655903,0.4774915567397885
2025-05-25,Liverpool,Crystal Palace,D,1746.880318873012,1572.722092371575,239.15822650143696,0.7984613546993614
2025-05-25,Man United,Aston Villa,H,1511.4867565665238,1647.8540739066618,-71.36731734013802,0.3987147250756786
2025-05-25,Newcastle,Everton,A,1634.3096735085655,1535.25104272776,164.05863078080552,0.7199870541116989
2025-05-25,Nott'm Forest,Chelsea,A,1567.4889143436321,1632.1570035352356,0.33191080839651477,0.5004776579044528
2025-05-25,Southampton,Arsenal,A,1307.9543862826633,1724.8116036474032,-351.8572173647399,0.11655631945250905
2025-05-25,Tottenham,Brighton,A,1492.1474622303185,1583.4553321308365,-26.30786990051797,0.46221212366831993
2025-05-25,Wolves,Brentford,D,1490.2307283187317,1555.1866598786848,0.04406844004688537,0.500063419582862
2025-08-15,Liverpool,Bournemouth,H,1740.9110917790247,1542.5931157896289,263.3179759893958,0.8199162404232324
2025-08-16,Aston Villa,Newcastle,D,1635.8283684081755,1619.9099324263316,80.91843598184391,0.6143901306470145
2025-08-16,Brighton,Fulham,D,1592.699574604203,1535.8780879305339,121.82148667366914,0.6684672591079526
2025-08-16,Sunderland,West Ham,H,1500.0,1497.693802916242,67.30619708375798,0.5956676322164687
2025-08-16,Tottenham,Burnley,H,1482.9032197569522,1390.5112107823504,157.39200897460182,0.7121852946660692
2025-08-16,Wolves,Man City,A,1490.2294599270745,1738.1450992102707,-182.91563928319624,0.2586595859547903
2025-08-17,Chelsea,Crystal Palace,D,1642.1665566933248,1578.6913194655622,128.4752372277626,0.6769002704226695
2025-08-17,Man United,Arsenal,A,1523.5124620650101,1727.1427300364535,-138.63026797144335,0.31044922547898635
2025-08-17,Nott'm Forest,Brentford,H,1557.479361185543,1555.1879282703421,67.29143291520086,0.5956471625515346
2025-08-18,Leeds,Everton,H,1420.7978633918121,1549.650783809994,-63.85292041818184,0.40912906115721304
2025-08-22,West Ham,Chelsea,A,1489.6071555605713,1638.6285512848713,-84.02139572429996,0.38138681936471963
2025-08-23,Arsenal,Leeds,H,1733.3517145460332,1432.6152821686678,365.7364323773654,0.8914219042869973
2025-08-23,Bournemouth,Wolves,H,1538.9914405980935,1485.0562682079787,118.93517239011476,0.6647748212909141
2025-08-23,Brentford,Aston Villa,H,1547.1008715213727,1633.5405657952351,-21.439694273862415,0.4691849036792283
2025-08-23,Burnley,Sunderland,H,1384.754916675672,1508.0866473556707,-58.33173067999883,0.41683385054403405
2025-08-23,Man City,Tottenham,A,1743.3182909293664,1488.6595138636308,319.65877706573565,0.8629609876148945
2025-08-24,Crystal Palace,Nott'm Forest,D,1582.2293248740157,1565.5664179345124,81.66290693950327,0.6154049349887425
2025-08-24,Everton,Brighton,H,1537.8333650331383,1589.3302294220439,13.503135611094422,0.5194227958376999
2025-08-24,Fulham,Man United,D,1539.247433112693,1517.3034775554304,86.9439555572626,0.6225743915134212
2025-08-25,Newcastle,Liverpool,A,1622.197735039272,1744.51276697056,-57.315031931288104,0.41825720633319335
2025-08-30,Chelsea,Fulham,H,1646.2562876721656,1536.7959452824246,174.46034238974107,0.7318981578401518
2025-08-30,Leeds,Newcastle,D,1430.4437202544077,1613.832590912608,-118.3888706582004,0.33592635013554234
2025-08-30,Man United,Burnley,H,1519.7549653856988,1396.4182396647911,188.33672572090768,0.7472791599260317
2025-08-30,Sunderland,Brentford,H,1496.4233243665515,1557.7171734477881,3.706150918763342,0.5053333776207527
2025-08-30,Tottenham,Bournemouth,A,1505.9187336159287,1545.6959441722752,25.222789443653483,0.5362348776536197
2025-08-30,Wolves,Everton,A,1478.351764633797,1547.4449091163842,-4.0931444825871495,0.49410976408588275
2025-08-31,Aston Villa,Crystal Palace,A,1622.9242638688197,1579.921226174241,108.00303769457878,0.6506086028956434
2025-08-31,Brighton,Man City,H,1579.718685338798,1726.0590711770685,-81.34038583827055,0.3850345777323896
2025-08-31,Liverpool,Arsenal,H,1752.877911097224,1735.5232764602933,82.35463463693054,0.6163469448411146
2025-08-31,Nott'm Forest,West Ham,A,1567.8745166342871,1481.979419173277,150.8950974610102,0.7044588850366509
2025-09-13,Arsenal,Nott'm Forest,H,1727.8502153571155,1553.7853389335542,239.06487642356137,0.7983748674137975
2025-09-13,Bournemouth,Brighton,H,1556.4206417253477,1592.0179937841501,29.40264794119753,0.5422130854802859
2025-09-13,Brentford,Chelsea,D,1547.8238410002032,1651.6183245153627,-38.79448351515953,0.44440112455400393
2025-09-13,Crystal Palace,Sunderland,D,1592.9333982321539,1506.3166568141364,151.61674141801745,0.7053230226345456
2025-09-13,Everton,Aston Villa,D,1557.327104398102,1609.9120918109068,12.415012587195179,0.5178590387603975
2025-09-13,Fulham,Leeds,H,1531.4339084392275,1433.725193251697,162.70871518753052,0.7184177541445612
2025-09-13,Newcastle,Wolves,H,1610.5511179153189,1468.4695693520794,207.0815485632395,0.7671087939138175
2025-09-13,West Ham,Tottenham,A,1496.06859687401,1495.1940360628562,65.87456081115374,0.5936812126712036
2025-09-14,Burnley,Liverpool,A,1391.3638228633117,1760.5509722004017,-304.18714933709,0.1479158209760569
2025-09-14,Man City,Man United,H,1713.7597627317164,1524.8093821871782,253.95038054453812,0.8118163659779016
2025-09-20,Brighton,Tottenham,D,1582.8622554937558,1507.0676603162804,140.79459517747546,0.6922115328315728
2025-09-20,Burnley,Nott'm Forest,D,1388.4055064437905,1549.75283628183,-96.34732983803951,0.36479324261375135
2025-09-20,Fulham,Brentford,H,1537.0655533563363,1548.935818509123,53.129734847213285,0.5758693673764353
2025-09-20,Liverpool,Everton,H,1763.509288619923,1556.969923622894,271.539364997029,0.8267986257354829
2025-09-20,Man United,Chelsea,H,1521.0457095067363,1650.5063470064429,-64.46063749970654,0.4082836429043517
2025-09-20,West Ham,Crystal Palace,A,1484.1949726205858,1588.826937779463,-39.631965158877165,0.4432111154922007
2025-09-20,Wolves,Leeds,A,1463.8117452303557,1428.0935483345881,100.7181968957675,0.6410169086194247
2025-09-21,Arsenal,Man City,D,1731.8827180088397,1717.5234354121583,79.3592825966814,0.6122615990525521
2025-09-21,Bournemouth,Newcastle,D,1565.576380015742,1615.2089420370426,15.3674379786994,0.5221011101233054
2025-09-21,Sunderland,Aston Villa,D,1510.4231172668274,1610.2692725861148,-34.84615531928739,0.45001982507597044
2025-09-27,Brentford,Man United,H,1540.4532058566517,1532.8800366486494,72.57316920800235,0.6029482491889602
2025-09-27,Chelsea,Brighton,A,1638.6720198645298,1579.0180248371244,124.65399502740547,0.6720708255963209
2025-09-27,Crystal Palace,Liverpool,H,1597.691160089307,1766.9733161052134,-104.28215601590637,0.354275897688249
2025-09-27,Leeds,Bournemouth,D,1440.9138865069767,1565.1343578132758,-59.22047130629903,0.4155907669713115
2025-09-27,Man City,Burnley,H,1719.7686673932094,1391.1096415915156,393.6590258016938,0.9060288655636204
2025-09-27,Nott'm Forest,Sunderland,A,1547.048701134105,1511.422720765308,100.62598036879695,0.6408947454085092
2025-09-27,Tottenham,Wolves,D,1510.9118909729118,1450.991407057967,124.92048391494473,0.6724088244229862
2025-09-28,Aston Villa,Fulham,H,1609.2696690876342,1545.5481660088076,128.72150307882657,0.6772102350980003
2025-09-28,Newcastle,Arsenal,A,1615.6509642395088,1729.6374860277886,-48.98652178827979,0.4299661924757954
2025-09-29,Everton,West Ham,D,1553.5058961376035,1475.3307503107417,143.1751458268618,0.6951234237325137
2025-10-03,Bournemouth,Fulham,H,1563.446173152702,1539.0923707107677,89.35380244193425,0.6258284321659663
2025-10-04,Arsenal,West Ham,H,1738.2368098773045,1479.233218785392,324.00359109191254,0.8658919829674937
2025-10-04,Chelsea,Liverpool,H,1625.2306033526033,1754.0588340589784,-63.82823070637505,0.4091634193479151
2025-10-04,Leeds,Tottenham,A,1442.6020711675505,1507.463714484452,0.1383566830984364,0.5001991112619865
2025-10-04,Man United,Sunderland,H,1524.9390016324285,1524.2406156734783,65.69838595895021,0.593436553754769
2025-10-05,Aston Villa,Burnley,H,1615.725464385674,1389.230218902788,291.49524548288605,0.8426370657033037
2025-10-05,Brentford,Man City,A,1548.3942408728726,1721.648090081937,-108.25384920906436,0.34906327108053864
2025-10-05,Everton,Crystal Palace,H,1549.6034276629532,1610.605642135542,3.9977855274112244,0.5057530219510546
2025-10-05,Newcastle,Nott'm Forest,H,1607.0516403899928,1534.2308062259347,137.82083416405817,0.688552438311426
2025-10-05,Wolves,Brighton,D,1454.4395835464268,1592.4594413490508,-73.01985780262407,0.39643632950671737
2025-10-18,Brighton,Newcastle,H,1590.3881679391852,1613.2805916237644,42.10757631542083,0.5603027138027302
2025-10-18,Burnley,Leeds,H,1386.0829602168542,1432.5980889423108,18.484871274543366,0.526576796456488
2025-10-18,Crystal Palace,Bournemouth,D,1600.7207025745631,1570.9296045093827,94.79109806518045,0.6331284235262074
2025-10-18,Fulham,Arsenal,A,1531.608939354087,1740.9189702179547,-144.31003086386772,0.30349384191451945
2025-10-18,Man City,Everton,H,1728.6293555035477,1559.488367223932,234.1409882796156,0.7937736303749532
2025-10-18,Nott'm Forest,Chelsea,A,1528.001854992163,1637.047334965645,-44.04547997348186,0.43695086061124083
2025-10-18,Sunderland,Wolves,H,1516.1093467485737,1456.5108569562924,124.59848979228127,0.6720004035538379
2025-10-19,Liverpool,Man United,A,1742.2421024459368,1533.070270557333,274.1718318886037,0.8289579408099647
2025-10-19,Tottenham,Aston Villa,A,1517.4676967096918,1618.8727230716079,-36.40502636191604,0.44779985603736855
2025-10-20,West Ham,Brentford,A,1476.5510584447418,1541.412975451262,0.13808299347988395,0.5001987173910265
2025-10-24,Leeds,West Ham,H,1423.1296248714407,1466.5470840969213,21.58254077451943,0.5310198829369494
2025-10-25,Brentford,Liverpool,H,1551.4169497990824,1725.6629436297376,-109.24599383065515,0.3477666943734931
2025-10-25,Chelsea,Sunderland,A,1645.7863521778697,1522.6693386774969,188.11701350037288,0.7470402305070152
2025-10-25,Man United,Brighton,H,1549.6494293735323,1599.1821136631306,15.467315710401635,0.5222445630707546
2025-10-25,Newcastle,Fulham,H,1604.486645899819,1525.5390625157966,143.94758338402244,0.696064939739234
2025-10-26,Arsenal,Crystal Palace,H,1746.988847056245,1598.058134104039,213.93071295220602,0.7740782342873116
2025-10-26,Aston Villa,Man City,H,1627.8287201923551,1732.7538828960487,-39.92516270369356,0.4427946533775345
2025-10-26,Bournemouth,Nott'm Forest,H,1573.5921729799068,1519.2628377799383,119.32933519996845,0.6652802733956709
2025-10-26,Everton,Tottenham,A,1555.363839831431,1508.5116995889446,111.85214024248648,0.6556283590720623
2025-10-26,Wolves,Burnley,A,1449.9508650273692,1395.5514242877243,119.39944073964489,0.6653701331063401
2025-11-01,Brighton,Leeds,H,1589.6270049245456,1432.5092272127017,222.11777771184393,0.7822135363780358
2025-11-01,Burnley,Arsenal,A,1408.8588269498512,1751.5072823704988,-277.6484554206477,0.16822312726422967
2025-11-01,Crystal Palace,Brentford,H,1593.5396987897852,1564.4616159116126,94.07808287817261,0.6321745361179165
2025-11-01,Fulham,Wolves,H,1519.4603613105812,1436.6434623652424,147.81689894533883,0.7007564218807162
2025-11-01,Liverpool,Aston Villa,H,1712.6182775172074,1638.9728271248046,138.64545039240284,0.689569483339553
2025-11-01,Nott'm Forest,Man United,D,1512.5684432478517,1559.2045381121172,18.363905135734512,0.5264032008244381
2025-11-01,Tottenham,Chelsea,A,1521.6242667703857,1630.8455475677295,-44.22128079734375,0.4367019016547224
2025-11-02,Man City,Bournemouth,H,1721.6097759635993,1580.2865675119933,206.32320845160598,0.766328001149193
2025-11-02,West Ham,Newcastle,H,1457.1674817556602,1610.5653471050343,-88.39786534937411,0.3754610365261717
2025-11-03,Sunderland,Everton,D,1537.6101432876371,1542.25127264999,60.358870637647215,0.5859999450862944
2025-11-08,Chelsea,Wolves,H,1639.579585600824,1430.6585908028567,273.9209947979673,0.8287531129038092
2025-11-08,Everton,Fulham,H,1543.9712715517157,1525.445232872967,83.52603867874882,0.617940195439206
2025-11-08,Sunderland,Arsenal,D,1535.8901443859113,1754.8717449157834,-153.98160052987214,0.29185550148931927
2025-11-08,Tottenham,Man United,D,1512.8902287372912,1559.732602128606,18.157626608685177,0.5261071607095319
2025-11-08,West Ham,Burnley,H,1469.6582610251369,1405.4943644045666,129.1638966205703,0.6777666664118249
2025-11-09,Aston Villa,Bournemouth,H,1632.7642167915956,1575.6131275349771,122.15108925661843,0.6688876119058934
2025-11-09,Brentford,Newcastle,H,1557.105106633971,1598.0745678355577,24.030538798413318,0.5345276842794677
2025-11-09,Crystal Palace,Brighton,D,1600.8962080674269,1593.982734196985,71.91347387044198,0.6020387641419652
2025-11-09,Man City,Liverpool,H,1726.2832159406155,1718.8268878504164,72.45632809019912,0.6027872185150387
2025-11-09,Nott'm Forest,Leeds,H,1512.040379231363,1428.1534979402625,148.8868812911005,0.7020464113969663
2025-11-22,Bournemouth,West Ham,D,1568.990879773095,1476.1029276969005,157.88795207619455,0.7127701254680145
2025-11-22,Brighton,Brentford,H,1596.0235094798243,1566.4145529483817,94.60895653144257,0.6328848494025991
2025-11-22,Burnley,Chelsea,A,1399.049697732803,1643.0045233427477,-178.9548256099447,0.2630556479343302
2025-11-22,Fulham,Sunderland,H,1517.804036781751,1540.053034356125,42.751002425625984,0.5612150048284137
2025-11-22,Liverpool,Nott'm Forest,A,1710.8826322207171,1517.9994510034237,257.88318121729344,0.8152505523392509
2025-11-22,Newcastle,Man City,H,1588.765121521147,1734.2274715703147,-80.46235004916775,0.3862320621018792
2025-11-22,Wolves,Crystal Palace,A,1427.233653060933,1598.8554327845875,-106.62177972365453,0.3512009888133184
2025-11-23,Arsenal,Tottenham,H,1750.7088549455698,1512.3680855231005,303.3407694224693,0.8514690546336854
2025-11-23,Leeds,Aston Villa,A,1422.1944261682017,1639.3864645534777,-152.19203838527596,0.2939891389174714
2025-11-24,Man United,Everton,A,1560.2547453427967,1551.6124676429317,73.64227769986496,0.6044206572636341
2025-11-29,Brentford,Burnley,H,1559.0722499364338,1393.7885847741163,230.28366516231745,0.7901150984372366
2025-11-29,Everton,Newcastle,A,1563.7008807882044,1601.0404802791095,27.66040050909487,0.5397226278322955
2025-11-29,Man City,Leeds,H,1721.9521128123522,1416.3146433898523,370.63746942249986,0.8941225714779342
2025-11-29,Sunderland,Bournemouth,H,1531.2773344526931,1564.7354772637348,31.541857188958375,0.5452680850302511
2025-11-29,Tottenham,Fulham,A,1509.3974666157742,1526.5797366851828,47.81772993059144,0.5683840092537729
2025-11-30,Aston Villa,Wolves,H,1645.2662473318271,1420.2096332846666,290.05661404716056,0.8415358311469368
2025-11-30,Chelsea,Arsenal,D,1648.2656363014344,1753.679473852896,-40.41383755146171,0.4421007114002348
2025-11-30,Crystal Palace,Man United,A,1605.879452560854,1548.166332197524,122.71312036332984,0.6696037668899183
2025-11-30,Nott'm Forest,Brighton,A,1534.3044620502087,1603.3658124917722,-4.061350441563491,0.49415551308824224
2025-11-30,West Ham,Liverpool,A,1480.3583302062607,1694.5776211739321,-149.21929096767144,0.2975534819306854
2025-12-02,Bournemouth,Everton,A,1555.6408389643398,1552.9064282315585,67.73441073278127,0.5962611805513351
2025-12-02,Fulham,Man City,A,1537.9474168702582,1724.0696613827936,-121.12224451253542,0.3324253963820525
2025-12-02,Newcastle,Tottenham,D,1611.8349328357554,1498.0297864306988,178.80514640505658,0.736777286041789
2025-12-03,Arsenal,Brentford,H,1752.5214880809008,1563.269947967689,254.25154011321183,0.8120810679674955
2025-12-03,Brighton,Aston Villa,A,1613.248922753537,1648.4355307088883,29.813392044648708,0.5427999216269876
2025-12-03,Burnley,Crystal Palace,A,1389.5908867428611,1592.4873772230555,-137.89649048019442,0.3113541745270194
2025-12-03,Leeds,Chelsea,H,1414.197094819411,1649.4236220734297,-170.22652725401872,0.272911098426225
2025-12-03,Liverpool,Sunderland,D,1700.5286908125458,1540.3719727520881,225.1567180604577,0.7851789430621743
2025-12-03,Wolves,Nott'm Forest,A,1417.0403499076053,1524.4213517884439,-42.38100188083854,0.43930955564932034
2025-12-04,Man United,West Ham,D,1561.5584075353224,1474.407260567647,152.15114696767546,0.7059620012930795
2025-12-06,Aston Villa,Arsenal,H,1659.291529141428,1756.279866721551,-31.98833758012279,0.45409471926784023
2025-12-06,Bournemouth,Chelsea,D,1543.715615353313,1634.881844041954,-26.166228688641013,0.4624148037302688
2025-12-06,Everton,Nott'm Forest,H,1564.8316518425852,1533.2075429014303,96.62410894115487,0.6355758686104123
2025-12-06,Leeds,Liverpool,D,1428.7388728508865,1694.8251119513025,-201.08623910041592,0.2391135773016749
2025-12-06,Man City,Sunderland,H,1730.7181693104346,1546.0755516133315,249.6426176971031,0.8079987183748187
2025-12-06,Newcastle,Burnley,H,1607.0993871149196,1383.3638032523208,288.7355838625988,0.8405191156467781
2025-12-06,Tottenham,Brentford,H,1502.7653321515345,1559.5115693270388,8.253762824495652,0.5118758855223401
2025-12-07,Brighton,West Ham,D,1602.3929243209973,1478.5265005935087,188.8664237274886,0.74785457375124
2025-12-07,Fulham,Crystal Palace,A,1531.2989089426171,1598.7144607135958,-2.415551770978709,0.4965237975731137
2025-12-08,Wolves,Man United,A,1408.254158794619,1557.4391675094607,-84.18500871484184,0.38116463689846947
2025-12-13,Arsenal,Wolves,H,1745.3617611069076,1400.6308660566494,409.73089505025814,0.91361542775974
2025-12-13,Burnley,Fulham,A,1380.1741855652565,1521.3684329911548,-76.19424742589831,0.3920723841680185
2025-12-13,Chelsea,Everton,H,1634.1301401165595,1572.120134470377,127.01000564618244,0.6750528354726657
2025-12-13,Liverpool,Brighton,H,1689.607383497336,1597.4358328459725,157.17155065136353,0.711925095990628
2025-12-14,Brentford,Leeds,D,1549.7490870374857,1433.956601304853,180.7924857326327,0.7389899109149382
2025-12-14,Crystal Palace,Man City,A,1608.6449366650581,1734.5581949429384,-60.91325827788023,0.41322604296450705
2025-12-14,Nott'm Forest,Tottenham,H,1525.9190602736385,1512.5278144410877,78.3912458325508,0.6109378854587345
2025-12-14,Sunderland,Newcastle,H,1542.2355259808278,1610.289004801984,-3.0534788211562045,0.4956058038754455
2025-12-14,West Ham,Aston Villa,A,1483.4835920685334,1670.2096347560714,-121.72604268753798,0.3316545138961604
2025-12-15,Man United,Bournemouth,D,1565.0624602474302,1544.4673192787077,85.59514096872249,0.6207482185579776
2025-12-20,Bournemouth,Burnley,D,1546.8822836498673,1372.332737881896,239.54954576797127,0.7988236036156147
2025-12-20,Brighton,Sunderland,D,1591.674334765785,1552.3234099033189,104.35092486246617,0.645814657009155
2025-12-20,Everton,Arsenal,A,1565.6211911798302,1747.0894525517128,-116.46826137188259,0.33839715887112254
2025-12-20,Leeds,Crystal Palace,H,1438.7363995231517,1600.380415805768,-96.64401628261635,0.3643975892002851
2025-12-20,Man City,West Ham,H,1742.8227158022285,1476.8505017906102,330.97221401161823,0.8704822256937291
2025-12-20,Newcastle,Chelsea,D,1600.201120879493,1640.6290834071062,24.572037472386683,0.5353031633181284
2025-12-20,Tottenham,Liverpool,A,1504.7465721502624,1695.3688815775236,-125.62230942726114,0.32670187728072453
2025-12-20,Wolves,Brentford,A,1398.9031746118442,1544.9692888191869,-81.06611420734271,0.3854084865980907
2025-12-21,Aston Villa,Man United,H,1676.8427250339946,1562.6474958762706,179.19522915772404,0.7372125382762441
2025-12-22,Fulham,Nott'm Forest,H,1529.2098806745153,1533.7003025644638,60.50957811005151,0.5862103985265111
2025-12-26,Man United,Newcastle,H,1557.3917466417954,1599.4950576131303,22.89668902866515,0.5329033641934467
2025-12-27,Arsenal,Brighton,H,1753.8573957291353,1588.758041625602,230.09935410353341,0.7899390985828276
2025-12-27,Brentford,Bournemouth,H,1552.6774585511487,1540.905811577555,76.77164697359376,0.6087195591473401
2025-12-27,Burnley,Everton,D,1378.3092099542084,1558.8532480024078,-115.54403804819935,0.33958930424905676
2025-12-27,Chelsea,Aston Villa,A,1641.335146673469,1682.0984742684698,24.236672404999126,0.5348229076366894
2025-12-27,Liverpool,Wolves,H,1701.902919123138,1391.1950048798824,375.7079142432556,0.896854090923955
2025-12-27,Nott'm Forest,Man City,A,1525.424510534994,1745.4130712883539,-154.98856075335993,0.29065894584185764
2025-12-27,West Ham,Fulham,A,1474.2601463044848,1537.485672703985,1.7744736004997321,0.5025536505838286
2025-12-28,Crystal Palace,Tottenham,A,1587.6683675897737,1498.212534604648,154.45583298512565,0.7087083825058265
2025-12-28,Sunderland,Leeds,D,1555.239703043502,1451.448447739146,168.7912553043559,0.7254463775374109
2025-12-30,Arsenal,Aston Villa,H,1758.0586137574787,1692.7949324212036,130.2636813362751,0.6791477631843998
2025-12-30,Burnley,Newcastle,A,1381.5174238692273,1590.153124896999,-143.6357010277718,0.30431501323388943
2025-12-30,Chelsea,Bournemouth,D,1630.638688520735,1533.0802027605016,162.55848576023345,0.7182427795295868
2025-12-30,Man United,Wolves,D,1566.7336793579266,1389.1320866983615,242.60159265956509,0.8016322017640962
2025-12-30,Nott'm Forest,Everton,A,1519.6113316181568,1555.645034087389,28.96629753076786,0.5415895369234168
2025-12-30,West Ham,Brighton,D,1464.2090732928082,1584.5568235972585,-55.3477503044503,0.42101520623330896
2026-01-01,Brentford,Tottenham,D,1560.503067368202,1512.3867022547645,113.1163651134375,0.6572695973170847
2026-01-01,Crystal Palace,Fulham,D,1573.4941999396572,1547.5367457156617,90.95745422399546,0.6279875910016337
2026-01-01,Liverpool,Leeds,D,1703.9658373046589,1455.9573752898943,313.0084620147645,0.858370526134259
2026-01-01,Sunderland,Man City,D,1550.7307754927538,1751.226250205191,-135.49547471243727,0.31432534946299917
2026-01-03,Aston Villa,Nott'm Forest,H,1686.3778876848917,1508.7795408796885,242.59834680520316,0.8016292305530424
2026-01-03,Bournemouth,Arsenal,A,1537.4450583510934,1764.4756584937907,-162.03060014269727,0.2823725809900156
2026-01-03,Brighton,Burnley,H,1582.9771277219247,1375.4311236045496,272.5460041173751,0.8276268686423341
2026-01-03,Wolves,West Ham,H,1395.1647307336434,1465.788769168142,-5.624038434498516,0.4919070649330442
2026-01-04,Everton,Brentford,A,1566.4768248258572,1557.3576754218602,74.11914940399697,0.6050768107057907
2026-01-04,Fulham,Liverpool,D,1550.0964975356944,1696.7984267819736,-81.70192924627918,0.38454190047158177
2026-01-04,Leeds,Man United,D,1463.1247858125796,1560.7010353226447,-32.576249510065054,0.4532559088080649
2026-01-04,Man City,Chelsea,D,1747.512757194451,1626.2738329301433,186.2389242643078,0.7449917841865604
2026-01-04,Newcastle,Crystal Palace,H,1596.239425161677,1570.9344481196244,90.30497704205254,0.627109705601578
2026-01-04,Tottenham,Sunderland,D,1515.5320942011062,1554.4442685034937,26.087825697612516,0.537473000955801
2026-01-06,West Ham,Nott'm Forest,A,1455.6269104668029,1504.8121254907494,15.814784976053488,0.5227435994330277
2026-01-07,Bournemouth,Tottenham,H,1531.7976067312932,1514.7826341819903,82.01497254930291,0.6158844942382641
2026-01-07,Brentford,Sunderland,H,1569.459211635976,1555.1937285226097,79.26548311336637,0.6121334078282678
2026-01-07,Burnley,Man United,D,1371.9836609773963,1559.766153498806,-122.78249252140972,0.3303078916732497
2026-01-07,Crystal Palace,Aston Villa,D,1563.4766422316561,1690.3453030738308,-61.86866084217468,0.41189315910245294
2026-01-07,Everton,Wolves,D,1554.3752886117413,1405.3265894349825,214.04869917675887,0.7741969885147261
2026-01-07,Fulham,Chelsea,H,1552.4056595262628,1631.1736686138745,-13.768009087611745,0.4801966071315527
2026-01-07,Man City,Brighton,D,1742.6129215107198,1586.424590349078,221.18833116164183,0.7813007029378713
2026-01-07,Newcastle,Leeds,H,1603.6972310496453,1464.0596676364182,204.6375634132271,0.7645859393207745
2026-01-08,Arsenal,Liverpool,D,1770.1231101135909,1694.4892647914053,140.6338453221856,0.6920143474649088
2026-01-17,Chelsea,Brentford,H,1620.7776007565055,1577.2165434794108,108.56105727709473,0.6513384413083838
2026-01-17,Leeds,Fulham,H,1459.3513864228337,1562.8017273836317,-38.45034096079803,0.4448903153507652
2026-01-17,Liverpool,Burnley,D,1698.3295517407034,1375.3775031439313,387.9520485967721,0.9031942724288025
2026-01-17,Man United,Man City,H,1556.372311332271,1736.9869074519625,-115.61459611969144,0.3394982202269129
2026-01-17,Nott'm Forest,Arsenal,D,1515.2669974794098,1766.2828231642927,-186.01582568488288,0.25525227477744944
2026-01-17,Sunderland,Crystal Palace,H,1547.436396679175,1565.238779049607,47.19761762956796,0.5675080760541471
2026-01-17,Tottenham,West Ham,A,1507.1003240667555,1445.1720384781424,126.92828558861311,0.674949637625955
2026-01-18,Aston Villa,Everton,A,1688.5831662558799,1548.8913488414469,204.691817414433,0.7646421488938329
2026-01-18,Wolves,Newcastle,D,1410.810529205277,1608.4055122632299,-132.59498305795296,0.3179349833806163
2026-01-19,Brighton,Bournemouth,D,1592.0506044078354,1539.4799168465279,117.57068756130752,0.6630221688106467
2026-01-24,Bournemouth,Liverpool,H,1542.7403602227407,1690.2656662921274,-82.52530606938672,0.38342076502480926
2026-01-24,Burnley,Tottenham,D,1383.4413885925073,1493.6013313142364,-45.15994272172907,0.4353731656675222
2026-01-24,Fulham,Brighton,H,1551.699533690647,1588.7901610316226,27.909372659024484,0.5400786458025758
2026-01-24,Man City,Wolves,H,1723.7768718565007,1414.4518295376645,374.32504231883627,0.8961153650248898
2026-01-24,West Ham,Sunderland,H,1458.6710312306616,1556.086235158092,-32.41520392743041,0.4534856563513115
2026-01-25,Arsenal,Man United,A,1761.3878686598416,1569.5823469277327,256.8055217321089,0.8143143703719564
2026-01-25,Brentford,Nott'm Forest,A,1570.2433123055785,1520.161951983861,115.08136032171751,0.6598131272172146
2026-01-25,Crystal Palace,Chelsea,A,1556.58894057069,1627.7508319303379,-6.161891359647825,0.4911332551434852
2026-01-25,Newcastle,Aston Villa,A,1604.7642119308423,1673.2903232780031,-3.5261113471608496,0.49492569207907444
2026-01-26,Everton,Leeds,D,1564.1841918193236,1470.4535801158183,158.73061170350525,0.7137621859039042
2026-01-31,Brighton,Everton,D,1579.5917339476741,1559.9089481012454,84.68278584642871,0.6195110262106621
2026-01-31,Chelsea,West Ham,H,1637.5734970332076,1469.6013181036353,232.97217892957224,0.7926700655235778
2026-01-31,Leeds,Arsenal,A,1474.7288238338965,1745.1015812524024,-205.3727574185059,0.23465315700740544
2026-01-31,Liverpool,Newcastle,H,1677.9340815926237,1594.8656980892608,148.06838350336284,0.7010599036942315
2026-01-31,Wolves,Bournemouth,A,1412.3741368381623,1555.0719449222445,-77.69780808408223,0.3900113434673765
2026-02-01,Aston Villa,Brentford,A,1683.1888371195846,1557.0470497612341,191.14178735835048,0.7503164201629949
2026-02-01,Man United,Fulham,H,1585.868634335172,1560.8979607745955,89.97067356057642,0.626659586637479
2026-02-01,Nott'm Forest,Crystal Palace,D,1533.3582145282053,1546.7662754678204,51.5919390603849,0.5737058174533042
2026-02-01,Tottenham,Man City,D,1492.3087946275868,1725.854564556003,-168.54576992841612,0.2748351702551231
2026-02-02,Sunderland,Burnley,H,1545.1559482851183,1384.733925279157,225.42202300596136,0.7854364312700582
2026-02-06,Leeds,Nott'm Forest,H,1470.0357606937484,1531.8840981791393,3.151662514609143,0.5045354825497295
2026-02-07,Arsenal,Sunderland,H,1749.7946443925505,1549.4472196597171,265.34742473283336,0.8216347533078842
2026-02-07,Bournemouth,Aston Villa,D,1562.872171791592,1668.1825087163247,-40.31033692473261,0.4422476685320794
2026-02-07,Burnley,West Ham,A,1380.442653904558,1465.4547194141069,-20.012065509548847,0.47123212988914603
2026-02-07,Fulham,Everton,A,1553.4311525073451,1562.2991686254586,56.131983881886526,0.5800848388999487
2026-02-07,Man United,Tottenham,H,1593.3354426024223,1496.8120912224845,161.52335137993782,0.717035347725711
2026-02-07,Newcastle,Brentford,A,1588.8868961631454,1572.053378164494,81.83351799865136,0.6156373575607011
2026-02-07,Wolves,Chelsea,A,1404.5739099688146,1641.720095722736,-172.14618575392137,0.2707238631054827
2026-02-08,Brighton,Crystal Palace,A,1577.201513423461,1548.2403918168864,93.96112160657458,0.6320179637202753
2026-02-08,Liverpool,Man City,A,1683.9128835187391,1721.3512679611053,27.561615557633786,0.5395813589406869
2026-02-10,Chelsea,Leeds,D,1647.1345729848456,1479.945051042754,232.1895219420917,0.791928663229558
2026-02-10,Everton,Bournemouth,A,1573.9008654034576,1564.0272184209505,74.87364698250713,0.6061141906672641
2026-02-10,Tottenham,Newcastle,A,1491.1527981769987,1576.5741490119312,-20.421350834932582,0.4706451108495379
2026-02-10,West Ham,Man United,D,1474.8793620118897,1598.994735647908,-59.115373636018376,0.4157377116660122
2026-02-11,Aston Villa,Brighton,H,1667.0274620869664,1564.5611541490555,167.46630793791087,0.7239246667703322
2026-02-11,Crystal Palace,Burnley,A,1560.8807510912918,1371.0180113067752,254.86273978451663,0.812617397467567
2026-02-11,Man City,Fulham,H,1732.1428951399191,1541.8294557293461,255.31343941057298,0.8130121327401257
2026-02-11,Nott'm Forest,Wolves,D,1521.9748078301338,1399.159432706705,187.8153751234288,0.7467119659736011
2026-02-11,Sunderland,Liverpool,A,1545.8799147258749,1673.1212563399254,-62.2413416140505,0.4113735805138898
2026-02-12,Brentford,Arsenal,D,1584.3661253157081,1753.3619493263927,-103.9958240106846,0.35465305143310055
2026-02-18,Wolves,Arsenal,D,1404.093672026177,1750.4550103550548,-281.36133832887776,0.16525368883997718
2026-02-21,Aston Villa,Leeds,D,1672.5489687515596,1485.783624307345,251.76534444421463,0.8098872653024708
2026-02-21,Brentford,Brighton,A,1587.273064287046,1559.0396474844622,93.23341680258386,0.6310431837735984
2026-02-21,Chelsea,Burnley,D,1641.2959997202545,1387.2703592561265,319.02564046412795,0.8625294060258865
2026-02-21,Man City,Newcastle,H,1735.8826524851165,1585.987051228922,214.8956012561946,0.7750481051669285
2026-02-21,West Ham,Bournemouth,D,1476.5646077785696,1576.1495022342958,-34.58489445572627,0.45039208072823894
2026-02-22,Crystal Palace,Wolves,H,1544.6284031419405,1410.7885982493774,198.83980489256305,0.7585257540209219
2026-02-22,Nott'm Forest,Liverpool,A,1517.0405685106618,1681.348727950203,-99.30815943954121,0.36085301910519946
2026-02-22,Sunderland,Fulham,A,1537.6524431155972,1538.0896983841487,64.56274473144845,0.5918583492443663
2026-02-22,Tottenham,Arsenal,A,1481.739895960008,1743.7600841318545,-197.02018817184648,0.24339800391310057
2026-02-23,Everton,Man United,A,1561.7785815901123,1597.3094898812283,29.46909170888398,0.5423080226543477
2026-02-27,Wolves,Aston Villa,H,1405.9591133297959,1666.3512234455102,-195.39211011571433,0.2451280509331051
2026-02-28,Bournemouth,Sunderland,D,1575.1573438488606,1525.81527613071,114.3420677181507,0.6588572428095011
2026-02-28,Burnley,Brentford,A,1394.5209473766442,1574.652200611574,-115.13125323492977,0.34012240939485733
2026-02-28,Leeds,Man City,A,1491.9813696133945,1740.3816903817778,-183.40032076838338,0.2581249406398516
2026-02-28,Liverpool,West Ham,H,1688.565788332307,1477.5567661640048,276.0090221683022,0.8304522241048924
2026-02-28,Newcastle,Everton,A,1581.4880133322606,1550.9324211370254,95.55559219523525,0.6341500230075864
2026-03-01,Arsenal,Chelsea,H,1748.6280442101165,1634.0454115997368,179.58263261037973,0.7376443422908796
2026-03-01,Brighton,Nott'm Forest,H,1571.6605111599342,1509.823508128558,126.8370030313763,0.6748343439635855
2026-03-01,Fulham,Tottenham,H,1549.926865369036,1476.871935881746,138.0549294872901,0.6888413465927379
2026-03-01,Man United,Crystal Palace,H,1608.1556503343152,1549.457888061522,123.69776227279317,0.670856528773252
2026-03-03,Bournemouth,Brentford,D,1571.9801989926705,1581.4546487994712,55.52555019319925,0.5792342629910566
2026-03-03,Everton,Burnley,H,1563.6154215971771,1387.718499188747,240.8969224084301,0.800067158756274
2026-03-03,Leeds,Sunderland,A,1486.8188708005973,1528.9924209869,22.82644981369731,0.5328027182397337
2026-03-03,Wolves,Liverpool,H,1421.0565523111338,1691.956743850209,-205.9001915390752,0.23410833010914636
2026-03-04,Aston Villa,Chelsea,A,1651.2537844641722,1628.7982984455543,87.45548601861788,0.6232660517009978
2026-03-04,Brighton,Arsenal,A,1578.1638242806625,1753.875157364299,-110.71133308363642,0.3458558516522678
2026-03-04,Fulham,West Ham,A,1556.1500384371814,1474.1658106461027,146.98422779107864,0.6997503281984758
2026-03-04,Man City,Nott'm Forest,D,1745.544189194575,1503.3201950078296,307.22399418674536,0.854273954410417
2026-03-04,Newcastle,Man United,H,1568.8050128721088,1614.73851975885,19.06649311325873,0.5274113776849854
2026-03-05,Tottenham,Crystal Palace,A,1470.6487628136006,1542.875018636987,-7.226255823386509,0.48960208122180476
2026-03-14,Arsenal,Everton,H,1760.7922743973443,1567.6140784220518,258.1781959752925,0.8155061995970807
2026-03-14,Burnley,Bournemouth,D,1383.7198423638724,1570.3955137328494,-121.67567136897696,0.33171878964506996
2026-03-14,Chelsea,Newcastle,A,1641.2636194795743,1578.2567853184091,128.00683416116522,0.676310281786209
2026-03-14,Sunderland,Brighton,A,1539.6484753516947,1571.2467072476172,33.40176810407752,0.5479214608870346
2026-03-14,West Ham,Man City,D,1488.1608172100723,1738.4587101063667,-185.29789289629434,0.25603869953453434
2026-03-15,Crystal Palace,Leeds,D,1552.667060261423,1476.1628164358026,141.5042438256205,0.6930811913882267
2026-03-15,Liverpool,Tottenham,D,1676.6389104523919,1460.8567211891645,280.78218926322734,0.8342859101511511
2026-03-15,Man United,Aston Villa,H,1605.2867473125498,1638.7884634301522,31.498283882397573,0.5452058912924149
2026-03-15,Nott'm Forest,Fulham,D,1510.405674096038,1542.1550318732118,33.25064222282617,0.5477059621029103
2026-03-16,Brentford,Wolves,D,1583.0393340592923,1436.374385708951,211.66494835034132,0.7717891461785845
2026-03-20,Bournemouth,Man United,D,1567.0298895257508,1614.3826294867015,17.647260039049343,0.5253746309459492
2026-03-21,Brighton,Liverpool,H,1582.205136465358,1669.9531922493688,-22.74805578401083,0.46730961592154774
2026-03-21,Everton,Chelsea,H,1563.9242024139933,1627.7374138438502,1.1867885701431078,0.5017079194011534
2026-03-21,Fulham,Burnley,H,1543.10915111527,1387.085466570971,221.02368454429893,0.7811387123121079
2026-03-21,Leeds,Brentford,D,1480.0244402635672,1577.6035511357206,-32.57911087215348,0.45325182697016037
2026-03-22,Aston Villa,West Ham,H,1629.6925812560005,1493.0400432193817,201.6525380366188,0.7614790149082484
2026-03-22,Newcastle,Sunderland,A,1591.7829909541333,1528.690046133954,128.09294482017935,0.6764187867339436
2026-03-22,Tottenham,Nott'm Forest,A,1467.5424393921876,1509.4515548539798,23.090884538207774,0.533181613482173
2026-04-10,West Ham,Wolves,H,1488.2696235175467,1441.8101686325226,111.45945488502412,0.6551178092374408
2026-04-11,Arsenal,Bournemouth,A,1764.4821504054028,1566.5223969068318,262.959753498571,0.8196115638742554
2026-04-11,Brentford,Everton,D,1576.668587675124,1573.8900440259702,67.77854364915379,0.5963223373503541
2026-04-11,Burnley,Brighton,A,1382.7082408172132,1592.8589441469271,-145.1507033297139,0.3024718587986242
2026-04-11,Liverpool,Fulham,H,1659.2993845677997,1547.4863768690277,176.81300769877203,0.7345472549055608
2026-04-12,Chelsea,Man City,A,1617.7715722318733,1733.5794840970573,-50.807911865183996,0.4273983355022195
2026-04-12,Crystal Palace,Newcastle,H,1548.8054364336585,1578.2546152194545,35.55082121420401,0.5509839328706224
2026-04-12,Nott'm Forest,Aston Villa,D,1520.1151871236232,1634.4630009578354,-49.347813834212275,0.4294565265353827
2026-04-12,Sunderland,Tottenham,H,1542.2184218686327,1456.8788071225442,150.3396147460885,0.7037927175057233
2026-04-13,Man United,Leeds,A,1614.8901221056205,1480.9594037241638,198.9307183814567,0.7586215983467256
2026-04-18,Brentford,Fulham,D,1574.742140928117,1542.1773219671388,97.56481896097807,0.6368292008371492
2026-04-18,Chelsea,Man United,A,1609.2236055218289,1599.717690138686,74.50591538314279,0.6056087050101112
2026-04-18,Leeds,Wolves,H,1496.1318356910983,1434.9125248172713,126.219310873827,0.6740536168872225
2026-04-18,Newcastle,Bournemouth,A,1569.274293876867,1582.9146281843168,51.35966569255015,0.5733787807386579
2026-04-18,Tottenham,Brighton,D,1450.9546614726587,1598.9083813228997,-82.95371985024099,0.38283791262193023
2026-04-19,Aston Villa,Sunderland,H,1633.0521314885432,1548.1425675185183,149.90956397002492,0.7032763785762797
2026-04-19,Everton,Liverpool,A,1575.8164907729772,1664.6084394696886,-23.791948696711415,0.4658140532740758
2026-04-19,Man City,Arsenal,H,1742.1274508071017,1748.0899191279177,59.037531679183985,0.5841534421745691
2026-04-19,Nott'm Forest,Burnley,H,1521.5260565929154,1376.6588036412406,209.8672529516748,0.7699613570647034
2026-04-20,Crystal Palace,West Ham,D,1557.785757776246,1495.167267332798,127.61849044344808,0.6758207082872083
2026-04-21,Brighton,Chelsea,H,1596.5651395753382,1597.1114314216265,64.45370815371166,0.5917067204677651
2026-04-22,Bournemouth,Leeds,D,1594.38220379909,1502.6507633533538,156.7314404457361,0.7114052318382916
2026-04-22,Burnley,Man City,A,1372.0580307825346,1750.4443819636103,-313.3863511810757,0.14136522691939313
2026-04-24,Sunderland,Nott'm Forest,A,1542.2080950900438,1526.1268294516215,81.08126563842234,0.6146121725706877
2026-04-25,Arsenal,Newcastle,H,1739.772987971409,1557.806718262094,246.96626970931516,0.8055972872709983
2026-04-25,Fulham,Aston Villa,H,1544.9139059838817,1638.9866039170176,-29.07269793313594,0.4582584038845157
2026-04-25,Liverpool,Crystal Palace,H,1673.92472053517,1554.269343610502,184.6553769246682,0.7432561413298946
2026-04-25,West Ham,Everton,H,1498.6836814985422,1566.5002097074957,-2.816528208953514,0.49594677887104877
2026-04-25,Wolves,Tottenham,A,1428.3935971550159,1453.2979032202202,40.09569393479569,0.5574475347477965
2026-04-27,Man United,Brentford,H,1611.8298642388884,1572.005556911374,104.82430732751436,0.6464377222832498
2026-05-01,Leeds,Burnley,H,1506.8788679901197,1369.2307262441468,202.6481417459729,0.7625183969612899
2026-05-02,Arsenal,Fulham,H,1743.6610422259891,1555.7487379061913,252.91230431979784,0.8109017615953549
2026-05-02,Brentford,West Ham,H,1564.934311357039,1508.7647459211212,121.16956543591778,0.6676350517775647
2026-05-02,Newcastle,Brighton,H,1553.9186640075138,1604.7310051659829,14.187658841530947,0.5204063408981687
2026-05-02,Wolves,Sunderland,D,1417.24464646006,1529.91585163863,-47.67120517857006,0.43182292438505626
2026-05-03,Aston Villa,Tottenham,A,1628.151771994708,1464.446853915176,228.70491807953204,0.7886040326299496
2026-05-03,Bournemouth,Crystal Palace,H,1590.154099162324,1549.1344664370997,106.01963272522426,0.6480087916684615
2026-05-03,Man United,Liverpool,H,1618.9011097932234,1679.0595977085723,4.841512084651185,0.5069670450139899
2026-05-04,Chelsea,Nott'm Forest,A,1588.9455658309819,1538.4190729030352,115.52649292794672,0.6603880447611803
2026-05-04,Everton,Man City,D,1556.4191452849168,1753.2716865019981,-131.85254121708135,0.31886249557942886
2026-05-09,Brighton,Wolves,H,1595.1391319839463,1418.608187972359,241.53094401158728,0.8006503278384329
2026-05-09,Fulham,Bournemouth,A,1551.9667731380985,1597.1939233289547,19.772849809143736,0.5284247371278914
2026-05-09,Liverpool,Chelsea,D,1669.1989386088521,1575.7378049357583,158.46113367309385,0.7134451535744657
2026-05-09,Man City,Brentford,H,1749.6489364135866,1571.5816103214877,243.06732609209894,0.8020581806968752
2026-05-09,Sunderland,Man United,D,1528.5523101263311,1628.7617688929436,-35.20945876661244,0.4495022678854526
2026-05-10,Burnley,Aston Villa,D,1364.4810941833725,1612.379691342109,-182.8985971587365,0.2586783979979516
2026-05-10,Crystal Palace,Everton,D,1542.094642270469,1560.0418953733283,47.05274689714065,0.5673033793609004
2026-05-10,Nott'm Forest,Newcastle,D,1551.6268337982588,1563.5105371895504,53.11629660870835,0.5758504733634924
2026-05-10,West Ham,Arsenal,A,1502.1174469566724,1747.443006994082,-180.32556003740956,0.26152886293931216
2026-05-11,Tottenham,Leeds,D,1480.218934567775,1511.628500050894,33.59043451688103,0.5481904655737008
2026-05-13,Man City,Crystal Palace,H,1753.6077727996492,1540.748574683251,277.85919811639815,0.8319465508991029
2026-05-15,Aston Villa,Liverpool,H,1607.553259302068,1664.9300355373628,7.623223764705244,0.5109689406910599
2026-05-17,Brentford,Crystal Palace,D,1567.6227739354251,1537.387505701233,95.23526823419206,0.6337221178835595
2026-05-17,Everton,Sunderland,A,1561.3879629605462,1529.562264768622,96.82569819192418,0.635844606699769
2026-05-17,Leeds,Brighton,H,1512.592309362368,1599.1261254271776,-21.53381606480957,0.4690499682751821
2026-05-17,Man United,Nott'm Forest,H,1627.7518142506526,1550.1098243309889,142.64198991966373,0.6944726114814888
2026-05-17,Newcastle,West Ham,H,1565.0275466568203,1496.8868696978861,133.14067695893414,0.6827458176808242
2026-05-17,Wolves,Fulham,D,1414.6211945291277,1541.3982783955407,-61.77708386641302,0.4120208626514022
2026-05-18,Arsenal,Burnley,H,1752.6735842528683,1369.3075262234136,448.36605802945473,0.9296288801663041
2026-05-19,Bournemouth,Man City,D,1607.7624180715125,1756.9688417816672,-84.2064237101547,0.3811355595337916
2026-05-19,Chelsea,Tottenham,H,1580.0067080072477,1479.255125256301,165.75158275094668,0.721947566679669
2026-05-24,Brighton,Man United,A,1588.5071247926812,1633.8623620210228,19.644762771658407,0.5282409969568007
2026-05-24,Burnley,Wolves,D,1367.9001038267397,1416.3807772760997,16.519326550640017,0.5237553236733634
2026-05-24,Crystal Palace,Arsenal,A,1540.0619480589044,1754.0810066495421,-149.01905859063777,0.29779445560838075
2026-05-24,Fulham,Newcastle,H,1539.6386956485687,1571.3726303032038,33.26606534536495,0.5477279556105398
2026-05-24,Liverpool,Brentford,D,1655.1494143511839,1564.9483315777538,155.20108277343002,0.7095932205236453
2026-05-24,Man City,Aston Villa,A,1754.591552972343,1617.333880488247,202.25767248409602,0.7621111301662744
2026-05-24,Nott'm Forest,Bournemouth,D,1543.9992765606187,1610.1397068808367,-1.1404303202180017,0.49835879473494027
2026-05-24,Sunderland,Chelsea,H,1542.2791569026174,1585.5677566736542,21.711400228963157,0.5312046085796484
2026-05-24,Tottenham,Everton,H,1473.6940765898944,1548.671070826551,-9.976994236656537,0.48564589643960815
2026-05-24,West Ham,Leeds,H,1490.5417860515026,1523.2113099968644,32.33047605463821,0.5463934629492372
